2024-05-20 15:49:35,688 [Worker-2: Loading available Gradle versions] INFO  o.e.b.c.i.u.g.PublishedGradleVersions - Gradle version information cache is up-to-date. Trying to read.
2024-05-20 15:54:25,911 [Worker-11: Import Getting Started Content] INFO  o.e.m.c.i.l.LifecycleMappingFactory - Using org.eclipse.m2e.jdt.JarLifecycleMapping lifecycle mapping for MavenProject: com.snccreations:spring-boot-library:2.7.3 @ C:\Users\USER\Desktop\react project\library-app\02-backend\spring-boot-library\pom.xml.
2024-05-20 15:54:27,661 [Worker-11: Import Getting Started Content] INFO  o.e.m.j.i.AbstractJavaProjectConfigurator - Adding source folder /spring-boot-library/src/main/java
2024-05-20 15:54:27,661 [Worker-11: Import Getting Started Content] INFO  o.e.m.j.i.AbstractJavaProjectConfigurator - Adding resource folder /spring-boot-library/src/main/resources
2024-05-20 15:54:27,673 [Worker-11: Import Getting Started Content] INFO  o.e.m.j.i.AbstractJavaProjectConfigurator - Adding resource folder /spring-boot-library/src/main/resources
2024-05-20 15:54:27,680 [Worker-11: Import Getting Started Content] INFO  o.e.m.j.i.AbstractJavaProjectConfigurator - Adding source folder /spring-boot-library/src/test/java
2024-05-20 15:54:27,681 [Worker-11: Import Getting Started Content] INFO  o.e.m.j.i.AbstractJavaProjectConfigurator - Adding resource folder /spring-boot-library/src/test/resources
2024-05-20 15:54:28,788 [Worker-11: Import Getting Started Content] INFO  o.e.m.c.i.p.ProjectConfigurationManager - Imported and configured 1 project(s) in 6 sec
2024-05-20 15:54:28,794 [Worker-11: Import Getting Started Content] INFO  o.e.m.c.i.p.ProjectConfigurationManager - Update started
2024-05-20 15:54:29,429 [Worker-11: Import Getting Started Content] INFO  o.e.m.c.i.l.LifecycleMappingFactory - Using org.eclipse.m2e.jdt.JarLifecycleMapping lifecycle mapping for MavenProject: com.snccreations:spring-boot-library:2.7.3 @ C:\Users\USER\Desktop\react project\library-app\02-backend\spring-boot-library\pom.xml.
2024-05-20 15:54:30,755 [Worker-11: Import Getting Started Content] INFO  o.e.m.j.i.AbstractJavaProjectConfigurator - Adding source folder /spring-boot-library/src/main/java
2024-05-20 15:54:30,756 [Worker-11: Import Getting Started Content] INFO  o.e.m.j.i.AbstractJavaProjectConfigurator - Adding resource folder /spring-boot-library/src/main/resources
2024-05-20 15:54:30,756 [Worker-11: Import Getting Started Content] INFO  o.e.m.j.i.AbstractJavaProjectConfigurator - Adding resource folder /spring-boot-library/src/main/resources
2024-05-20 15:54:30,757 [Worker-11: Import Getting Started Content] INFO  o.e.m.j.i.AbstractJavaProjectConfigurator - Adding source folder /spring-boot-library/src/test/java
2024-05-20 15:54:30,757 [Worker-11: Import Getting Started Content] INFO  o.e.m.j.i.AbstractJavaProjectConfigurator - Adding resource folder /spring-boot-library/src/test/resources
2024-05-20 15:54:32,217 [Worker-11: Import Getting Started Content] INFO  o.e.m.c.i.p.ProjectConfigurationManager - Update completed for 1 poms: local refresh takes 0.00 sec, refresh facades takes 1.00 sec, update config takes 1.00 sec 
2024-05-20 15:54:32,312 [Worker-17: Updating Maven Project] INFO  o.e.m.c.i.p.ProjectConfigurationManager - Update started
2024-05-20 15:54:32,988 [Worker-17: Updating Maven Project] INFO  o.e.m.c.i.l.LifecycleMappingFactory - Using org.eclipse.m2e.jdt.JarLifecycleMapping lifecycle mapping for MavenProject: com.snccreations:spring-boot-library:2.7.3 @ C:\Users\USER\Desktop\react project\library-app\02-backend\spring-boot-library\pom.xml.
2024-05-20 15:54:34,280 [Worker-17: Updating Maven Project] INFO  o.e.m.j.i.AbstractJavaProjectConfigurator - Adding source folder /spring-boot-library/src/main/java
2024-05-20 15:54:34,280 [Worker-17: Updating Maven Project] INFO  o.e.m.j.i.AbstractJavaProjectConfigurator - Adding resource folder /spring-boot-library/src/main/resources
2024-05-20 15:54:34,281 [Worker-17: Updating Maven Project] INFO  o.e.m.j.i.AbstractJavaProjectConfigurator - Adding resource folder /spring-boot-library/src/main/resources
2024-05-20 15:54:34,282 [Worker-17: Updating Maven Project] INFO  o.e.m.j.i.AbstractJavaProjectConfigurator - Adding source folder /spring-boot-library/src/test/java
2024-05-20 15:54:34,282 [Worker-17: Updating Maven Project] INFO  o.e.m.j.i.AbstractJavaProjectConfigurator - Adding resource folder /spring-boot-library/src/test/resources
2024-05-20 15:54:34,879 [Worker-17: Updating Maven Project] INFO  o.e.m.c.i.p.ProjectConfigurationManager - Update completed for 1 poms: local refresh takes 0.00 sec, refresh facades takes 1.00 sec, update config takes 0.00 sec 
2024-05-20 15:54:35,859 [Worker-14: Building] INFO  o.a.m.s.f.DefaultMavenResourcesFiltering - Copying 1 resource from src\main\resources to target\classes
2024-05-20 15:54:35,911 [Worker-14: Building] INFO  o.a.m.s.f.DefaultMavenResourcesFiltering - Copying 0 resource from src\main\resources to target\classes
2024-05-20 15:54:35,919 [Worker-14: Building] INFO  o.a.m.s.f.DefaultMavenResourcesFiltering - skip non existing resourceDirectory C:\Users\USER\Desktop\react project\library-app\02-backend\spring-boot-library\src\test\resources
2024-05-20 15:56:25,854 [Worker-11: Building] INFO  o.a.m.s.f.DefaultMavenResourcesFiltering - Copying 1 resource from src\main\resources to target\classes
2024-05-20 15:56:25,858 [Worker-11: Building] INFO  o.a.m.s.f.DefaultMavenResourcesFiltering - Copying 0 resource from src\main\resources to target\classes
2024-05-20 15:56:25,862 [Worker-11: Building] INFO  o.a.m.s.f.DefaultMavenResourcesFiltering - skip non existing resourceDirectory C:\Users\USER\Desktop\react project\library-app\02-backend\spring-boot-library\src\test\resources
2024-05-20 15:56:26,118 [Worker-18: Building] INFO  o.a.m.s.f.DefaultMavenResourcesFiltering - Copying 0 resource from src\main\resources to target\classes
2024-05-20 15:56:26,121 [Worker-18: Building] INFO  o.a.m.s.f.DefaultMavenResourcesFiltering - Copying 0 resource from src\main\resources to target\classes
2024-05-20 15:56:26,129 [Worker-18: Building] INFO  o.a.m.s.f.DefaultMavenResourcesFiltering - skip non existing resourceDirectory C:\Users\USER\Desktop\react project\library-app\02-backend\spring-boot-library\src\test\resources
2024-05-20 15:58:11,700 [Worker-15: Building] INFO  o.a.m.s.f.DefaultMavenResourcesFiltering - Copying 1 resource from src\main\resources to target\classes
2024-05-20 15:58:11,726 [Worker-15: Building] INFO  o.a.m.s.f.DefaultMavenResourcesFiltering - Copying 0 resource from src\main\resources to target\classes
2024-05-20 15:58:11,733 [Worker-15: Building] INFO  o.a.m.s.f.DefaultMavenResourcesFiltering - skip non existing resourceDirectory C:\Users\USER\Desktop\react project\library-app\02-backend\spring-boot-library\src\test\resources
2024-05-20 15:58:45,336 [Worker-15: Building] INFO  o.a.m.s.f.DefaultMavenResourcesFiltering - Copying 1 resource from src\main\resources to target\classes
2024-05-20 15:58:45,355 [Worker-15: Building] INFO  o.a.m.s.f.DefaultMavenResourcesFiltering - Copying 0 resource from src\main\resources to target\classes
2024-05-20 15:58:45,362 [Worker-15: Building] INFO  o.a.m.s.f.DefaultMavenResourcesFiltering - skip non existing resourceDirectory C:\Users\USER\Desktop\react project\library-app\02-backend\spring-boot-library\src\test\resources
2024-05-20 15:59:43,794 [Worker-15: Building] INFO  o.a.m.s.f.DefaultMavenResourcesFiltering - Copying 1 resource from src\main\resources to target\classes
2024-05-20 15:59:43,829 [Worker-15: Building] INFO  o.a.m.s.f.DefaultMavenResourcesFiltering - Copying 0 resource from src\main\resources to target\classes
2024-05-20 15:59:43,846 [Worker-15: Building] INFO  o.a.m.s.f.DefaultMavenResourcesFiltering - skip non existing resourceDirectory C:\Users\USER\Desktop\react project\library-app\02-backend\spring-boot-library\src\test\resources
2024-05-20 16:00:56,680 [Worker-14: Updating Maven Project] INFO  o.e.m.c.i.p.ProjectConfigurationManager - Update started
2024-05-20 16:00:57,243 [Worker-14: Updating Maven Project] INFO  o.e.m.c.i.l.LifecycleMappingFactory - Using org.eclipse.m2e.jdt.JarLifecycleMapping lifecycle mapping for MavenProject: com.snccreations:spring-boot-library:2.7.3 @ C:\Users\USER\Desktop\react project\library-app\02-backend\spring-boot-library\pom.xml.
2024-05-20 16:00:57,918 [Worker-14: Updating Maven Project] INFO  o.e.m.j.i.AbstractJavaProjectConfigurator - Adding source folder /spring-boot-library/src/main/java
2024-05-20 16:00:57,918 [Worker-14: Updating Maven Project] INFO  o.e.m.j.i.AbstractJavaProjectConfigurator - Adding resource folder /spring-boot-library/src/main/resources
2024-05-20 16:00:57,918 [Worker-14: Updating Maven Project] INFO  o.e.m.j.i.AbstractJavaProjectConfigurator - Adding resource folder /spring-boot-library/src/main/resources
2024-05-20 16:00:57,918 [Worker-14: Updating Maven Project] INFO  o.e.m.j.i.AbstractJavaProjectConfigurator - Adding source folder /spring-boot-library/src/test/java
2024-05-20 16:00:57,918 [Worker-14: Updating Maven Project] INFO  o.e.m.j.i.AbstractJavaProjectConfigurator - Adding resource folder /spring-boot-library/src/test/resources
2024-05-20 16:00:58,596 [Worker-14: Updating Maven Project] INFO  o.e.m.c.i.p.ProjectConfigurationManager - Update completed for 1 poms: local refresh takes 0.00 sec, refresh facades takes 1.00 sec, update config takes 0.00 sec 
2024-05-20 16:00:59,065 [Worker-20: Building] INFO  o.a.m.s.f.DefaultMavenResourcesFiltering - Copying 1 resource from src\main\resources to target\classes
2024-05-20 16:00:59,088 [Worker-20: Building] INFO  o.a.m.s.f.DefaultMavenResourcesFiltering - Copying 0 resource from src\main\resources to target\classes
2024-05-20 16:00:59,094 [Worker-20: Building] INFO  o.a.m.s.f.DefaultMavenResourcesFiltering - skip non existing resourceDirectory C:\Users\USER\Desktop\react project\library-app\02-backend\spring-boot-library\src\test\resources
2024-05-20 16:01:36,207 [Worker-23: Updating Maven Project] INFO  o.e.m.c.i.p.ProjectConfigurationManager - Update started
2024-05-20 16:01:36,681 [Worker-23: Updating Maven Project] INFO  o.e.m.c.i.l.LifecycleMappingFactory - Using org.eclipse.m2e.jdt.JarLifecycleMapping lifecycle mapping for MavenProject: com.snccreations:spring-boot-library:2.7.3 @ C:\Users\USER\Desktop\react project\library-app\02-backend\spring-boot-library\pom.xml.
2024-05-20 16:01:37,317 [Worker-23: Updating Maven Project] INFO  o.e.m.j.i.AbstractJavaProjectConfigurator - Adding source folder /spring-boot-library/src/main/java
2024-05-20 16:01:37,318 [Worker-23: Updating Maven Project] INFO  o.e.m.j.i.AbstractJavaProjectConfigurator - Adding resource folder /spring-boot-library/src/main/resources
2024-05-20 16:01:37,318 [Worker-23: Updating Maven Project] INFO  o.e.m.j.i.AbstractJavaProjectConfigurator - Adding resource folder /spring-boot-library/src/main/resources
2024-05-20 16:01:37,318 [Worker-23: Updating Maven Project] INFO  o.e.m.j.i.AbstractJavaProjectConfigurator - Adding source folder /spring-boot-library/src/test/java
2024-05-20 16:01:37,318 [Worker-23: Updating Maven Project] INFO  o.e.m.j.i.AbstractJavaProjectConfigurator - Adding resource folder /spring-boot-library/src/test/resources
2024-05-20 16:01:37,760 [Worker-23: Updating Maven Project] INFO  o.e.m.c.i.p.ProjectConfigurationManager - Update completed for 1 poms: local refresh takes 0.00 sec, refresh facades takes 1.00 sec, update config takes 0.00 sec 
2024-05-20 16:01:38,343 [Worker-23: Building] INFO  o.a.m.s.f.DefaultMavenResourcesFiltering - Copying 1 resource from src\main\resources to target\classes
2024-05-20 16:01:38,373 [Worker-23: Building] INFO  o.a.m.s.f.DefaultMavenResourcesFiltering - Copying 0 resource from src\main\resources to target\classes
2024-05-20 16:01:38,381 [Worker-23: Building] INFO  o.a.m.s.f.DefaultMavenResourcesFiltering - skip non existing resourceDirectory C:\Users\USER\Desktop\react project\library-app\02-backend\spring-boot-library\src\test\resources
2024-05-20 16:04:10,646 [Worker-16: Building] INFO  o.a.m.s.f.DefaultMavenResourcesFiltering - Copying 1 resource from src\main\resources to target\classes
2024-05-20 16:04:10,656 [Worker-16: Building] INFO  o.a.m.s.f.DefaultMavenResourcesFiltering - Copying 0 resource from src\main\resources to target\classes
2024-05-20 16:04:10,698 [Worker-16: Building] INFO  o.a.m.s.f.DefaultMavenResourcesFiltering - skip non existing resourceDirectory C:\Users\USER\Desktop\react project\library-app\02-backend\spring-boot-library\src\test\resources
2024-05-20 16:07:27,989 [Worker-16: Building] INFO  o.a.m.s.f.DefaultMavenResourcesFiltering - Copying 1 resource from src\main\resources to target\classes
2024-05-20 16:07:27,998 [Worker-16: Building] INFO  o.a.m.s.f.DefaultMavenResourcesFiltering - Copying 0 resource from src\main\resources to target\classes
2024-05-20 16:07:28,002 [Worker-16: Building] INFO  o.a.m.s.f.DefaultMavenResourcesFiltering - skip non existing resourceDirectory C:\Users\USER\Desktop\react project\library-app\02-backend\spring-boot-library\src\test\resources
2024-05-20 16:10:06,419 [Worker-14: Building] INFO  o.a.m.s.f.DefaultMavenResourcesFiltering - Copying 1 resource from src\main\resources to target\classes
2024-05-20 16:10:06,472 [Worker-14: Building] INFO  o.a.m.s.f.DefaultMavenResourcesFiltering - Copying 0 resource from src\main\resources to target\classes
2024-05-20 16:10:06,477 [Worker-14: Building] INFO  o.a.m.s.f.DefaultMavenResourcesFiltering - skip non existing resourceDirectory C:\Users\USER\Desktop\react project\library-app\02-backend\spring-boot-library\src\test\resources
2024-05-20 16:10:42,650 [Worker-14: Building] INFO  o.a.m.s.f.DefaultMavenResourcesFiltering - Copying 1 resource from src\main\resources to target\classes
2024-05-20 16:10:42,706 [Worker-14: Building] INFO  o.a.m.s.f.DefaultMavenResourcesFiltering - Copying 0 resource from src\main\resources to target\classes
2024-05-20 16:10:42,715 [Worker-14: Building] INFO  o.a.m.s.f.DefaultMavenResourcesFiltering - skip non existing resourceDirectory C:\Users\USER\Desktop\react project\library-app\02-backend\spring-boot-library\src\test\resources
2024-05-20 16:16:01,137 [Worker-16: Building] INFO  o.a.m.s.f.DefaultMavenResourcesFiltering - Copying 1 resource from src\main\resources to target\classes
2024-05-20 16:16:01,145 [Worker-16: Building] INFO  o.a.m.s.f.DefaultMavenResourcesFiltering - Copying 0 resource from src\main\resources to target\classes
2024-05-20 16:16:01,151 [Worker-16: Building] INFO  o.a.m.s.f.DefaultMavenResourcesFiltering - skip non existing resourceDirectory C:\Users\USER\Desktop\react project\library-app\02-backend\spring-boot-library\src\test\resources
2024-05-20 16:24:40,407 [Worker-24: Building] INFO  o.a.m.s.f.DefaultMavenResourcesFiltering - Copying 1 resource from src\main\resources to target\classes
2024-05-20 16:24:40,421 [Worker-24: Building] INFO  o.a.m.s.f.DefaultMavenResourcesFiltering - Copying 0 resource from src\main\resources to target\classes
2024-05-20 16:24:40,431 [Worker-24: Building] INFO  o.a.m.s.f.DefaultMavenResourcesFiltering - skip non existing resourceDirectory C:\Users\USER\Desktop\react project\library-app\02-backend\spring-boot-library\src\test\resources
2024-05-20 16:26:47,386 [Worker-24: Building] INFO  o.a.m.s.f.DefaultMavenResourcesFiltering - Copying 1 resource from src\main\resources to target\classes
2024-05-20 16:26:47,393 [Worker-24: Building] INFO  o.a.m.s.f.DefaultMavenResourcesFiltering - Copying 0 resource from src\main\resources to target\classes
2024-05-20 16:26:47,398 [Worker-24: Building] INFO  o.a.m.s.f.DefaultMavenResourcesFiltering - skip non existing resourceDirectory C:\Users\USER\Desktop\react project\library-app\02-backend\spring-boot-library\src\test\resources
2024-05-20 16:38:19,965 [Worker-34: Building] INFO  o.a.m.s.f.DefaultMavenResourcesFiltering - Copying 1 resource from src\main\resources to target\classes
2024-05-20 16:38:19,984 [Worker-34: Building] INFO  o.a.m.s.f.DefaultMavenResourcesFiltering - Copying 0 resource from src\main\resources to target\classes
2024-05-20 16:38:19,988 [Worker-34: Building] INFO  o.a.m.s.f.DefaultMavenResourcesFiltering - skip non existing resourceDirectory C:\Users\USER\Desktop\react project\library-app\02-backend\spring-boot-library\src\test\resources
2024-05-20 16:49:16,331 [Worker-27: Building] INFO  o.a.m.s.f.DefaultMavenResourcesFiltering - Copying 1 resource from src\main\resources to target\classes
2024-05-20 16:49:16,340 [Worker-27: Building] INFO  o.a.m.s.f.DefaultMavenResourcesFiltering - Copying 0 resource from src\main\resources to target\classes
2024-05-20 16:49:16,346 [Worker-27: Building] INFO  o.a.m.s.f.DefaultMavenResourcesFiltering - skip non existing resourceDirectory C:\Users\USER\Desktop\react project\library-app\02-backend\spring-boot-library\src\test\resources
2024-05-20 16:57:09,332 [Worker-24: Building] INFO  o.a.m.s.f.DefaultMavenResourcesFiltering - Copying 1 resource from src\main\resources to target\classes
2024-05-20 16:57:09,342 [Worker-24: Building] INFO  o.a.m.s.f.DefaultMavenResourcesFiltering - Copying 0 resource from src\main\resources to target\classes
2024-05-20 16:57:09,347 [Worker-24: Building] INFO  o.a.m.s.f.DefaultMavenResourcesFiltering - skip non existing resourceDirectory C:\Users\USER\Desktop\react project\library-app\02-backend\spring-boot-library\src\test\resources
2024-05-20 17:00:15,291 [Worker-32: Building] INFO  o.a.m.s.f.DefaultMavenResourcesFiltering - Copying 1 resource from src\main\resources to target\classes
2024-05-20 17:00:15,300 [Worker-32: Building] INFO  o.a.m.s.f.DefaultMavenResourcesFiltering - Copying 0 resource from src\main\resources to target\classes
2024-05-20 17:00:15,307 [Worker-32: Building] INFO  o.a.m.s.f.DefaultMavenResourcesFiltering - skip non existing resourceDirectory C:\Users\USER\Desktop\react project\library-app\02-backend\spring-boot-library\src\test\resources
2024-05-20 17:05:22,163 [Worker-34: Building] INFO  o.a.m.s.f.DefaultMavenResourcesFiltering - Copying 1 resource from src\main\resources to target\classes
2024-05-20 17:05:22,171 [Worker-34: Building] INFO  o.a.m.s.f.DefaultMavenResourcesFiltering - Copying 0 resource from src\main\resources to target\classes
2024-05-20 17:05:22,174 [Worker-34: Building] INFO  o.a.m.s.f.DefaultMavenResourcesFiltering - skip non existing resourceDirectory C:\Users\USER\Desktop\react project\library-app\02-backend\spring-boot-library\src\test\resources
2024-05-20 17:05:57,344 [Worker-34: Building] INFO  o.a.m.s.f.DefaultMavenResourcesFiltering - Copying 1 resource from src\main\resources to target\classes
2024-05-20 17:05:57,353 [Worker-34: Building] INFO  o.a.m.s.f.DefaultMavenResourcesFiltering - Copying 0 resource from src\main\resources to target\classes
2024-05-20 17:05:57,358 [Worker-34: Building] INFO  o.a.m.s.f.DefaultMavenResourcesFiltering - skip non existing resourceDirectory C:\Users\USER\Desktop\react project\library-app\02-backend\spring-boot-library\src\test\resources
2024-05-20 17:09:36,448 [Worker-32: Building] INFO  o.a.m.s.f.DefaultMavenResourcesFiltering - Copying 1 resource from src\main\resources to target\classes
2024-05-20 17:09:36,461 [Worker-32: Building] INFO  o.a.m.s.f.DefaultMavenResourcesFiltering - Copying 0 resource from src\main\resources to target\classes
2024-05-20 17:09:36,467 [Worker-32: Building] INFO  o.a.m.s.f.DefaultMavenResourcesFiltering - skip non existing resourceDirectory C:\Users\USER\Desktop\react project\library-app\02-backend\spring-boot-library\src\test\resources
2024-05-20 17:09:51,208 [Worker-39: Building] INFO  o.a.m.s.f.DefaultMavenResourcesFiltering - Copying 1 resource from src\main\resources to target\classes
2024-05-20 17:09:51,226 [Worker-39: Building] INFO  o.a.m.s.f.DefaultMavenResourcesFiltering - Copying 0 resource from src\main\resources to target\classes
2024-05-20 17:09:51,233 [Worker-39: Building] INFO  o.a.m.s.f.DefaultMavenResourcesFiltering - skip non existing resourceDirectory C:\Users\USER\Desktop\react project\library-app\02-backend\spring-boot-library\src\test\resources
2024-05-20 17:13:38,518 [Worker-32: Building] INFO  o.a.m.s.f.DefaultMavenResourcesFiltering - Copying 1 resource from src\main\resources to target\classes
2024-05-20 17:13:38,527 [Worker-32: Building] INFO  o.a.m.s.f.DefaultMavenResourcesFiltering - Copying 0 resource from src\main\resources to target\classes
2024-05-20 17:13:38,530 [Worker-32: Building] INFO  o.a.m.s.f.DefaultMavenResourcesFiltering - skip non existing resourceDirectory C:\Users\USER\Desktop\react project\library-app\02-backend\spring-boot-library\src\test\resources
2024-05-20 17:14:56,291 [Worker-32: Building] INFO  o.a.m.s.f.DefaultMavenResourcesFiltering - Copying 1 resource from src\main\resources to target\classes
2024-05-20 17:14:56,298 [Worker-32: Building] INFO  o.a.m.s.f.DefaultMavenResourcesFiltering - Copying 0 resource from src\main\resources to target\classes
2024-05-20 17:14:56,302 [Worker-32: Building] INFO  o.a.m.s.f.DefaultMavenResourcesFiltering - skip non existing resourceDirectory C:\Users\USER\Desktop\react project\library-app\02-backend\spring-boot-library\src\test\resources
2024-05-20 17:16:32,375 [Worker-47: Building] INFO  o.a.m.s.f.DefaultMavenResourcesFiltering - Copying 1 resource from src\main\resources to target\classes
2024-05-20 17:16:32,382 [Worker-47: Building] INFO  o.a.m.s.f.DefaultMavenResourcesFiltering - Copying 0 resource from src\main\resources to target\classes
2024-05-20 17:16:32,385 [Worker-47: Building] INFO  o.a.m.s.f.DefaultMavenResourcesFiltering - skip non existing resourceDirectory C:\Users\USER\Desktop\react project\library-app\02-backend\spring-boot-library\src\test\resources
2024-05-20 17:18:03,792 [Worker-32: Building] INFO  o.a.m.s.f.DefaultMavenResourcesFiltering - Copying 1 resource from src\main\resources to target\classes
2024-05-20 17:18:03,798 [Worker-32: Building] INFO  o.a.m.s.f.DefaultMavenResourcesFiltering - Copying 0 resource from src\main\resources to target\classes
2024-05-20 17:18:03,802 [Worker-32: Building] INFO  o.a.m.s.f.DefaultMavenResourcesFiltering - skip non existing resourceDirectory C:\Users\USER\Desktop\react project\library-app\02-backend\spring-boot-library\src\test\resources
2024-05-20 17:25:30,947 [Worker-50: Building] INFO  o.a.m.s.f.DefaultMavenResourcesFiltering - Copying 1 resource from src\main\resources to target\classes
2024-05-20 17:25:30,956 [Worker-50: Building] INFO  o.a.m.s.f.DefaultMavenResourcesFiltering - Copying 0 resource from src\main\resources to target\classes
2024-05-20 17:25:30,961 [Worker-50: Building] INFO  o.a.m.s.f.DefaultMavenResourcesFiltering - skip non existing resourceDirectory C:\Users\USER\Desktop\react project\library-app\02-backend\spring-boot-library\src\test\resources
2024-05-20 17:26:41,878 [Worker-48: Building] INFO  o.a.m.s.f.DefaultMavenResourcesFiltering - Copying 1 resource from src\main\resources to target\classes
2024-05-20 17:26:41,887 [Worker-48: Building] INFO  o.a.m.s.f.DefaultMavenResourcesFiltering - Copying 0 resource from src\main\resources to target\classes
2024-05-20 17:26:41,891 [Worker-48: Building] INFO  o.a.m.s.f.DefaultMavenResourcesFiltering - skip non existing resourceDirectory C:\Users\USER\Desktop\react project\library-app\02-backend\spring-boot-library\src\test\resources
2024-05-20 17:27:31,773 [Worker-48: Building] INFO  o.a.m.s.f.DefaultMavenResourcesFiltering - Copying 1 resource from src\main\resources to target\classes
2024-05-20 17:27:31,793 [Worker-48: Building] INFO  o.a.m.s.f.DefaultMavenResourcesFiltering - Copying 0 resource from src\main\resources to target\classes
2024-05-20 17:27:31,799 [Worker-48: Building] INFO  o.a.m.s.f.DefaultMavenResourcesFiltering - skip non existing resourceDirectory C:\Users\USER\Desktop\react project\library-app\02-backend\spring-boot-library\src\test\resources
2024-05-20 17:28:15,567 [Worker-32: Building] INFO  o.a.m.s.f.DefaultMavenResourcesFiltering - Copying 1 resource from src\main\resources to target\classes
2024-05-20 17:28:15,582 [Worker-32: Building] INFO  o.a.m.s.f.DefaultMavenResourcesFiltering - Copying 0 resource from src\main\resources to target\classes
2024-05-20 17:28:15,588 [Worker-32: Building] INFO  o.a.m.s.f.DefaultMavenResourcesFiltering - skip non existing resourceDirectory C:\Users\USER\Desktop\react project\library-app\02-backend\spring-boot-library\src\test\resources
2024-05-20 17:34:15,969 [Worker-58: Building] INFO  o.a.m.s.f.DefaultMavenResourcesFiltering - Copying 1 resource from src\main\resources to target\classes
2024-05-20 17:34:15,987 [Worker-58: Building] INFO  o.a.m.s.f.DefaultMavenResourcesFiltering - Copying 0 resource from src\main\resources to target\classes
2024-05-20 17:34:15,993 [Worker-58: Building] INFO  o.a.m.s.f.DefaultMavenResourcesFiltering - skip non existing resourceDirectory C:\Users\USER\Desktop\react project\library-app\02-backend\spring-boot-library\src\test\resources
2024-05-20 17:38:33,459 [Worker-61: Building] INFO  o.a.m.s.f.DefaultMavenResourcesFiltering - Copying 1 resource from src\main\resources to target\classes
2024-05-20 17:38:33,483 [Worker-61: Building] INFO  o.a.m.s.f.DefaultMavenResourcesFiltering - Copying 0 resource from src\main\resources to target\classes
2024-05-20 17:38:33,494 [Worker-61: Building] INFO  o.a.m.s.f.DefaultMavenResourcesFiltering - skip non existing resourceDirectory C:\Users\USER\Desktop\react project\library-app\02-backend\spring-boot-library\src\test\resources
2024-05-20 17:38:59,913 [Worker-60: Building] INFO  o.a.m.s.f.DefaultMavenResourcesFiltering - Copying 1 resource from src\main\resources to target\classes
2024-05-20 17:38:59,927 [Worker-60: Building] INFO  o.a.m.s.f.DefaultMavenResourcesFiltering - Copying 0 resource from src\main\resources to target\classes
2024-05-20 17:38:59,933 [Worker-60: Building] INFO  o.a.m.s.f.DefaultMavenResourcesFiltering - skip non existing resourceDirectory C:\Users\USER\Desktop\react project\library-app\02-backend\spring-boot-library\src\test\resources
2024-05-20 17:39:30,657 [Worker-61: Building] INFO  o.a.m.s.f.DefaultMavenResourcesFiltering - Copying 1 resource from src\main\resources to target\classes
2024-05-20 17:39:30,673 [Worker-61: Building] INFO  o.a.m.s.f.DefaultMavenResourcesFiltering - Copying 0 resource from src\main\resources to target\classes
2024-05-20 17:39:30,681 [Worker-61: Building] INFO  o.a.m.s.f.DefaultMavenResourcesFiltering - skip non existing resourceDirectory C:\Users\USER\Desktop\react project\library-app\02-backend\spring-boot-library\src\test\resources
2024-05-20 17:41:48,896 [Worker-60: Building] INFO  o.a.m.s.f.DefaultMavenResourcesFiltering - Copying 1 resource from src\main\resources to target\classes
2024-05-20 17:41:48,904 [Worker-60: Building] INFO  o.a.m.s.f.DefaultMavenResourcesFiltering - Copying 0 resource from src\main\resources to target\classes
2024-05-20 17:41:48,909 [Worker-60: Building] INFO  o.a.m.s.f.DefaultMavenResourcesFiltering - skip non existing resourceDirectory C:\Users\USER\Desktop\react project\library-app\02-backend\spring-boot-library\src\test\resources
2024-05-20 17:46:24,185 [Worker-70: Building] INFO  o.a.m.s.f.DefaultMavenResourcesFiltering - Copying 1 resource from src\main\resources to target\classes
2024-05-20 17:46:24,192 [Worker-70: Building] INFO  o.a.m.s.f.DefaultMavenResourcesFiltering - Copying 0 resource from src\main\resources to target\classes
2024-05-20 17:46:24,195 [Worker-70: Building] INFO  o.a.m.s.f.DefaultMavenResourcesFiltering - skip non existing resourceDirectory C:\Users\USER\Desktop\react project\library-app\02-backend\spring-boot-library\src\test\resources
2024-05-20 17:55:38,830 [Worker-75: Building] INFO  o.a.m.s.f.DefaultMavenResourcesFiltering - Copying 1 resource from src\main\resources to target\classes
2024-05-20 17:55:38,879 [Worker-75: Building] INFO  o.a.m.s.f.DefaultMavenResourcesFiltering - Copying 0 resource from src\main\resources to target\classes
2024-05-20 17:55:38,885 [Worker-75: Building] INFO  o.a.m.s.f.DefaultMavenResourcesFiltering - skip non existing resourceDirectory C:\Users\USER\Desktop\react project\library-app\02-backend\spring-boot-library\src\test\resources
2024-05-20 17:56:11,667 [Worker-75: Building] INFO  o.a.m.s.f.DefaultMavenResourcesFiltering - Copying 1 resource from src\main\resources to target\classes
2024-05-20 17:56:11,717 [Worker-75: Building] INFO  o.a.m.s.f.DefaultMavenResourcesFiltering - Copying 0 resource from src\main\resources to target\classes
2024-05-20 17:56:11,721 [Worker-75: Building] INFO  o.a.m.s.f.DefaultMavenResourcesFiltering - skip non existing resourceDirectory C:\Users\USER\Desktop\react project\library-app\02-backend\spring-boot-library\src\test\resources
2024-05-20 17:57:12,473 [Worker-76: Building] INFO  o.a.m.s.f.DefaultMavenResourcesFiltering - Copying 1 resource from src\main\resources to target\classes
2024-05-20 17:57:12,523 [Worker-76: Building] INFO  o.a.m.s.f.DefaultMavenResourcesFiltering - Copying 0 resource from src\main\resources to target\classes
2024-05-20 17:57:12,531 [Worker-76: Building] INFO  o.a.m.s.f.DefaultMavenResourcesFiltering - skip non existing resourceDirectory C:\Users\USER\Desktop\react project\library-app\02-backend\spring-boot-library\src\test\resources
2024-05-20 17:59:09,607 [Worker-76: Building] INFO  o.a.m.s.f.DefaultMavenResourcesFiltering - Copying 1 resource from src\main\resources to target\classes
2024-05-20 17:59:09,654 [Worker-76: Building] INFO  o.a.m.s.f.DefaultMavenResourcesFiltering - Copying 0 resource from src\main\resources to target\classes
2024-05-20 17:59:09,657 [Worker-76: Building] INFO  o.a.m.s.f.DefaultMavenResourcesFiltering - skip non existing resourceDirectory C:\Users\USER\Desktop\react project\library-app\02-backend\spring-boot-library\src\test\resources
2024-05-20 17:59:37,468 [Worker-79: Building] INFO  o.a.m.s.f.DefaultMavenResourcesFiltering - Copying 1 resource from src\main\resources to target\classes
2024-05-20 17:59:37,532 [Worker-79: Building] INFO  o.a.m.s.f.DefaultMavenResourcesFiltering - Copying 0 resource from src\main\resources to target\classes
2024-05-20 17:59:37,538 [Worker-79: Building] INFO  o.a.m.s.f.DefaultMavenResourcesFiltering - skip non existing resourceDirectory C:\Users\USER\Desktop\react project\library-app\02-backend\spring-boot-library\src\test\resources
2024-05-20 18:03:28,039 [Worker-79: Building] INFO  o.a.m.s.f.DefaultMavenResourcesFiltering - Copying 1 resource from src\main\resources to target\classes
2024-05-20 18:03:28,066 [Worker-79: Building] INFO  o.a.m.s.f.DefaultMavenResourcesFiltering - Copying 0 resource from src\main\resources to target\classes
2024-05-20 18:03:28,073 [Worker-79: Building] INFO  o.a.m.s.f.DefaultMavenResourcesFiltering - skip non existing resourceDirectory C:\Users\USER\Desktop\react project\library-app\02-backend\spring-boot-library\src\test\resources
2024-05-20 18:06:52,289 [Worker-78: Building] INFO  o.a.m.s.f.DefaultMavenResourcesFiltering - Copying 1 resource from src\main\resources to target\classes
2024-05-20 18:06:52,314 [Worker-78: Building] INFO  o.a.m.s.f.DefaultMavenResourcesFiltering - Copying 0 resource from src\main\resources to target\classes
2024-05-20 18:06:52,317 [Worker-78: Building] INFO  o.a.m.s.f.DefaultMavenResourcesFiltering - skip non existing resourceDirectory C:\Users\USER\Desktop\react project\library-app\02-backend\spring-boot-library\src\test\resources
2024-05-21 14:04:26,660 [Worker-1: Loading available Gradle versions] INFO  o.e.b.c.i.u.g.PublishedGradleVersions - Gradle version information cache is up-to-date. Trying to read.
2024-05-21 14:05:25,389 [Worker-2: Building] INFO  o.a.m.s.f.DefaultMavenResourcesFiltering - Copying 1 resource from src\main\resources to target\classes
2024-05-21 14:05:25,484 [Worker-2: Building] INFO  o.a.m.s.f.DefaultMavenResourcesFiltering - Copying 0 resource from src\main\resources to target\classes
2024-05-21 14:05:25,494 [Worker-2: Building] INFO  o.a.m.s.f.DefaultMavenResourcesFiltering - skip non existing resourceDirectory C:\Users\USER\Desktop\react project\library-app\02-backend\spring-boot-library\src\test\resources
2024-05-21 14:05:31,044 [Worker-13: Updating Maven Project] INFO  o.e.m.c.i.p.ProjectConfigurationManager - Update started
2024-05-21 14:05:33,557 [Worker-13: Updating Maven Project] INFO  o.e.m.c.i.l.LifecycleMappingFactory - Using org.eclipse.m2e.jdt.JarLifecycleMapping lifecycle mapping for MavenProject: com.snccreations:spring-boot-library:2.7.3 @ C:\Users\USER\Desktop\react project\library-app\02-backend\spring-boot-library\pom.xml.
2024-05-21 14:05:34,453 [Worker-13: Updating Maven Project] INFO  o.e.m.j.i.AbstractJavaProjectConfigurator - Adding source folder /spring-boot-library/src/main/java
2024-05-21 14:05:34,454 [Worker-13: Updating Maven Project] INFO  o.e.m.j.i.AbstractJavaProjectConfigurator - Adding resource folder /spring-boot-library/src/main/resources
2024-05-21 14:05:34,454 [Worker-13: Updating Maven Project] INFO  o.e.m.j.i.AbstractJavaProjectConfigurator - Adding resource folder /spring-boot-library/src/main/resources
2024-05-21 14:05:34,455 [Worker-13: Updating Maven Project] INFO  o.e.m.j.i.AbstractJavaProjectConfigurator - Adding source folder /spring-boot-library/src/test/java
2024-05-21 14:05:34,455 [Worker-13: Updating Maven Project] INFO  o.e.m.j.i.AbstractJavaProjectConfigurator - Adding resource folder /spring-boot-library/src/test/resources
2024-05-21 14:05:35,014 [Worker-13: Updating Maven Project] INFO  o.e.m.c.i.p.ProjectConfigurationManager - Update completed for 1 poms: local refresh takes 0.00 sec, refresh facades takes 3.00 sec, update config takes 0.00 sec 
2024-05-21 14:05:35,752 [Worker-8: Building] INFO  o.a.m.s.f.DefaultMavenResourcesFiltering - Copying 1 resource from src\main\resources to target\classes
2024-05-21 14:05:35,791 [Worker-8: Building] INFO  o.a.m.s.f.DefaultMavenResourcesFiltering - Copying 0 resource from src\main\resources to target\classes
2024-05-21 14:05:35,800 [Worker-8: Building] INFO  o.a.m.s.f.DefaultMavenResourcesFiltering - skip non existing resourceDirectory C:\Users\USER\Desktop\react project\library-app\02-backend\spring-boot-library\src\test\resources
2024-05-21 14:08:52,160 [Worker-9: Building] INFO  o.a.m.s.f.DefaultMavenResourcesFiltering - Copying 1 resource from src\main\resources to target\classes
2024-05-21 14:08:52,169 [Worker-9: Building] INFO  o.a.m.s.f.DefaultMavenResourcesFiltering - Copying 0 resource from src\main\resources to target\classes
2024-05-21 14:08:52,172 [Worker-9: Building] INFO  o.a.m.s.f.DefaultMavenResourcesFiltering - skip non existing resourceDirectory C:\Users\USER\Desktop\react project\library-app\02-backend\spring-boot-library\src\test\resources
2024-05-21 14:09:34,904 [Worker-9: Building] INFO  o.a.m.s.f.DefaultMavenResourcesFiltering - Copying 1 resource from src\main\resources to target\classes
2024-05-21 14:09:34,921 [Worker-9: Building] INFO  o.a.m.s.f.DefaultMavenResourcesFiltering - Copying 0 resource from src\main\resources to target\classes
2024-05-21 14:09:34,928 [Worker-9: Building] INFO  o.a.m.s.f.DefaultMavenResourcesFiltering - skip non existing resourceDirectory C:\Users\USER\Desktop\react project\library-app\02-backend\spring-boot-library\src\test\resources
2024-05-21 14:11:21,058 [Worker-9: Building] INFO  o.a.m.s.f.DefaultMavenResourcesFiltering - Copying 1 resource from src\main\resources to target\classes
2024-05-21 14:11:21,077 [Worker-9: Building] INFO  o.a.m.s.f.DefaultMavenResourcesFiltering - Copying 0 resource from src\main\resources to target\classes
2024-05-21 14:11:21,088 [Worker-9: Building] INFO  o.a.m.s.f.DefaultMavenResourcesFiltering - skip non existing resourceDirectory C:\Users\USER\Desktop\react project\library-app\02-backend\spring-boot-library\src\test\resources
2024-05-21 14:12:00,546 [Worker-9: Building] INFO  o.a.m.s.f.DefaultMavenResourcesFiltering - Copying 1 resource from src\main\resources to target\classes
2024-05-21 14:12:00,560 [Worker-9: Building] INFO  o.a.m.s.f.DefaultMavenResourcesFiltering - Copying 0 resource from src\main\resources to target\classes
2024-05-21 14:12:00,568 [Worker-9: Building] INFO  o.a.m.s.f.DefaultMavenResourcesFiltering - skip non existing resourceDirectory C:\Users\USER\Desktop\react project\library-app\02-backend\spring-boot-library\src\test\resources
2024-05-21 14:13:12,674 [Worker-16: Building] INFO  o.a.m.s.f.DefaultMavenResourcesFiltering - Copying 1 resource from src\main\resources to target\classes
2024-05-21 14:13:12,687 [Worker-16: Building] INFO  o.a.m.s.f.DefaultMavenResourcesFiltering - Copying 0 resource from src\main\resources to target\classes
2024-05-21 14:13:12,692 [Worker-16: Building] INFO  o.a.m.s.f.DefaultMavenResourcesFiltering - skip non existing resourceDirectory C:\Users\USER\Desktop\react project\library-app\02-backend\spring-boot-library\src\test\resources
2024-05-21 14:13:32,975 [Worker-20: Building] INFO  o.a.m.s.f.DefaultMavenResourcesFiltering - Copying 1 resource from src\main\resources to target\classes
2024-05-21 14:13:33,001 [Worker-20: Building] INFO  o.a.m.s.f.DefaultMavenResourcesFiltering - Copying 0 resource from src\main\resources to target\classes
2024-05-21 14:13:33,009 [Worker-20: Building] INFO  o.a.m.s.f.DefaultMavenResourcesFiltering - skip non existing resourceDirectory C:\Users\USER\Desktop\react project\library-app\02-backend\spring-boot-library\src\test\resources
2024-05-21 14:23:00,785 [Worker-23: Building] INFO  o.a.m.s.f.DefaultMavenResourcesFiltering - Copying 1 resource from src\main\resources to target\classes
2024-05-21 14:23:00,813 [Worker-23: Building] INFO  o.a.m.s.f.DefaultMavenResourcesFiltering - Copying 0 resource from src\main\resources to target\classes
2024-05-21 14:23:00,818 [Worker-23: Building] INFO  o.a.m.s.f.DefaultMavenResourcesFiltering - skip non existing resourceDirectory C:\Users\USER\Desktop\react project\library-app\02-backend\spring-boot-library\src\test\resources
2024-05-21 14:23:28,632 [Worker-16: Building] INFO  o.a.m.s.f.DefaultMavenResourcesFiltering - Copying 1 resource from src\main\resources to target\classes
2024-05-21 14:23:28,641 [Worker-16: Building] INFO  o.a.m.s.f.DefaultMavenResourcesFiltering - Copying 0 resource from src\main\resources to target\classes
2024-05-21 14:23:28,645 [Worker-16: Building] INFO  o.a.m.s.f.DefaultMavenResourcesFiltering - skip non existing resourceDirectory C:\Users\USER\Desktop\react project\library-app\02-backend\spring-boot-library\src\test\resources
2024-05-21 14:25:21,515 [Worker-17: Building] INFO  o.a.m.s.f.DefaultMavenResourcesFiltering - Copying 1 resource from src\main\resources to target\classes
2024-05-21 14:25:21,533 [Worker-17: Building] INFO  o.a.m.s.f.DefaultMavenResourcesFiltering - Copying 0 resource from src\main\resources to target\classes
2024-05-21 14:25:21,540 [Worker-17: Building] INFO  o.a.m.s.f.DefaultMavenResourcesFiltering - skip non existing resourceDirectory C:\Users\USER\Desktop\react project\library-app\02-backend\spring-boot-library\src\test\resources
2024-05-21 14:28:45,962 [Worker-31: Building] INFO  o.a.m.s.f.DefaultMavenResourcesFiltering - Copying 1 resource from src\main\resources to target\classes
2024-05-21 14:28:45,974 [Worker-31: Building] INFO  o.a.m.s.f.DefaultMavenResourcesFiltering - Copying 0 resource from src\main\resources to target\classes
2024-05-21 14:28:45,978 [Worker-31: Building] INFO  o.a.m.s.f.DefaultMavenResourcesFiltering - skip non existing resourceDirectory C:\Users\USER\Desktop\react project\library-app\02-backend\spring-boot-library\src\test\resources
2024-05-21 14:29:54,926 [Worker-30: Building] INFO  o.a.m.s.f.DefaultMavenResourcesFiltering - Copying 1 resource from src\main\resources to target\classes
2024-05-21 14:29:54,963 [Worker-30: Building] INFO  o.a.m.s.f.DefaultMavenResourcesFiltering - Copying 0 resource from src\main\resources to target\classes
2024-05-21 14:29:54,970 [Worker-30: Building] INFO  o.a.m.s.f.DefaultMavenResourcesFiltering - skip non existing resourceDirectory C:\Users\USER\Desktop\react project\library-app\02-backend\spring-boot-library\src\test\resources
2024-05-21 14:31:38,175 [Worker-34: Building] INFO  o.a.m.s.f.DefaultMavenResourcesFiltering - Copying 1 resource from src\main\resources to target\classes
2024-05-21 14:31:38,186 [Worker-34: Building] INFO  o.a.m.s.f.DefaultMavenResourcesFiltering - Copying 0 resource from src\main\resources to target\classes
2024-05-21 14:31:38,193 [Worker-34: Building] INFO  o.a.m.s.f.DefaultMavenResourcesFiltering - skip non existing resourceDirectory C:\Users\USER\Desktop\react project\library-app\02-backend\spring-boot-library\src\test\resources
2024-05-21 14:35:35,906 [Worker-34: Building] INFO  o.a.m.s.f.DefaultMavenResourcesFiltering - Copying 1 resource from src\main\resources to target\classes
2024-05-21 14:35:35,921 [Worker-34: Building] INFO  o.a.m.s.f.DefaultMavenResourcesFiltering - Copying 0 resource from src\main\resources to target\classes
2024-05-21 14:35:35,929 [Worker-34: Building] INFO  o.a.m.s.f.DefaultMavenResourcesFiltering - skip non existing resourceDirectory C:\Users\USER\Desktop\react project\library-app\02-backend\spring-boot-library\src\test\resources
2024-05-21 14:40:45,658 [Worker-44: Building] INFO  o.a.m.s.f.DefaultMavenResourcesFiltering - Copying 1 resource from src\main\resources to target\classes
2024-05-21 14:40:45,669 [Worker-44: Building] INFO  o.a.m.s.f.DefaultMavenResourcesFiltering - Copying 0 resource from src\main\resources to target\classes
2024-05-21 14:40:45,673 [Worker-44: Building] INFO  o.a.m.s.f.DefaultMavenResourcesFiltering - skip non existing resourceDirectory C:\Users\USER\Desktop\react project\library-app\02-backend\spring-boot-library\src\test\resources
2024-05-21 14:40:57,684 [Worker-42: Building] INFO  o.a.m.s.f.DefaultMavenResourcesFiltering - Copying 1 resource from src\main\resources to target\classes
2024-05-21 14:40:57,701 [Worker-42: Building] INFO  o.a.m.s.f.DefaultMavenResourcesFiltering - Copying 0 resource from src\main\resources to target\classes
2024-05-21 14:40:57,709 [Worker-42: Building] INFO  o.a.m.s.f.DefaultMavenResourcesFiltering - skip non existing resourceDirectory C:\Users\USER\Desktop\react project\library-app\02-backend\spring-boot-library\src\test\resources
2024-05-21 14:44:03,036 [Worker-46: Building] INFO  o.a.m.s.f.DefaultMavenResourcesFiltering - Copying 1 resource from src\main\resources to target\classes
2024-05-21 14:44:03,052 [Worker-46: Building] INFO  o.a.m.s.f.DefaultMavenResourcesFiltering - Copying 0 resource from src\main\resources to target\classes
2024-05-21 14:44:03,058 [Worker-46: Building] INFO  o.a.m.s.f.DefaultMavenResourcesFiltering - skip non existing resourceDirectory C:\Users\USER\Desktop\react project\library-app\02-backend\spring-boot-library\src\test\resources
2024-05-21 14:47:02,308 [Worker-51: Building] INFO  o.a.m.s.f.DefaultMavenResourcesFiltering - Copying 1 resource from src\main\resources to target\classes
2024-05-21 14:47:02,361 [Worker-51: Building] INFO  o.a.m.s.f.DefaultMavenResourcesFiltering - Copying 0 resource from src\main\resources to target\classes
2024-05-21 14:47:02,370 [Worker-51: Building] INFO  o.a.m.s.f.DefaultMavenResourcesFiltering - skip non existing resourceDirectory C:\Users\USER\Desktop\react project\library-app\02-backend\spring-boot-library\src\test\resources
2024-05-21 14:49:47,819 [Worker-54: Building] INFO  o.a.m.s.f.DefaultMavenResourcesFiltering - Copying 1 resource from src\main\resources to target\classes
2024-05-21 14:49:47,835 [Worker-54: Building] INFO  o.a.m.s.f.DefaultMavenResourcesFiltering - Copying 0 resource from src\main\resources to target\classes
2024-05-21 14:49:47,851 [Worker-54: Building] INFO  o.a.m.s.f.DefaultMavenResourcesFiltering - skip non existing resourceDirectory C:\Users\USER\Desktop\react project\library-app\02-backend\spring-boot-library\src\test\resources
2024-05-21 14:56:34,679 [Worker-59: Building] INFO  o.a.m.s.f.DefaultMavenResourcesFiltering - Copying 1 resource from src\main\resources to target\classes
2024-05-21 14:56:34,689 [Worker-59: Building] INFO  o.a.m.s.f.DefaultMavenResourcesFiltering - Copying 0 resource from src\main\resources to target\classes
2024-05-21 14:56:34,697 [Worker-59: Building] INFO  o.a.m.s.f.DefaultMavenResourcesFiltering - skip non existing resourceDirectory C:\Users\USER\Desktop\react project\library-app\02-backend\spring-boot-library\src\test\resources
2024-05-21 14:57:39,934 [Worker-58: Building] INFO  o.a.m.s.f.DefaultMavenResourcesFiltering - Copying 1 resource from src\main\resources to target\classes
2024-05-21 14:57:39,947 [Worker-58: Building] INFO  o.a.m.s.f.DefaultMavenResourcesFiltering - Copying 0 resource from src\main\resources to target\classes
2024-05-21 14:57:39,955 [Worker-58: Building] INFO  o.a.m.s.f.DefaultMavenResourcesFiltering - skip non existing resourceDirectory C:\Users\USER\Desktop\react project\library-app\02-backend\spring-boot-library\src\test\resources
2024-05-21 14:59:21,519 [Worker-63: Building] INFO  o.a.m.s.f.DefaultMavenResourcesFiltering - Copying 1 resource from src\main\resources to target\classes
2024-05-21 14:59:21,565 [Worker-63: Building] INFO  o.a.m.s.f.DefaultMavenResourcesFiltering - Copying 0 resource from src\main\resources to target\classes
2024-05-21 14:59:21,572 [Worker-63: Building] INFO  o.a.m.s.f.DefaultMavenResourcesFiltering - skip non existing resourceDirectory C:\Users\USER\Desktop\react project\library-app\02-backend\spring-boot-library\src\test\resources
2024-05-21 15:01:38,669 [Worker-59: Building] INFO  o.a.m.s.f.DefaultMavenResourcesFiltering - Copying 1 resource from src\main\resources to target\classes
2024-05-21 15:01:38,687 [Worker-59: Building] INFO  o.a.m.s.f.DefaultMavenResourcesFiltering - Copying 0 resource from src\main\resources to target\classes
2024-05-21 15:01:38,701 [Worker-59: Building] INFO  o.a.m.s.f.DefaultMavenResourcesFiltering - skip non existing resourceDirectory C:\Users\USER\Desktop\react project\library-app\02-backend\spring-boot-library\src\test\resources
2024-05-21 15:08:56,719 [Worker-66: Building] INFO  o.a.m.s.f.DefaultMavenResourcesFiltering - Copying 1 resource from src\main\resources to target\classes
2024-05-21 15:08:56,752 [Worker-66: Building] INFO  o.a.m.s.f.DefaultMavenResourcesFiltering - Copying 0 resource from src\main\resources to target\classes
2024-05-21 15:08:56,764 [Worker-66: Building] INFO  o.a.m.s.f.DefaultMavenResourcesFiltering - skip non existing resourceDirectory C:\Users\USER\Desktop\react project\library-app\02-backend\spring-boot-library\src\test\resources
2024-05-21 15:10:40,252 [Worker-75: Building] INFO  o.a.m.s.f.DefaultMavenResourcesFiltering - Copying 1 resource from src\main\resources to target\classes
2024-05-21 15:10:40,267 [Worker-75: Building] INFO  o.a.m.s.f.DefaultMavenResourcesFiltering - Copying 0 resource from src\main\resources to target\classes
2024-05-21 15:10:40,283 [Worker-75: Building] INFO  o.a.m.s.f.DefaultMavenResourcesFiltering - skip non existing resourceDirectory C:\Users\USER\Desktop\react project\library-app\02-backend\spring-boot-library\src\test\resources
2024-05-21 15:11:45,439 [Worker-76: Updating Maven Project] INFO  o.e.m.c.i.p.ProjectConfigurationManager - Update started
2024-05-21 15:11:45,989 [Worker-76: Updating Maven Project] INFO  o.e.m.c.i.l.LifecycleMappingFactory - Using org.eclipse.m2e.jdt.JarLifecycleMapping lifecycle mapping for MavenProject: com.snccreations:spring-boot-library:2.7.3 @ C:\Users\USER\Desktop\react project\library-app\02-backend\spring-boot-library\pom.xml.
2024-05-21 15:11:47,002 [Worker-76: Updating Maven Project] INFO  o.e.m.j.i.AbstractJavaProjectConfigurator - Adding source folder /spring-boot-library/src/main/java
2024-05-21 15:11:47,002 [Worker-76: Updating Maven Project] INFO  o.e.m.j.i.AbstractJavaProjectConfigurator - Adding resource folder /spring-boot-library/src/main/resources
2024-05-21 15:11:47,002 [Worker-76: Updating Maven Project] INFO  o.e.m.j.i.AbstractJavaProjectConfigurator - Adding resource folder /spring-boot-library/src/main/resources
2024-05-21 15:11:47,003 [Worker-76: Updating Maven Project] INFO  o.e.m.j.i.AbstractJavaProjectConfigurator - Adding source folder /spring-boot-library/src/test/java
2024-05-21 15:11:47,003 [Worker-76: Updating Maven Project] INFO  o.e.m.j.i.AbstractJavaProjectConfigurator - Adding resource folder /spring-boot-library/src/test/resources
2024-05-21 15:11:47,662 [Worker-76: Updating Maven Project] INFO  o.e.m.c.i.p.ProjectConfigurationManager - Update completed for 1 poms: local refresh takes 0.00 sec, refresh facades takes 1.00 sec, update config takes 0.00 sec 
2024-05-21 15:11:48,232 [Worker-66: Building] INFO  o.a.m.s.f.DefaultMavenResourcesFiltering - Copying 1 resource from src\main\resources to target\classes
2024-05-21 15:11:48,264 [Worker-66: Building] INFO  o.a.m.s.f.DefaultMavenResourcesFiltering - Copying 0 resource from src\main\resources to target\classes
2024-05-21 15:11:48,273 [Worker-66: Building] INFO  o.a.m.s.f.DefaultMavenResourcesFiltering - skip non existing resourceDirectory C:\Users\USER\Desktop\react project\library-app\02-backend\spring-boot-library\src\test\resources
2024-05-21 15:18:11,499 [Worker-75: Building] INFO  o.e.m.c.i.l.LifecycleMappingFactory - Using org.eclipse.m2e.jdt.JarLifecycleMapping lifecycle mapping for MavenProject: com.snccreations:spring-boot-library:1.0.0 @ C:\Users\USER\Desktop\react project\library-app\02-backend\spring-boot-library\pom.xml.
2024-05-21 15:18:11,973 [Worker-75: Building] INFO  o.a.m.s.f.DefaultMavenResourcesFiltering - Copying 0 resource from src\main\resources to target\classes
2024-05-21 15:18:11,974 [Worker-75: Building] INFO  o.a.m.s.f.DefaultMavenResourcesFiltering - Copying 0 resource from src\main\resources to target\classes
2024-05-21 15:18:11,982 [Worker-75: Building] INFO  o.a.m.s.f.DefaultMavenResourcesFiltering - skip non existing resourceDirectory C:\Users\USER\Desktop\react project\library-app\02-backend\spring-boot-library\src\test\resources
2024-05-21 15:18:39,014 [Worker-79: Updating Maven Project] INFO  o.e.m.c.i.p.ProjectConfigurationManager - Update started
2024-05-21 15:18:39,404 [Worker-79: Updating Maven Project] INFO  o.e.m.c.i.l.LifecycleMappingFactory - Using org.eclipse.m2e.jdt.JarLifecycleMapping lifecycle mapping for MavenProject: com.snccreations:spring-boot-library:1.0.0 @ C:\Users\USER\Desktop\react project\library-app\02-backend\spring-boot-library\pom.xml.
2024-05-21 15:18:39,959 [Worker-79: Updating Maven Project] INFO  o.e.m.j.i.AbstractJavaProjectConfigurator - Adding source folder /spring-boot-library/src/main/java
2024-05-21 15:18:39,960 [Worker-79: Updating Maven Project] INFO  o.e.m.j.i.AbstractJavaProjectConfigurator - Adding resource folder /spring-boot-library/src/main/resources
2024-05-21 15:18:39,960 [Worker-79: Updating Maven Project] INFO  o.e.m.j.i.AbstractJavaProjectConfigurator - Adding resource folder /spring-boot-library/src/main/resources
2024-05-21 15:18:39,960 [Worker-79: Updating Maven Project] INFO  o.e.m.j.i.AbstractJavaProjectConfigurator - Adding source folder /spring-boot-library/src/test/java
2024-05-21 15:18:39,960 [Worker-79: Updating Maven Project] INFO  o.e.m.j.i.AbstractJavaProjectConfigurator - Adding resource folder /spring-boot-library/src/test/resources
2024-05-21 15:18:40,352 [Worker-79: Updating Maven Project] INFO  o.e.m.c.i.p.ProjectConfigurationManager - Update completed for 1 poms: local refresh takes 0.00 sec, refresh facades takes 0.00 sec, update config takes 0.00 sec 
2024-05-21 15:18:40,778 [Worker-84: Building] INFO  o.a.m.s.f.DefaultMavenResourcesFiltering - Copying 1 resource from src\main\resources to target\classes
2024-05-21 15:18:40,800 [Worker-84: Building] INFO  o.a.m.s.f.DefaultMavenResourcesFiltering - Copying 0 resource from src\main\resources to target\classes
2024-05-21 15:18:40,805 [Worker-84: Building] INFO  o.a.m.s.f.DefaultMavenResourcesFiltering - skip non existing resourceDirectory C:\Users\USER\Desktop\react project\library-app\02-backend\spring-boot-library\src\test\resources
2024-05-21 15:20:04,987 [Worker-87: Updating Maven Project] INFO  o.e.m.c.i.p.ProjectConfigurationManager - Update started
2024-05-21 15:20:05,462 [Worker-87: Updating Maven Project] INFO  o.e.m.c.i.l.LifecycleMappingFactory - Using org.eclipse.m2e.jdt.JarLifecycleMapping lifecycle mapping for MavenProject: com.snccreations:spring-boot-library:1.0.0 @ C:\Users\USER\Desktop\react project\library-app\02-backend\spring-boot-library\pom.xml.
2024-05-21 15:20:06,096 [Worker-87: Updating Maven Project] INFO  o.e.m.j.i.AbstractJavaProjectConfigurator - Adding source folder /spring-boot-library/src/main/java
2024-05-21 15:20:06,096 [Worker-87: Updating Maven Project] INFO  o.e.m.j.i.AbstractJavaProjectConfigurator - Adding resource folder /spring-boot-library/src/main/resources
2024-05-21 15:20:06,096 [Worker-87: Updating Maven Project] INFO  o.e.m.j.i.AbstractJavaProjectConfigurator - Adding resource folder /spring-boot-library/src/main/resources
2024-05-21 15:20:06,096 [Worker-87: Updating Maven Project] INFO  o.e.m.j.i.AbstractJavaProjectConfigurator - Adding source folder /spring-boot-library/src/test/java
2024-05-21 15:20:06,096 [Worker-87: Updating Maven Project] INFO  o.e.m.j.i.AbstractJavaProjectConfigurator - Adding resource folder /spring-boot-library/src/test/resources
2024-05-21 15:20:06,441 [Worker-87: Updating Maven Project] INFO  o.e.m.c.i.p.ProjectConfigurationManager - Update completed for 1 poms: local refresh takes 0.00 sec, refresh facades takes 1.00 sec, update config takes 0.00 sec 
2024-05-21 15:20:06,899 [Worker-88: Building] INFO  o.a.m.s.f.DefaultMavenResourcesFiltering - Copying 1 resource from src\main\resources to target\classes
2024-05-21 15:20:06,930 [Worker-88: Building] INFO  o.a.m.s.f.DefaultMavenResourcesFiltering - Copying 0 resource from src\main\resources to target\classes
2024-05-21 15:20:06,937 [Worker-88: Building] INFO  o.a.m.s.f.DefaultMavenResourcesFiltering - skip non existing resourceDirectory C:\Users\USER\Desktop\react project\library-app\02-backend\spring-boot-library\src\test\resources
2024-05-21 15:21:22,971 [Worker-90: Building] INFO  o.e.m.c.i.l.LifecycleMappingFactory - Using org.eclipse.m2e.jdt.JarLifecycleMapping lifecycle mapping for MavenProject: com.snccreations:spring-boot-library:1.0.0 @ C:\Users\USER\Desktop\react project\library-app\02-backend\spring-boot-library\pom.xml.
2024-05-21 15:21:23,736 [Worker-90: Building] INFO  o.a.m.s.f.DefaultMavenResourcesFiltering - Copying 0 resource from src\main\resources to target\classes
2024-05-21 15:21:23,738 [Worker-90: Building] INFO  o.a.m.s.f.DefaultMavenResourcesFiltering - Copying 0 resource from src\main\resources to target\classes
2024-05-21 15:21:23,745 [Worker-90: Building] INFO  o.a.m.s.f.DefaultMavenResourcesFiltering - skip non existing resourceDirectory C:\Users\USER\Desktop\react project\library-app\02-backend\spring-boot-library\src\test\resources
2024-05-21 15:21:42,449 [Worker-91: Updating Maven Project] INFO  o.e.m.c.i.p.ProjectConfigurationManager - Update started
2024-05-21 15:21:42,865 [Worker-91: Updating Maven Project] INFO  o.e.m.c.i.l.LifecycleMappingFactory - Using org.eclipse.m2e.jdt.JarLifecycleMapping lifecycle mapping for MavenProject: com.snccreations:spring-boot-library:1.0.0 @ C:\Users\USER\Desktop\react project\library-app\02-backend\spring-boot-library\pom.xml.
2024-05-21 15:21:43,425 [Worker-91: Updating Maven Project] INFO  o.e.m.j.i.AbstractJavaProjectConfigurator - Adding source folder /spring-boot-library/src/main/java
2024-05-21 15:21:43,426 [Worker-91: Updating Maven Project] INFO  o.e.m.j.i.AbstractJavaProjectConfigurator - Adding resource folder /spring-boot-library/src/main/resources
2024-05-21 15:21:43,426 [Worker-91: Updating Maven Project] INFO  o.e.m.j.i.AbstractJavaProjectConfigurator - Adding resource folder /spring-boot-library/src/main/resources
2024-05-21 15:21:43,426 [Worker-91: Updating Maven Project] INFO  o.e.m.j.i.AbstractJavaProjectConfigurator - Adding source folder /spring-boot-library/src/test/java
2024-05-21 15:21:43,426 [Worker-91: Updating Maven Project] INFO  o.e.m.j.i.AbstractJavaProjectConfigurator - Adding resource folder /spring-boot-library/src/test/resources
2024-05-21 15:21:43,426 [Worker-91: Updating Maven Project] ERROR o.e.m.j.i.AbstractJavaProjectConfigurator - Failed to find a compatible VM for environment id 'JavaSE-18', falling back to workspace default
2024-05-21 15:21:44,050 [Worker-91: Updating Maven Project] INFO  o.e.m.c.i.p.ProjectConfigurationManager - Update completed for 1 poms: local refresh takes 0.00 sec, refresh facades takes 0.00 sec, update config takes 0.00 sec 
2024-05-21 15:21:44,305 [Worker-87: Building] INFO  o.a.m.s.f.DefaultMavenResourcesFiltering - Copying 1 resource from src\main\resources to target\classes
2024-05-21 15:21:44,330 [Worker-87: Building] INFO  o.a.m.s.f.DefaultMavenResourcesFiltering - Copying 0 resource from src\main\resources to target\classes
2024-05-21 15:21:44,337 [Worker-87: Building] INFO  o.a.m.s.f.DefaultMavenResourcesFiltering - skip non existing resourceDirectory C:\Users\USER\Desktop\react project\library-app\02-backend\spring-boot-library\src\test\resources
2024-05-21 15:27:47,393 [Worker-89: Building] INFO  o.e.m.c.i.l.LifecycleMappingFactory - Using org.eclipse.m2e.jdt.JarLifecycleMapping lifecycle mapping for MavenProject: com.snccreations:spring-boot-library:1.0.0 @ C:\Users\USER\Desktop\react project\library-app\02-backend\spring-boot-library\pom.xml.
2024-05-21 15:27:47,911 [Worker-89: Building] INFO  o.a.m.s.f.DefaultMavenResourcesFiltering - Copying 0 resource from src\main\resources to target\classes
2024-05-21 15:27:47,912 [Worker-89: Building] INFO  o.a.m.s.f.DefaultMavenResourcesFiltering - Copying 0 resource from src\main\resources to target\classes
2024-05-21 15:27:47,917 [Worker-89: Building] INFO  o.a.m.s.f.DefaultMavenResourcesFiltering - skip non existing resourceDirectory C:\Users\USER\Desktop\react project\library-app\02-backend\spring-boot-library\src\test\resources
2024-05-21 15:27:58,432 [Worker-95: Updating Maven Project] INFO  o.e.m.c.i.p.ProjectConfigurationManager - Update started
2024-05-21 15:27:58,836 [Worker-95: Updating Maven Project] INFO  o.e.m.c.i.l.LifecycleMappingFactory - Using org.eclipse.m2e.jdt.JarLifecycleMapping lifecycle mapping for MavenProject: com.snccreations:spring-boot-library:2.7.3 @ C:\Users\USER\Desktop\react project\library-app\02-backend\spring-boot-library\pom.xml.
2024-05-21 15:27:59,401 [Worker-95: Updating Maven Project] INFO  o.e.m.j.i.AbstractJavaProjectConfigurator - Adding source folder /spring-boot-library/src/main/java
2024-05-21 15:27:59,401 [Worker-95: Updating Maven Project] INFO  o.e.m.j.i.AbstractJavaProjectConfigurator - Adding resource folder /spring-boot-library/src/main/resources
2024-05-21 15:27:59,401 [Worker-95: Updating Maven Project] INFO  o.e.m.j.i.AbstractJavaProjectConfigurator - Adding resource folder /spring-boot-library/src/main/resources
2024-05-21 15:27:59,402 [Worker-95: Updating Maven Project] INFO  o.e.m.j.i.AbstractJavaProjectConfigurator - Adding source folder /spring-boot-library/src/test/java
2024-05-21 15:27:59,402 [Worker-95: Updating Maven Project] INFO  o.e.m.j.i.AbstractJavaProjectConfigurator - Adding resource folder /spring-boot-library/src/test/resources
2024-05-21 15:27:59,901 [Worker-95: Updating Maven Project] INFO  o.e.m.c.i.p.ProjectConfigurationManager - Update completed for 1 poms: local refresh takes 0.00 sec, refresh facades takes 0.00 sec, update config takes 0.00 sec 
2024-05-21 15:28:00,375 [Worker-98: Building] INFO  o.a.m.s.f.DefaultMavenResourcesFiltering - Copying 1 resource from src\main\resources to target\classes
2024-05-21 15:28:00,407 [Worker-98: Building] INFO  o.a.m.s.f.DefaultMavenResourcesFiltering - Copying 0 resource from src\main\resources to target\classes
2024-05-21 15:28:00,416 [Worker-98: Building] INFO  o.a.m.s.f.DefaultMavenResourcesFiltering - skip non existing resourceDirectory C:\Users\USER\Desktop\react project\library-app\02-backend\spring-boot-library\src\test\resources
2024-05-21 15:29:26,909 [Worker-100: Building] INFO  o.a.m.s.f.DefaultMavenResourcesFiltering - Copying 1 resource from src\main\resources to target\classes
2024-05-21 15:29:26,939 [Worker-100: Building] INFO  o.a.m.s.f.DefaultMavenResourcesFiltering - Copying 0 resource from src\main\resources to target\classes
2024-05-21 15:29:26,947 [Worker-100: Building] INFO  o.a.m.s.f.DefaultMavenResourcesFiltering - skip non existing resourceDirectory C:\Users\USER\Desktop\react project\library-app\02-backend\spring-boot-library\src\test\resources
2024-05-21 15:56:50,149 [Worker-104: Building] INFO  o.a.m.s.f.DefaultMavenResourcesFiltering - Copying 1 resource from src\main\resources to target\classes
2024-05-21 15:56:50,166 [Worker-104: Building] INFO  o.a.m.s.f.DefaultMavenResourcesFiltering - Copying 0 resource from src\main\resources to target\classes
2024-05-21 15:56:50,171 [Worker-104: Building] INFO  o.a.m.s.f.DefaultMavenResourcesFiltering - skip non existing resourceDirectory C:\Users\USER\Desktop\react project\library-app\02-backend\spring-boot-library\src\test\resources
2024-05-21 15:58:19,521 [Worker-109: Building] INFO  o.a.m.s.f.DefaultMavenResourcesFiltering - Copying 1 resource from src\main\resources to target\classes
2024-05-21 15:58:19,553 [Worker-109: Building] INFO  o.a.m.s.f.DefaultMavenResourcesFiltering - Copying 0 resource from src\main\resources to target\classes
2024-05-21 15:58:19,560 [Worker-109: Building] INFO  o.a.m.s.f.DefaultMavenResourcesFiltering - skip non existing resourceDirectory C:\Users\USER\Desktop\react project\library-app\02-backend\spring-boot-library\src\test\resources
2024-05-21 15:58:47,879 [Worker-108: Updating Maven Project] INFO  o.e.m.c.i.p.ProjectConfigurationManager - Update started
2024-05-21 15:58:48,304 [Worker-108: Updating Maven Project] INFO  o.e.m.c.i.l.LifecycleMappingFactory - Using org.eclipse.m2e.jdt.JarLifecycleMapping lifecycle mapping for MavenProject: com.snccreations:spring-boot-library:2.7.3 @ C:\Users\USER\Desktop\react project\library-app\02-backend\spring-boot-library\pom.xml.
2024-05-21 15:58:49,021 [Worker-108: Updating Maven Project] INFO  o.e.m.j.i.AbstractJavaProjectConfigurator - Adding source folder /spring-boot-library/src/main/java
2024-05-21 15:58:49,021 [Worker-108: Updating Maven Project] INFO  o.e.m.j.i.AbstractJavaProjectConfigurator - Adding resource folder /spring-boot-library/src/main/resources
2024-05-21 15:58:49,021 [Worker-108: Updating Maven Project] INFO  o.e.m.j.i.AbstractJavaProjectConfigurator - Adding resource folder /spring-boot-library/src/main/resources
2024-05-21 15:58:49,022 [Worker-108: Updating Maven Project] INFO  o.e.m.j.i.AbstractJavaProjectConfigurator - Adding source folder /spring-boot-library/src/test/java
2024-05-21 15:58:49,022 [Worker-108: Updating Maven Project] INFO  o.e.m.j.i.AbstractJavaProjectConfigurator - Adding resource folder /spring-boot-library/src/test/resources
2024-05-21 15:58:49,470 [Worker-108: Updating Maven Project] INFO  o.e.m.c.i.p.ProjectConfigurationManager - Update completed for 1 poms: local refresh takes 0.00 sec, refresh facades takes 1.00 sec, update config takes 0.00 sec 
2024-05-21 15:58:49,959 [Worker-107: Building] INFO  o.a.m.s.f.DefaultMavenResourcesFiltering - Copying 1 resource from src\main\resources to target\classes
2024-05-21 15:58:49,979 [Worker-107: Building] INFO  o.a.m.s.f.DefaultMavenResourcesFiltering - Copying 0 resource from src\main\resources to target\classes
2024-05-21 15:58:49,984 [Worker-107: Building] INFO  o.a.m.s.f.DefaultMavenResourcesFiltering - skip non existing resourceDirectory C:\Users\USER\Desktop\react project\library-app\02-backend\spring-boot-library\src\test\resources
2024-05-21 16:02:31,703 [Worker-114: Building] INFO  o.a.m.s.f.DefaultMavenResourcesFiltering - Copying 1 resource from src\main\resources to target\classes
2024-05-21 16:02:31,723 [Worker-114: Building] INFO  o.a.m.s.f.DefaultMavenResourcesFiltering - Copying 0 resource from src\main\resources to target\classes
2024-05-21 16:02:31,730 [Worker-114: Building] INFO  o.a.m.s.f.DefaultMavenResourcesFiltering - skip non existing resourceDirectory C:\Users\USER\Desktop\react project\library-app\02-backend\spring-boot-library\src\test\resources
2024-05-21 16:03:13,507 [Worker-113: Building] INFO  o.a.m.s.f.DefaultMavenResourcesFiltering - Copying 1 resource from src\main\resources to target\classes
2024-05-21 16:03:13,517 [Worker-113: Building] INFO  o.a.m.s.f.DefaultMavenResourcesFiltering - Copying 0 resource from src\main\resources to target\classes
2024-05-21 16:03:13,521 [Worker-113: Building] INFO  o.a.m.s.f.DefaultMavenResourcesFiltering - skip non existing resourceDirectory C:\Users\USER\Desktop\react project\library-app\02-backend\spring-boot-library\src\test\resources
2024-05-21 16:03:42,386 [Worker-114: Building] INFO  o.a.m.s.f.DefaultMavenResourcesFiltering - Copying 1 resource from src\main\resources to target\classes
2024-05-21 16:03:42,396 [Worker-114: Building] INFO  o.a.m.s.f.DefaultMavenResourcesFiltering - Copying 0 resource from src\main\resources to target\classes
2024-05-21 16:03:42,402 [Worker-114: Building] INFO  o.a.m.s.f.DefaultMavenResourcesFiltering - skip non existing resourceDirectory C:\Users\USER\Desktop\react project\library-app\02-backend\spring-boot-library\src\test\resources
2024-05-21 17:10:04,008 [Worker-125: Building] INFO  o.a.m.s.f.DefaultMavenResourcesFiltering - Copying 1 resource from src\main\resources to target\classes
2024-05-21 17:10:04,129 [Worker-125: Building] INFO  o.a.m.s.f.DefaultMavenResourcesFiltering - Copying 0 resource from src\main\resources to target\classes
2024-05-21 17:10:04,134 [Worker-125: Building] INFO  o.a.m.s.f.DefaultMavenResourcesFiltering - skip non existing resourceDirectory C:\Users\USER\Desktop\react project\library-app\02-backend\spring-boot-library\src\test\resources
2024-05-21 17:10:26,903 [Worker-111: Building] INFO  o.a.m.s.f.DefaultMavenResourcesFiltering - Copying 1 resource from src\main\resources to target\classes
2024-05-21 17:10:27,006 [Worker-111: Building] INFO  o.a.m.s.f.DefaultMavenResourcesFiltering - Copying 0 resource from src\main\resources to target\classes
2024-05-21 17:10:27,015 [Worker-111: Building] INFO  o.a.m.s.f.DefaultMavenResourcesFiltering - skip non existing resourceDirectory C:\Users\USER\Desktop\react project\library-app\02-backend\spring-boot-library\src\test\resources
2024-05-21 17:12:54,185 [Worker-129: Building] INFO  o.a.m.s.f.DefaultMavenResourcesFiltering - Copying 1 resource from src\main\resources to target\classes
2024-05-21 17:12:54,214 [Worker-129: Building] INFO  o.a.m.s.f.DefaultMavenResourcesFiltering - Copying 0 resource from src\main\resources to target\classes
2024-05-21 17:12:54,220 [Worker-129: Building] INFO  o.a.m.s.f.DefaultMavenResourcesFiltering - skip non existing resourceDirectory C:\Users\USER\Desktop\react project\library-app\02-backend\spring-boot-library\src\test\resources
2024-05-21 17:13:05,862 [Worker-128: Building] INFO  o.a.m.s.f.DefaultMavenResourcesFiltering - Copying 1 resource from src\main\resources to target\classes
2024-05-21 17:13:05,890 [Worker-128: Building] INFO  o.a.m.s.f.DefaultMavenResourcesFiltering - Copying 0 resource from src\main\resources to target\classes
2024-05-21 17:13:05,895 [Worker-128: Building] INFO  o.a.m.s.f.DefaultMavenResourcesFiltering - skip non existing resourceDirectory C:\Users\USER\Desktop\react project\library-app\02-backend\spring-boot-library\src\test\resources
2024-05-21 17:15:22,741 [Worker-117: Building] INFO  o.a.m.s.f.DefaultMavenResourcesFiltering - Copying 1 resource from src\main\resources to target\classes
2024-05-21 17:15:22,762 [Worker-117: Building] INFO  o.a.m.s.f.DefaultMavenResourcesFiltering - Copying 0 resource from src\main\resources to target\classes
2024-05-21 17:15:22,767 [Worker-117: Building] INFO  o.a.m.s.f.DefaultMavenResourcesFiltering - skip non existing resourceDirectory C:\Users\USER\Desktop\react project\library-app\02-backend\spring-boot-library\src\test\resources
2024-05-21 17:15:43,788 [Worker-132: Building] INFO  o.a.m.s.f.DefaultMavenResourcesFiltering - Copying 1 resource from src\main\resources to target\classes
2024-05-21 17:15:43,811 [Worker-132: Building] INFO  o.a.m.s.f.DefaultMavenResourcesFiltering - Copying 0 resource from src\main\resources to target\classes
2024-05-21 17:15:43,819 [Worker-132: Building] INFO  o.a.m.s.f.DefaultMavenResourcesFiltering - skip non existing resourceDirectory C:\Users\USER\Desktop\react project\library-app\02-backend\spring-boot-library\src\test\resources
2024-05-21 17:16:46,655 [Worker-128: Building] INFO  o.a.m.s.f.DefaultMavenResourcesFiltering - Copying 1 resource from src\main\resources to target\classes
2024-05-21 17:16:46,714 [Worker-128: Building] INFO  o.a.m.s.f.DefaultMavenResourcesFiltering - Copying 0 resource from src\main\resources to target\classes
2024-05-21 17:16:46,719 [Worker-128: Building] INFO  o.a.m.s.f.DefaultMavenResourcesFiltering - skip non existing resourceDirectory C:\Users\USER\Desktop\react project\library-app\02-backend\spring-boot-library\src\test\resources
2024-05-21 17:22:00,341 [Worker-134: Building] INFO  o.a.m.s.f.DefaultMavenResourcesFiltering - Copying 1 resource from src\main\resources to target\classes
2024-05-21 17:22:00,404 [Worker-134: Building] INFO  o.a.m.s.f.DefaultMavenResourcesFiltering - Copying 0 resource from src\main\resources to target\classes
2024-05-21 17:22:00,419 [Worker-134: Building] INFO  o.a.m.s.f.DefaultMavenResourcesFiltering - skip non existing resourceDirectory C:\Users\USER\Desktop\react project\library-app\02-backend\spring-boot-library\src\test\resources
2024-05-21 17:25:18,323 [Worker-133: Building] INFO  o.a.m.s.f.DefaultMavenResourcesFiltering - Copying 1 resource from src\main\resources to target\classes
2024-05-21 17:25:18,354 [Worker-133: Building] INFO  o.a.m.s.f.DefaultMavenResourcesFiltering - Copying 0 resource from src\main\resources to target\classes
2024-05-21 17:25:18,367 [Worker-133: Building] INFO  o.a.m.s.f.DefaultMavenResourcesFiltering - skip non existing resourceDirectory C:\Users\USER\Desktop\react project\library-app\02-backend\spring-boot-library\src\test\resources
2024-05-21 17:26:20,620 [Worker-140: Building] INFO  o.a.m.s.f.DefaultMavenResourcesFiltering - Copying 1 resource from src\main\resources to target\classes
2024-05-21 17:26:20,632 [Worker-140: Building] INFO  o.a.m.s.f.DefaultMavenResourcesFiltering - Copying 0 resource from src\main\resources to target\classes
2024-05-21 17:26:20,636 [Worker-140: Building] INFO  o.a.m.s.f.DefaultMavenResourcesFiltering - skip non existing resourceDirectory C:\Users\USER\Desktop\react project\library-app\02-backend\spring-boot-library\src\test\resources
2024-05-21 17:28:20,477 [Worker-140: Building] INFO  o.a.m.s.f.DefaultMavenResourcesFiltering - Copying 1 resource from src\main\resources to target\classes
2024-05-21 17:28:20,497 [Worker-140: Building] INFO  o.a.m.s.f.DefaultMavenResourcesFiltering - Copying 0 resource from src\main\resources to target\classes
2024-05-21 17:28:20,503 [Worker-140: Building] INFO  o.a.m.s.f.DefaultMavenResourcesFiltering - skip non existing resourceDirectory C:\Users\USER\Desktop\react project\library-app\02-backend\spring-boot-library\src\test\resources
2024-05-21 17:32:03,882 [Worker-145: Building] INFO  o.a.m.s.f.DefaultMavenResourcesFiltering - Copying 1 resource from src\main\resources to target\classes
2024-05-21 17:32:03,905 [Worker-145: Building] INFO  o.a.m.s.f.DefaultMavenResourcesFiltering - Copying 0 resource from src\main\resources to target\classes
2024-05-21 17:32:03,910 [Worker-145: Building] INFO  o.a.m.s.f.DefaultMavenResourcesFiltering - skip non existing resourceDirectory C:\Users\USER\Desktop\react project\library-app\02-backend\spring-boot-library\src\test\resources
2024-05-21 17:32:51,885 [Worker-141: Building] INFO  o.a.m.s.f.DefaultMavenResourcesFiltering - Copying 1 resource from src\main\resources to target\classes
2024-05-21 17:32:51,921 [Worker-141: Building] INFO  o.a.m.s.f.DefaultMavenResourcesFiltering - Copying 0 resource from src\main\resources to target\classes
2024-05-21 17:32:51,929 [Worker-141: Building] INFO  o.a.m.s.f.DefaultMavenResourcesFiltering - skip non existing resourceDirectory C:\Users\USER\Desktop\react project\library-app\02-backend\spring-boot-library\src\test\resources
2024-05-21 17:34:07,985 [Worker-142: Building] INFO  o.a.m.s.f.DefaultMavenResourcesFiltering - Copying 1 resource from src\main\resources to target\classes
2024-05-21 17:34:07,997 [Worker-142: Building] INFO  o.a.m.s.f.DefaultMavenResourcesFiltering - Copying 0 resource from src\main\resources to target\classes
2024-05-21 17:34:08,003 [Worker-142: Building] INFO  o.a.m.s.f.DefaultMavenResourcesFiltering - skip non existing resourceDirectory C:\Users\USER\Desktop\react project\library-app\02-backend\spring-boot-library\src\test\resources
2024-05-21 17:38:27,944 [Worker-152: Building] INFO  o.a.m.s.f.DefaultMavenResourcesFiltering - Copying 1 resource from src\main\resources to target\classes
2024-05-21 17:38:27,955 [Worker-152: Building] INFO  o.a.m.s.f.DefaultMavenResourcesFiltering - Copying 0 resource from src\main\resources to target\classes
2024-05-21 17:38:27,963 [Worker-152: Building] INFO  o.a.m.s.f.DefaultMavenResourcesFiltering - skip non existing resourceDirectory C:\Users\USER\Desktop\react project\library-app\02-backend\spring-boot-library\src\test\resources
2024-05-21 17:38:42,908 [Worker-151: Building] INFO  o.a.m.s.f.DefaultMavenResourcesFiltering - Copying 1 resource from src\main\resources to target\classes
2024-05-21 17:38:42,933 [Worker-151: Building] INFO  o.a.m.s.f.DefaultMavenResourcesFiltering - Copying 0 resource from src\main\resources to target\classes
2024-05-21 17:38:42,938 [Worker-151: Building] INFO  o.a.m.s.f.DefaultMavenResourcesFiltering - skip non existing resourceDirectory C:\Users\USER\Desktop\react project\library-app\02-backend\spring-boot-library\src\test\resources
2024-05-21 17:39:38,299 [Worker-152: Building] INFO  o.a.m.s.f.DefaultMavenResourcesFiltering - Copying 1 resource from src\main\resources to target\classes
2024-05-21 17:39:38,307 [Worker-152: Building] INFO  o.a.m.s.f.DefaultMavenResourcesFiltering - Copying 0 resource from src\main\resources to target\classes
2024-05-21 17:39:38,311 [Worker-152: Building] INFO  o.a.m.s.f.DefaultMavenResourcesFiltering - skip non existing resourceDirectory C:\Users\USER\Desktop\react project\library-app\02-backend\spring-boot-library\src\test\resources
2024-05-21 17:40:44,403 [Worker-145: Building] INFO  o.a.m.s.f.DefaultMavenResourcesFiltering - Copying 1 resource from src\main\resources to target\classes
2024-05-21 17:40:44,413 [Worker-145: Building] INFO  o.a.m.s.f.DefaultMavenResourcesFiltering - Copying 0 resource from src\main\resources to target\classes
2024-05-21 17:40:44,417 [Worker-145: Building] INFO  o.a.m.s.f.DefaultMavenResourcesFiltering - skip non existing resourceDirectory C:\Users\USER\Desktop\react project\library-app\02-backend\spring-boot-library\src\test\resources
2024-05-21 17:42:53,574 [Worker-156: Building] INFO  o.a.m.s.f.DefaultMavenResourcesFiltering - Copying 1 resource from src\main\resources to target\classes
2024-05-21 17:42:53,585 [Worker-156: Building] INFO  o.a.m.s.f.DefaultMavenResourcesFiltering - Copying 0 resource from src\main\resources to target\classes
2024-05-21 17:42:53,588 [Worker-156: Building] INFO  o.a.m.s.f.DefaultMavenResourcesFiltering - skip non existing resourceDirectory C:\Users\USER\Desktop\react project\library-app\02-backend\spring-boot-library\src\test\resources
2024-05-21 17:43:09,534 [Worker-156: Updating Maven Project] INFO  o.e.m.c.i.p.ProjectConfigurationManager - Update started
2024-05-21 17:43:11,504 [Worker-156: Updating Maven Project] INFO  o.e.m.c.i.l.LifecycleMappingFactory - Using org.eclipse.m2e.jdt.JarLifecycleMapping lifecycle mapping for MavenProject: com.snccreations:spring-boot-library:2.7.3 @ C:\Users\USER\Desktop\react project\library-app\02-backend\spring-boot-library\pom.xml.
2024-05-21 17:43:15,089 [Worker-156: Updating Maven Project] INFO  o.e.m.j.i.AbstractJavaProjectConfigurator - Adding source folder /spring-boot-library/src/main/java
2024-05-21 17:43:15,089 [Worker-156: Updating Maven Project] INFO  o.e.m.j.i.AbstractJavaProjectConfigurator - Adding resource folder /spring-boot-library/src/main/resources
2024-05-21 17:43:15,090 [Worker-156: Updating Maven Project] INFO  o.e.m.j.i.AbstractJavaProjectConfigurator - Adding resource folder /spring-boot-library/src/main/resources
2024-05-21 17:43:15,090 [Worker-156: Updating Maven Project] INFO  o.e.m.j.i.AbstractJavaProjectConfigurator - Adding source folder /spring-boot-library/src/test/java
2024-05-21 17:43:15,090 [Worker-156: Updating Maven Project] INFO  o.e.m.j.i.AbstractJavaProjectConfigurator - Adding resource folder /spring-boot-library/src/test/resources
2024-05-21 17:43:15,585 [Worker-156: Updating Maven Project] INFO  o.e.m.c.i.p.ProjectConfigurationManager - Update completed for 1 poms: local refresh takes 0.00 sec, refresh facades takes 5.00 sec, update config takes 0.00 sec 
2024-05-21 17:43:16,488 [Worker-161: Building] INFO  o.a.m.s.f.DefaultMavenResourcesFiltering - Copying 1 resource from src\main\resources to target\classes
2024-05-21 17:43:16,531 [Worker-161: Building] INFO  o.a.m.s.f.DefaultMavenResourcesFiltering - Copying 0 resource from src\main\resources to target\classes
2024-05-21 17:43:16,541 [Worker-161: Building] INFO  o.a.m.s.f.DefaultMavenResourcesFiltering - skip non existing resourceDirectory C:\Users\USER\Desktop\react project\library-app\02-backend\spring-boot-library\src\test\resources
2024-05-21 17:46:27,367 [Worker-151: Building] INFO  o.a.m.s.f.DefaultMavenResourcesFiltering - Copying 1 resource from src\main\resources to target\classes
2024-05-21 17:46:27,383 [Worker-151: Building] INFO  o.a.m.s.f.DefaultMavenResourcesFiltering - Copying 0 resource from src\main\resources to target\classes
2024-05-21 17:46:27,393 [Worker-151: Building] INFO  o.a.m.s.f.DefaultMavenResourcesFiltering - skip non existing resourceDirectory C:\Users\USER\Desktop\react project\library-app\02-backend\spring-boot-library\src\test\resources
2024-05-21 17:46:32,804 [Worker-160: Building] INFO  o.a.m.s.f.DefaultMavenResourcesFiltering - Copying 1 resource from src\main\resources to target\classes
2024-05-21 17:46:32,816 [Worker-160: Building] INFO  o.a.m.s.f.DefaultMavenResourcesFiltering - Copying 0 resource from src\main\resources to target\classes
2024-05-21 17:46:32,820 [Worker-160: Building] INFO  o.a.m.s.f.DefaultMavenResourcesFiltering - skip non existing resourceDirectory C:\Users\USER\Desktop\react project\library-app\02-backend\spring-boot-library\src\test\resources
2024-05-21 17:46:52,594 [Worker-149: Building] INFO  o.a.m.s.f.DefaultMavenResourcesFiltering - Copying 1 resource from src\main\resources to target\classes
2024-05-21 17:46:52,606 [Worker-149: Building] INFO  o.a.m.s.f.DefaultMavenResourcesFiltering - Copying 0 resource from src\main\resources to target\classes
2024-05-21 17:46:52,611 [Worker-149: Building] INFO  o.a.m.s.f.DefaultMavenResourcesFiltering - skip non existing resourceDirectory C:\Users\USER\Desktop\react project\library-app\02-backend\spring-boot-library\src\test\resources
2024-05-21 17:47:13,697 [Worker-162: Building] INFO  o.a.m.s.f.DefaultMavenResourcesFiltering - Copying 1 resource from src\main\resources to target\classes
2024-05-21 17:47:13,775 [Worker-162: Building] INFO  o.a.m.s.f.DefaultMavenResourcesFiltering - Copying 0 resource from src\main\resources to target\classes
2024-05-21 17:47:13,775 [Worker-162: Building] INFO  o.a.m.s.f.DefaultMavenResourcesFiltering - skip non existing resourceDirectory C:\Users\USER\Desktop\react project\library-app\02-backend\spring-boot-library\src\test\resources
2024-05-21 17:47:24,374 [Worker-149: Building] INFO  o.a.m.s.f.DefaultMavenResourcesFiltering - Copying 1 resource from src\main\resources to target\classes
2024-05-21 17:47:24,390 [Worker-149: Building] INFO  o.a.m.s.f.DefaultMavenResourcesFiltering - Copying 0 resource from src\main\resources to target\classes
2024-05-21 17:47:24,395 [Worker-149: Building] INFO  o.a.m.s.f.DefaultMavenResourcesFiltering - skip non existing resourceDirectory C:\Users\USER\Desktop\react project\library-app\02-backend\spring-boot-library\src\test\resources
2024-05-21 18:22:15,672 [Worker-171: Building] INFO  o.a.m.s.f.DefaultMavenResourcesFiltering - Copying 1 resource from src\main\resources to target\classes
2024-05-21 18:22:15,791 [Worker-171: Building] INFO  o.a.m.s.f.DefaultMavenResourcesFiltering - Copying 0 resource from src\main\resources to target\classes
2024-05-21 18:22:15,797 [Worker-171: Building] INFO  o.a.m.s.f.DefaultMavenResourcesFiltering - skip non existing resourceDirectory C:\Users\USER\Desktop\react project\library-app\02-backend\spring-boot-library\src\test\resources
2024-05-21 18:23:42,371 [Worker-171: Building] INFO  o.a.m.s.f.DefaultMavenResourcesFiltering - Copying 1 resource from src\main\resources to target\classes
2024-05-21 18:23:42,451 [Worker-171: Building] INFO  o.a.m.s.f.DefaultMavenResourcesFiltering - Copying 0 resource from src\main\resources to target\classes
2024-05-21 18:23:42,454 [Worker-171: Building] INFO  o.a.m.s.f.DefaultMavenResourcesFiltering - skip non existing resourceDirectory C:\Users\USER\Desktop\react project\library-app\02-backend\spring-boot-library\src\test\resources
2024-05-21 18:25:03,365 [Worker-176: Building] INFO  o.a.m.s.f.DefaultMavenResourcesFiltering - Copying 1 resource from src\main\resources to target\classes
2024-05-21 18:25:03,377 [Worker-176: Building] INFO  o.a.m.s.f.DefaultMavenResourcesFiltering - Copying 0 resource from src\main\resources to target\classes
2024-05-21 18:25:03,380 [Worker-176: Building] INFO  o.a.m.s.f.DefaultMavenResourcesFiltering - skip non existing resourceDirectory C:\Users\USER\Desktop\react project\library-app\02-backend\spring-boot-library\src\test\resources
2024-05-22 10:35:35,209 [Worker-8: Loading available Gradle versions] INFO  o.e.b.c.i.u.g.PublishedGradleVersions - Gradle version information cache is up-to-date. Trying to read.
2024-05-22 10:36:08,090 [Worker-9: Updating Maven Project] INFO  o.e.m.c.i.p.ProjectConfigurationManager - Update started
2024-05-22 10:36:11,648 [Worker-9: Updating Maven Project] INFO  o.e.m.c.i.l.LifecycleMappingFactory - Using org.eclipse.m2e.jdt.JarLifecycleMapping lifecycle mapping for MavenProject: com.snccreations:spring-boot-library:2.7.3 @ C:\Users\USER\Desktop\react project\library-app\02-backend\spring-boot-library\pom.xml.
2024-05-22 10:36:13,182 [Worker-9: Updating Maven Project] INFO  o.e.m.j.i.AbstractJavaProjectConfigurator - Adding source folder /spring-boot-library/src/main/java
2024-05-22 10:36:13,183 [Worker-9: Updating Maven Project] INFO  o.e.m.j.i.AbstractJavaProjectConfigurator - Adding resource folder /spring-boot-library/src/main/resources
2024-05-22 10:36:13,183 [Worker-9: Updating Maven Project] INFO  o.e.m.j.i.AbstractJavaProjectConfigurator - Adding resource folder /spring-boot-library/src/main/resources
2024-05-22 10:36:13,184 [Worker-9: Updating Maven Project] INFO  o.e.m.j.i.AbstractJavaProjectConfigurator - Adding source folder /spring-boot-library/src/test/java
2024-05-22 10:36:13,185 [Worker-9: Updating Maven Project] INFO  o.e.m.j.i.AbstractJavaProjectConfigurator - Adding resource folder /spring-boot-library/src/test/resources
2024-05-22 10:36:14,015 [Worker-9: Updating Maven Project] INFO  o.e.m.c.i.p.ProjectConfigurationManager - Update completed for 1 poms: local refresh takes 0.00 sec, refresh facades takes 4.00 sec, update config takes 1.00 sec 
2024-05-22 10:36:14,926 [Worker-16: Building] INFO  o.a.m.s.f.DefaultMavenResourcesFiltering - Copying 1 resource from src\main\resources to target\classes
2024-05-22 10:36:14,969 [Worker-16: Building] INFO  o.a.m.s.f.DefaultMavenResourcesFiltering - Copying 0 resource from src\main\resources to target\classes
2024-05-22 10:36:14,981 [Worker-16: Building] INFO  o.a.m.s.f.DefaultMavenResourcesFiltering - skip non existing resourceDirectory C:\Users\USER\Desktop\react project\library-app\02-backend\spring-boot-library\src\test\resources
2024-05-22 10:49:30,268 [Worker-21: Building] INFO  o.a.m.s.f.DefaultMavenResourcesFiltering - Copying 1 resource from src\main\resources to target\classes
2024-05-22 10:49:30,279 [Worker-21: Building] INFO  o.a.m.s.f.DefaultMavenResourcesFiltering - Copying 0 resource from src\main\resources to target\classes
2024-05-22 10:49:30,288 [Worker-21: Building] INFO  o.a.m.s.f.DefaultMavenResourcesFiltering - skip non existing resourceDirectory C:\Users\USER\Desktop\react project\library-app\02-backend\spring-boot-library\src\test\resources
2024-05-22 10:49:46,934 [Worker-21: Building] INFO  o.a.m.s.f.DefaultMavenResourcesFiltering - Copying 1 resource from src\main\resources to target\classes
2024-05-22 10:49:46,952 [Worker-21: Building] INFO  o.a.m.s.f.DefaultMavenResourcesFiltering - Copying 0 resource from src\main\resources to target\classes
2024-05-22 10:49:46,960 [Worker-21: Building] INFO  o.a.m.s.f.DefaultMavenResourcesFiltering - skip non existing resourceDirectory C:\Users\USER\Desktop\react project\library-app\02-backend\spring-boot-library\src\test\resources
2024-05-22 10:50:03,663 [Worker-26: Building] INFO  o.a.m.s.f.DefaultMavenResourcesFiltering - Copying 1 resource from src\main\resources to target\classes
2024-05-22 10:50:03,706 [Worker-26: Building] INFO  o.a.m.s.f.DefaultMavenResourcesFiltering - Copying 0 resource from src\main\resources to target\classes
2024-05-22 10:50:03,714 [Worker-26: Building] INFO  o.a.m.s.f.DefaultMavenResourcesFiltering - skip non existing resourceDirectory C:\Users\USER\Desktop\react project\library-app\02-backend\spring-boot-library\src\test\resources
2024-05-22 10:50:19,742 [Worker-25: Building] INFO  o.a.m.s.f.DefaultMavenResourcesFiltering - Copying 1 resource from src\main\resources to target\classes
2024-05-22 10:50:19,750 [Worker-25: Building] INFO  o.a.m.s.f.DefaultMavenResourcesFiltering - Copying 0 resource from src\main\resources to target\classes
2024-05-22 10:50:19,755 [Worker-25: Building] INFO  o.a.m.s.f.DefaultMavenResourcesFiltering - skip non existing resourceDirectory C:\Users\USER\Desktop\react project\library-app\02-backend\spring-boot-library\src\test\resources
2024-05-22 10:50:39,608 [Worker-23: Building] INFO  o.a.m.s.f.DefaultMavenResourcesFiltering - Copying 1 resource from src\main\resources to target\classes
2024-05-22 10:50:39,616 [Worker-23: Building] INFO  o.a.m.s.f.DefaultMavenResourcesFiltering - Copying 0 resource from src\main\resources to target\classes
2024-05-22 10:50:39,621 [Worker-23: Building] INFO  o.a.m.s.f.DefaultMavenResourcesFiltering - skip non existing resourceDirectory C:\Users\USER\Desktop\react project\library-app\02-backend\spring-boot-library\src\test\resources
2024-05-22 10:50:54,933 [Worker-7: Building] INFO  o.a.m.s.f.DefaultMavenResourcesFiltering - Copying 1 resource from src\main\resources to target\classes
2024-05-22 10:50:54,944 [Worker-7: Building] INFO  o.a.m.s.f.DefaultMavenResourcesFiltering - Copying 0 resource from src\main\resources to target\classes
2024-05-22 10:50:54,951 [Worker-7: Building] INFO  o.a.m.s.f.DefaultMavenResourcesFiltering - skip non existing resourceDirectory C:\Users\USER\Desktop\react project\library-app\02-backend\spring-boot-library\src\test\resources
2024-05-22 10:51:42,622 [Worker-7: Building] INFO  o.a.m.s.f.DefaultMavenResourcesFiltering - Copying 1 resource from src\main\resources to target\classes
2024-05-22 10:51:42,631 [Worker-7: Building] INFO  o.a.m.s.f.DefaultMavenResourcesFiltering - Copying 0 resource from src\main\resources to target\classes
2024-05-22 10:51:42,644 [Worker-7: Building] INFO  o.a.m.s.f.DefaultMavenResourcesFiltering - skip non existing resourceDirectory C:\Users\USER\Desktop\react project\library-app\02-backend\spring-boot-library\src\test\resources
2024-05-22 10:51:54,402 [Worker-28: Building] INFO  o.a.m.s.f.DefaultMavenResourcesFiltering - Copying 1 resource from src\main\resources to target\classes
2024-05-22 10:51:54,408 [Worker-28: Building] INFO  o.a.m.s.f.DefaultMavenResourcesFiltering - Copying 0 resource from src\main\resources to target\classes
2024-05-22 10:51:54,415 [Worker-28: Building] INFO  o.a.m.s.f.DefaultMavenResourcesFiltering - skip non existing resourceDirectory C:\Users\USER\Desktop\react project\library-app\02-backend\spring-boot-library\src\test\resources
2024-05-22 10:52:45,155 [Worker-25: Building] INFO  o.a.m.s.f.DefaultMavenResourcesFiltering - Copying 1 resource from src\main\resources to target\classes
2024-05-22 10:52:45,163 [Worker-25: Building] INFO  o.a.m.s.f.DefaultMavenResourcesFiltering - Copying 0 resource from src\main\resources to target\classes
2024-05-22 10:52:45,168 [Worker-25: Building] INFO  o.a.m.s.f.DefaultMavenResourcesFiltering - skip non existing resourceDirectory C:\Users\USER\Desktop\react project\library-app\02-backend\spring-boot-library\src\test\resources
2024-05-22 10:56:31,039 [Worker-30: Building] INFO  o.a.m.s.f.DefaultMavenResourcesFiltering - Copying 1 resource from src\main\resources to target\classes
2024-05-22 10:56:31,047 [Worker-30: Building] INFO  o.a.m.s.f.DefaultMavenResourcesFiltering - Copying 0 resource from src\main\resources to target\classes
2024-05-22 10:56:31,049 [Worker-30: Building] INFO  o.a.m.s.f.DefaultMavenResourcesFiltering - skip non existing resourceDirectory C:\Users\USER\Desktop\react project\library-app\02-backend\spring-boot-library\src\test\resources
2024-05-22 10:56:46,141 [Worker-30: Building] INFO  o.a.m.s.f.DefaultMavenResourcesFiltering - Copying 1 resource from src\main\resources to target\classes
2024-05-22 10:56:46,156 [Worker-30: Building] INFO  o.a.m.s.f.DefaultMavenResourcesFiltering - Copying 0 resource from src\main\resources to target\classes
2024-05-22 10:56:46,163 [Worker-30: Building] INFO  o.a.m.s.f.DefaultMavenResourcesFiltering - skip non existing resourceDirectory C:\Users\USER\Desktop\react project\library-app\02-backend\spring-boot-library\src\test\resources
2024-05-22 10:57:06,571 [Worker-30: Building] INFO  o.a.m.s.f.DefaultMavenResourcesFiltering - Copying 1 resource from src\main\resources to target\classes
2024-05-22 10:57:06,581 [Worker-30: Building] INFO  o.a.m.s.f.DefaultMavenResourcesFiltering - Copying 0 resource from src\main\resources to target\classes
2024-05-22 10:57:06,584 [Worker-30: Building] INFO  o.a.m.s.f.DefaultMavenResourcesFiltering - skip non existing resourceDirectory C:\Users\USER\Desktop\react project\library-app\02-backend\spring-boot-library\src\test\resources
2024-05-22 10:57:18,540 [Worker-23: Building] INFO  o.a.m.s.f.DefaultMavenResourcesFiltering - Copying 1 resource from src\main\resources to target\classes
2024-05-22 10:57:18,559 [Worker-23: Building] INFO  o.a.m.s.f.DefaultMavenResourcesFiltering - Copying 0 resource from src\main\resources to target\classes
2024-05-22 10:57:18,565 [Worker-23: Building] INFO  o.a.m.s.f.DefaultMavenResourcesFiltering - skip non existing resourceDirectory C:\Users\USER\Desktop\react project\library-app\02-backend\spring-boot-library\src\test\resources
2024-05-22 10:57:31,893 [Worker-28: Building] INFO  o.a.m.s.f.DefaultMavenResourcesFiltering - Copying 1 resource from src\main\resources to target\classes
2024-05-22 10:57:31,900 [Worker-28: Building] INFO  o.a.m.s.f.DefaultMavenResourcesFiltering - Copying 0 resource from src\main\resources to target\classes
2024-05-22 10:57:31,906 [Worker-28: Building] INFO  o.a.m.s.f.DefaultMavenResourcesFiltering - skip non existing resourceDirectory C:\Users\USER\Desktop\react project\library-app\02-backend\spring-boot-library\src\test\resources
2024-05-22 10:57:45,728 [Worker-7: Building] INFO  o.a.m.s.f.DefaultMavenResourcesFiltering - Copying 1 resource from src\main\resources to target\classes
2024-05-22 10:57:45,758 [Worker-7: Building] INFO  o.a.m.s.f.DefaultMavenResourcesFiltering - Copying 0 resource from src\main\resources to target\classes
2024-05-22 10:57:45,765 [Worker-7: Building] INFO  o.a.m.s.f.DefaultMavenResourcesFiltering - skip non existing resourceDirectory C:\Users\USER\Desktop\react project\library-app\02-backend\spring-boot-library\src\test\resources
2024-05-22 10:58:06,472 [Worker-33: Building] INFO  o.a.m.s.f.DefaultMavenResourcesFiltering - Copying 1 resource from src\main\resources to target\classes
2024-05-22 10:58:06,478 [Worker-33: Building] INFO  o.a.m.s.f.DefaultMavenResourcesFiltering - Copying 0 resource from src\main\resources to target\classes
2024-05-22 10:58:06,483 [Worker-33: Building] INFO  o.a.m.s.f.DefaultMavenResourcesFiltering - skip non existing resourceDirectory C:\Users\USER\Desktop\react project\library-app\02-backend\spring-boot-library\src\test\resources
2024-05-22 10:58:33,429 [Worker-28: Building] INFO  o.a.m.s.f.DefaultMavenResourcesFiltering - Copying 1 resource from src\main\resources to target\classes
2024-05-22 10:58:33,436 [Worker-28: Building] INFO  o.a.m.s.f.DefaultMavenResourcesFiltering - Copying 0 resource from src\main\resources to target\classes
2024-05-22 10:58:33,441 [Worker-28: Building] INFO  o.a.m.s.f.DefaultMavenResourcesFiltering - skip non existing resourceDirectory C:\Users\USER\Desktop\react project\library-app\02-backend\spring-boot-library\src\test\resources
2024-05-22 11:02:29,456 [Worker-28: Building] INFO  o.a.m.s.f.DefaultMavenResourcesFiltering - Copying 1 resource from src\main\resources to target\classes
2024-05-22 11:02:29,467 [Worker-28: Building] INFO  o.a.m.s.f.DefaultMavenResourcesFiltering - Copying 0 resource from src\main\resources to target\classes
2024-05-22 11:02:29,471 [Worker-28: Building] INFO  o.a.m.s.f.DefaultMavenResourcesFiltering - skip non existing resourceDirectory C:\Users\USER\Desktop\react project\library-app\02-backend\spring-boot-library\src\test\resources
2024-05-22 11:05:00,289 [Worker-31: Building] INFO  o.a.m.s.f.DefaultMavenResourcesFiltering - Copying 1 resource from src\main\resources to target\classes
2024-05-22 11:05:00,298 [Worker-31: Building] INFO  o.a.m.s.f.DefaultMavenResourcesFiltering - Copying 0 resource from src\main\resources to target\classes
2024-05-22 11:05:00,303 [Worker-31: Building] INFO  o.a.m.s.f.DefaultMavenResourcesFiltering - skip non existing resourceDirectory C:\Users\USER\Desktop\react project\library-app\02-backend\spring-boot-library\src\test\resources
2024-05-22 11:05:08,737 [Worker-40: Building] INFO  o.a.m.s.f.DefaultMavenResourcesFiltering - Copying 1 resource from src\main\resources to target\classes
2024-05-22 11:05:08,746 [Worker-40: Building] INFO  o.a.m.s.f.DefaultMavenResourcesFiltering - Copying 0 resource from src\main\resources to target\classes
2024-05-22 11:05:08,751 [Worker-40: Building] INFO  o.a.m.s.f.DefaultMavenResourcesFiltering - skip non existing resourceDirectory C:\Users\USER\Desktop\react project\library-app\02-backend\spring-boot-library\src\test\resources
2024-05-22 11:05:22,512 [Worker-40: Building] INFO  o.a.m.s.f.DefaultMavenResourcesFiltering - Copying 1 resource from src\main\resources to target\classes
2024-05-22 11:05:22,518 [Worker-40: Building] INFO  o.a.m.s.f.DefaultMavenResourcesFiltering - Copying 0 resource from src\main\resources to target\classes
2024-05-22 11:05:22,521 [Worker-40: Building] INFO  o.a.m.s.f.DefaultMavenResourcesFiltering - skip non existing resourceDirectory C:\Users\USER\Desktop\react project\library-app\02-backend\spring-boot-library\src\test\resources
2024-05-22 11:08:38,198 [Worker-28: Building] INFO  o.a.m.s.f.DefaultMavenResourcesFiltering - Copying 1 resource from src\main\resources to target\classes
2024-05-22 11:08:38,208 [Worker-28: Building] INFO  o.a.m.s.f.DefaultMavenResourcesFiltering - Copying 0 resource from src\main\resources to target\classes
2024-05-22 11:08:38,212 [Worker-28: Building] INFO  o.a.m.s.f.DefaultMavenResourcesFiltering - skip non existing resourceDirectory C:\Users\USER\Desktop\react project\library-app\02-backend\spring-boot-library\src\test\resources
2024-05-22 11:11:50,497 [Worker-45: Building] INFO  o.a.m.s.f.DefaultMavenResourcesFiltering - Copying 1 resource from src\main\resources to target\classes
2024-05-22 11:11:50,506 [Worker-45: Building] INFO  o.a.m.s.f.DefaultMavenResourcesFiltering - Copying 0 resource from src\main\resources to target\classes
2024-05-22 11:11:50,511 [Worker-45: Building] INFO  o.a.m.s.f.DefaultMavenResourcesFiltering - skip non existing resourceDirectory C:\Users\USER\Desktop\react project\library-app\02-backend\spring-boot-library\src\test\resources
2024-05-22 11:12:17,447 [Worker-47: Building] INFO  o.a.m.s.f.DefaultMavenResourcesFiltering - Copying 1 resource from src\main\resources to target\classes
2024-05-22 11:12:17,463 [Worker-47: Building] INFO  o.a.m.s.f.DefaultMavenResourcesFiltering - Copying 0 resource from src\main\resources to target\classes
2024-05-22 11:12:17,469 [Worker-47: Building] INFO  o.a.m.s.f.DefaultMavenResourcesFiltering - skip non existing resourceDirectory C:\Users\USER\Desktop\react project\library-app\02-backend\spring-boot-library\src\test\resources
2024-05-22 11:12:32,183 [Worker-47: Building] INFO  o.a.m.s.f.DefaultMavenResourcesFiltering - Copying 1 resource from src\main\resources to target\classes
2024-05-22 11:12:32,253 [Worker-47: Building] INFO  o.a.m.s.f.DefaultMavenResourcesFiltering - Copying 0 resource from src\main\resources to target\classes
2024-05-22 11:12:32,263 [Worker-47: Building] INFO  o.a.m.s.f.DefaultMavenResourcesFiltering - skip non existing resourceDirectory C:\Users\USER\Desktop\react project\library-app\02-backend\spring-boot-library\src\test\resources
2024-05-22 11:12:58,374 [Worker-42: Building] INFO  o.a.m.s.f.DefaultMavenResourcesFiltering - Copying 1 resource from src\main\resources to target\classes
2024-05-22 11:12:58,382 [Worker-42: Building] INFO  o.a.m.s.f.DefaultMavenResourcesFiltering - Copying 0 resource from src\main\resources to target\classes
2024-05-22 11:12:58,386 [Worker-42: Building] INFO  o.a.m.s.f.DefaultMavenResourcesFiltering - skip non existing resourceDirectory C:\Users\USER\Desktop\react project\library-app\02-backend\spring-boot-library\src\test\resources
2024-05-22 11:13:41,315 [Worker-45: Building] INFO  o.a.m.s.f.DefaultMavenResourcesFiltering - Copying 1 resource from src\main\resources to target\classes
2024-05-22 11:13:41,324 [Worker-45: Building] INFO  o.a.m.s.f.DefaultMavenResourcesFiltering - Copying 0 resource from src\main\resources to target\classes
2024-05-22 11:13:41,329 [Worker-45: Building] INFO  o.a.m.s.f.DefaultMavenResourcesFiltering - skip non existing resourceDirectory C:\Users\USER\Desktop\react project\library-app\02-backend\spring-boot-library\src\test\resources
2024-05-22 11:14:02,576 [Worker-46: Updating Maven Project] INFO  o.e.m.c.i.p.ProjectConfigurationManager - Update started
2024-05-22 11:14:03,333 [Worker-46: Updating Maven Project] INFO  o.e.m.c.i.l.LifecycleMappingFactory - Using org.eclipse.m2e.jdt.JarLifecycleMapping lifecycle mapping for MavenProject: com.snccreations:spring-boot-library:2.7.3 @ C:\Users\USER\Desktop\react project\library-app\02-backend\spring-boot-library\pom.xml.
2024-05-22 11:14:04,160 [Worker-46: Updating Maven Project] INFO  o.e.m.j.i.AbstractJavaProjectConfigurator - Adding source folder /spring-boot-library/src/main/java
2024-05-22 11:14:04,161 [Worker-46: Updating Maven Project] INFO  o.e.m.j.i.AbstractJavaProjectConfigurator - Adding resource folder /spring-boot-library/src/main/resources
2024-05-22 11:14:04,161 [Worker-46: Updating Maven Project] INFO  o.e.m.j.i.AbstractJavaProjectConfigurator - Adding resource folder /spring-boot-library/src/main/resources
2024-05-22 11:14:04,161 [Worker-46: Updating Maven Project] INFO  o.e.m.j.i.AbstractJavaProjectConfigurator - Adding source folder /spring-boot-library/src/test/java
2024-05-22 11:14:04,161 [Worker-46: Updating Maven Project] INFO  o.e.m.j.i.AbstractJavaProjectConfigurator - Adding resource folder /spring-boot-library/src/test/resources
2024-05-22 11:14:04,965 [Worker-46: Updating Maven Project] INFO  o.e.m.c.i.p.ProjectConfigurationManager - Update completed for 1 poms: local refresh takes 0.00 sec, refresh facades takes 1.00 sec, update config takes 0.00 sec 
2024-05-22 11:14:05,640 [Worker-52: Building] INFO  o.a.m.s.f.DefaultMavenResourcesFiltering - Copying 1 resource from src\main\resources to target\classes
2024-05-22 11:14:05,663 [Worker-52: Building] INFO  o.a.m.s.f.DefaultMavenResourcesFiltering - Copying 0 resource from src\main\resources to target\classes
2024-05-22 11:14:05,669 [Worker-52: Building] INFO  o.a.m.s.f.DefaultMavenResourcesFiltering - skip non existing resourceDirectory C:\Users\USER\Desktop\react project\library-app\02-backend\spring-boot-library\src\test\resources
2024-05-22 11:15:09,212 [Worker-52: Building] INFO  o.a.m.s.f.DefaultMavenResourcesFiltering - Copying 1 resource from src\main\resources to target\classes
2024-05-22 11:15:09,233 [Worker-52: Building] INFO  o.a.m.s.f.DefaultMavenResourcesFiltering - Copying 0 resource from src\main\resources to target\classes
2024-05-22 11:15:09,239 [Worker-52: Building] INFO  o.a.m.s.f.DefaultMavenResourcesFiltering - skip non existing resourceDirectory C:\Users\USER\Desktop\react project\library-app\02-backend\spring-boot-library\src\test\resources
2024-05-22 11:17:11,256 [Worker-55: Building] INFO  o.a.m.s.f.DefaultMavenResourcesFiltering - Copying 1 resource from src\main\resources to target\classes
2024-05-22 11:17:11,266 [Worker-55: Building] INFO  o.a.m.s.f.DefaultMavenResourcesFiltering - Copying 0 resource from src\main\resources to target\classes
2024-05-22 11:17:11,271 [Worker-55: Building] INFO  o.a.m.s.f.DefaultMavenResourcesFiltering - skip non existing resourceDirectory C:\Users\USER\Desktop\react project\library-app\02-backend\spring-boot-library\src\test\resources
2024-05-22 11:21:48,153 [Worker-61: Building] INFO  o.e.m.c.i.l.LifecycleMappingFactory - Using org.eclipse.m2e.jdt.JarLifecycleMapping lifecycle mapping for MavenProject: com.snccreations:spring-boot-library:2.7.3 @ C:\Users\USER\Desktop\react project\library-app\02-backend\spring-boot-library\pom.xml.
2024-05-22 11:21:49,040 [Worker-61: Building] INFO  o.a.m.s.f.DefaultMavenResourcesFiltering - Copying 0 resource from src\main\resources to target\classes
2024-05-22 11:21:49,043 [Worker-61: Building] INFO  o.a.m.s.f.DefaultMavenResourcesFiltering - Copying 0 resource from src\main\resources to target\classes
2024-05-22 11:21:49,051 [Worker-61: Building] INFO  o.a.m.s.f.DefaultMavenResourcesFiltering - skip non existing resourceDirectory C:\Users\USER\Desktop\react project\library-app\02-backend\spring-boot-library\src\test\resources
2024-05-22 11:21:58,547 [Worker-59: Updating Maven Project] INFO  o.e.m.c.i.p.ProjectConfigurationManager - Update started
2024-05-22 11:21:59,008 [Worker-59: Updating Maven Project] INFO  o.e.m.c.i.l.LifecycleMappingFactory - Using org.eclipse.m2e.jdt.JarLifecycleMapping lifecycle mapping for MavenProject: com.snccreations:spring-boot-library:2.7.3 @ C:\Users\USER\Desktop\react project\library-app\02-backend\spring-boot-library\pom.xml.
2024-05-22 11:22:00,060 [Worker-59: Updating Maven Project] INFO  o.e.m.j.i.AbstractJavaProjectConfigurator - Adding source folder /spring-boot-library/src/main/java
2024-05-22 11:22:00,060 [Worker-59: Updating Maven Project] INFO  o.e.m.j.i.AbstractJavaProjectConfigurator - Adding resource folder /spring-boot-library/src/main/resources
2024-05-22 11:22:00,061 [Worker-59: Updating Maven Project] INFO  o.e.m.j.i.AbstractJavaProjectConfigurator - Adding resource folder /spring-boot-library/src/main/resources
2024-05-22 11:22:00,061 [Worker-59: Updating Maven Project] INFO  o.e.m.j.i.AbstractJavaProjectConfigurator - Adding source folder /spring-boot-library/src/test/java
2024-05-22 11:22:00,061 [Worker-59: Updating Maven Project] INFO  o.e.m.j.i.AbstractJavaProjectConfigurator - Adding resource folder /spring-boot-library/src/test/resources
2024-05-22 11:22:01,039 [Worker-59: Updating Maven Project] INFO  o.e.m.c.i.p.ProjectConfigurationManager - Update completed for 1 poms: local refresh takes 0.00 sec, refresh facades takes 1.00 sec, update config takes 0.00 sec 
2024-05-22 11:22:01,561 [Worker-68: Building] INFO  o.a.m.s.f.DefaultMavenResourcesFiltering - Copying 1 resource from src\main\resources to target\classes
2024-05-22 11:22:01,601 [Worker-68: Building] INFO  o.a.m.s.f.DefaultMavenResourcesFiltering - Copying 0 resource from src\main\resources to target\classes
2024-05-22 11:22:01,612 [Worker-68: Building] INFO  o.a.m.s.f.DefaultMavenResourcesFiltering - skip non existing resourceDirectory C:\Users\USER\Desktop\react project\library-app\02-backend\spring-boot-library\src\test\resources
2024-05-22 11:23:02,453 [Worker-61: Updating Maven Project] INFO  o.e.m.c.i.p.ProjectConfigurationManager - Update started
2024-05-22 11:23:02,877 [Worker-61: Updating Maven Project] INFO  o.e.m.c.i.l.LifecycleMappingFactory - Using org.eclipse.m2e.jdt.JarLifecycleMapping lifecycle mapping for MavenProject: com.snccreations:spring-boot-library:2.7.3 @ C:\Users\USER\Desktop\react project\library-app\02-backend\spring-boot-library\pom.xml.
2024-05-22 11:23:03,482 [Worker-61: Updating Maven Project] INFO  o.e.m.j.i.AbstractJavaProjectConfigurator - Adding source folder /spring-boot-library/src/main/java
2024-05-22 11:23:03,482 [Worker-61: Updating Maven Project] INFO  o.e.m.j.i.AbstractJavaProjectConfigurator - Adding resource folder /spring-boot-library/src/main/resources
2024-05-22 11:23:03,482 [Worker-61: Updating Maven Project] INFO  o.e.m.j.i.AbstractJavaProjectConfigurator - Adding resource folder /spring-boot-library/src/main/resources
2024-05-22 11:23:03,483 [Worker-61: Updating Maven Project] INFO  o.e.m.j.i.AbstractJavaProjectConfigurator - Adding source folder /spring-boot-library/src/test/java
2024-05-22 11:23:03,483 [Worker-61: Updating Maven Project] INFO  o.e.m.j.i.AbstractJavaProjectConfigurator - Adding resource folder /spring-boot-library/src/test/resources
2024-05-22 11:23:03,932 [Worker-61: Updating Maven Project] INFO  o.e.m.c.i.p.ProjectConfigurationManager - Update completed for 1 poms: local refresh takes 0.00 sec, refresh facades takes 0.00 sec, update config takes 0.00 sec 
2024-05-22 11:23:04,496 [Worker-71: Building] INFO  o.a.m.s.f.DefaultMavenResourcesFiltering - Copying 1 resource from src\main\resources to target\classes
2024-05-22 11:23:04,525 [Worker-71: Building] INFO  o.a.m.s.f.DefaultMavenResourcesFiltering - Copying 0 resource from src\main\resources to target\classes
2024-05-22 11:23:04,531 [Worker-71: Building] INFO  o.a.m.s.f.DefaultMavenResourcesFiltering - skip non existing resourceDirectory C:\Users\USER\Desktop\react project\library-app\02-backend\spring-boot-library\src\test\resources
2024-05-23 11:46:48,053 [Worker-1: Loading available Gradle versions] INFO  o.e.b.c.i.u.g.PublishedGradleVersions - Gradle version information cache is out-of-date. Trying to update.
2024-05-23 11:48:14,317 [Worker-12: Updating Maven Project] INFO  o.e.m.c.i.p.ProjectConfigurationManager - Update started
2024-05-23 11:48:17,915 [Worker-12: Updating Maven Project] INFO  o.e.m.c.i.l.LifecycleMappingFactory - Using org.eclipse.m2e.jdt.JarLifecycleMapping lifecycle mapping for MavenProject: com.snccreations:spring-boot-library:2.7.3 @ C:\Users\USER\Desktop\react project\library-app\02-backend\spring-boot-library\pom.xml.
2024-05-23 11:48:19,727 [Worker-12: Updating Maven Project] INFO  o.e.m.j.i.AbstractJavaProjectConfigurator - Adding source folder /spring-boot-library/src/main/java
2024-05-23 11:48:19,737 [Worker-12: Updating Maven Project] INFO  o.e.m.j.i.AbstractJavaProjectConfigurator - Adding resource folder /spring-boot-library/src/main/resources
2024-05-23 11:48:19,738 [Worker-12: Updating Maven Project] INFO  o.e.m.j.i.AbstractJavaProjectConfigurator - Adding resource folder /spring-boot-library/src/main/resources
2024-05-23 11:48:19,739 [Worker-12: Updating Maven Project] INFO  o.e.m.j.i.AbstractJavaProjectConfigurator - Adding source folder /spring-boot-library/src/test/java
2024-05-23 11:48:19,739 [Worker-12: Updating Maven Project] INFO  o.e.m.j.i.AbstractJavaProjectConfigurator - Adding resource folder /spring-boot-library/src/test/resources
2024-05-23 11:48:20,791 [Worker-12: Updating Maven Project] INFO  o.e.m.c.i.p.ProjectConfigurationManager - Update completed for 1 poms: local refresh takes 0.00 sec, refresh facades takes 4.00 sec, update config takes 1.00 sec 
2024-05-23 11:48:21,806 [Worker-8: Building] INFO  o.a.m.s.f.DefaultMavenResourcesFiltering - Copying 1 resource from src\main\resources to target\classes
2024-05-23 11:48:21,852 [Worker-8: Building] INFO  o.a.m.s.f.DefaultMavenResourcesFiltering - Copying 0 resource from src\main\resources to target\classes
2024-05-23 11:48:21,859 [Worker-8: Building] INFO  o.a.m.s.f.DefaultMavenResourcesFiltering - skip non existing resourceDirectory C:\Users\USER\Desktop\react project\library-app\02-backend\spring-boot-library\src\test\resources
2024-05-23 12:00:19,752 [Worker-21: Building] INFO  o.a.m.s.f.DefaultMavenResourcesFiltering - Copying 1 resource from src\main\resources to target\classes
2024-05-23 12:00:19,764 [Worker-21: Building] INFO  o.a.m.s.f.DefaultMavenResourcesFiltering - Copying 0 resource from src\main\resources to target\classes
2024-05-23 12:00:19,769 [Worker-21: Building] INFO  o.a.m.s.f.DefaultMavenResourcesFiltering - skip non existing resourceDirectory C:\Users\USER\Desktop\react project\library-app\02-backend\spring-boot-library\src\test\resources
2024-05-23 19:31:19,630 [Worker-6: Loading available Gradle versions] INFO  o.e.b.c.i.u.g.PublishedGradleVersions - Gradle version information cache is up-to-date. Trying to read.
2024-05-23 19:51:10,366 [Worker-26: Building] INFO  o.a.m.s.f.DefaultMavenResourcesFiltering - Copying 1 resource from src\main\resources to target\classes
2024-05-23 19:51:10,407 [Worker-26: Building] INFO  o.a.m.s.f.DefaultMavenResourcesFiltering - Copying 0 resource from src\main\resources to target\classes
2024-05-23 19:51:10,422 [Worker-26: Building] INFO  o.a.m.s.f.DefaultMavenResourcesFiltering - skip non existing resourceDirectory C:\Users\USER\Desktop\react project\library-app\02-backend\spring-boot-library\src\test\resources
2024-05-23 19:51:52,841 [Worker-22: Building] INFO  o.a.m.s.f.DefaultMavenResourcesFiltering - Copying 1 resource from src\main\resources to target\classes
2024-05-23 19:51:52,852 [Worker-22: Building] INFO  o.a.m.s.f.DefaultMavenResourcesFiltering - Copying 0 resource from src\main\resources to target\classes
2024-05-23 19:51:52,859 [Worker-22: Building] INFO  o.a.m.s.f.DefaultMavenResourcesFiltering - skip non existing resourceDirectory C:\Users\USER\Desktop\react project\library-app\02-backend\spring-boot-library\src\test\resources
2024-05-24 13:55:38,361 [Worker-6: Loading available Gradle versions] INFO  o.e.b.c.i.u.g.PublishedGradleVersions - Gradle version information cache is out-of-date. Trying to update.
2024-05-24 14:12:04,417 [Worker-22: Building] INFO  o.a.m.s.f.DefaultMavenResourcesFiltering - Copying 1 resource from src\main\resources to target\classes
2024-05-24 14:12:04,440 [Worker-22: Building] INFO  o.a.m.s.f.DefaultMavenResourcesFiltering - Copying 0 resource from src\main\resources to target\classes
2024-05-24 14:12:04,446 [Worker-22: Building] INFO  o.a.m.s.f.DefaultMavenResourcesFiltering - skip non existing resourceDirectory C:\Users\USER\Desktop\react project\library-app\02-backend\spring-boot-library\src\test\resources
2024-05-24 14:12:59,331 [Worker-23: Building] INFO  o.a.m.s.f.DefaultMavenResourcesFiltering - Copying 1 resource from src\main\resources to target\classes
2024-05-24 14:12:59,354 [Worker-23: Building] INFO  o.a.m.s.f.DefaultMavenResourcesFiltering - Copying 0 resource from src\main\resources to target\classes
2024-05-24 14:12:59,364 [Worker-23: Building] INFO  o.a.m.s.f.DefaultMavenResourcesFiltering - skip non existing resourceDirectory C:\Users\USER\Desktop\react project\library-app\02-backend\spring-boot-library\src\test\resources
2024-05-24 14:15:11,587 [Worker-24: Building] INFO  o.a.m.s.f.DefaultMavenResourcesFiltering - Copying 1 resource from src\main\resources to target\classes
2024-05-24 14:15:11,598 [Worker-24: Building] INFO  o.a.m.s.f.DefaultMavenResourcesFiltering - Copying 0 resource from src\main\resources to target\classes
2024-05-24 14:15:11,606 [Worker-24: Building] INFO  o.a.m.s.f.DefaultMavenResourcesFiltering - skip non existing resourceDirectory C:\Users\USER\Desktop\react project\library-app\02-backend\spring-boot-library\src\test\resources
2024-05-24 19:09:50,165 [Worker-48: Building] INFO  o.a.m.s.f.DefaultMavenResourcesFiltering - Copying 1 resource from src\main\resources to target\classes
2024-05-24 19:09:50,319 [Worker-48: Building] INFO  o.a.m.s.f.DefaultMavenResourcesFiltering - Copying 0 resource from src\main\resources to target\classes
2024-05-24 19:09:50,328 [Worker-48: Building] INFO  o.a.m.s.f.DefaultMavenResourcesFiltering - skip non existing resourceDirectory C:\Users\USER\Desktop\react project\library-app\02-backend\spring-boot-library\src\test\resources
2024-05-24 19:09:58,340 [Worker-49: Building] INFO  o.a.m.s.f.DefaultMavenResourcesFiltering - Copying 1 resource from src\main\resources to target\classes
2024-05-24 19:09:58,348 [Worker-49: Building] INFO  o.a.m.s.f.DefaultMavenResourcesFiltering - Copying 0 resource from src\main\resources to target\classes
2024-05-24 19:09:58,356 [Worker-49: Building] INFO  o.a.m.s.f.DefaultMavenResourcesFiltering - skip non existing resourceDirectory C:\Users\USER\Desktop\react project\library-app\02-backend\spring-boot-library\src\test\resources
2024-05-24 19:12:06,745 [Worker-53: Launching spring-boot-library - SpringBootLibraryApplication] INFO  o.a.m.s.f.DefaultMavenResourcesFiltering - Copying 1 resource from src\main\resources to target\classes
2024-05-24 19:12:06,754 [Worker-53: Launching spring-boot-library - SpringBootLibraryApplication] INFO  o.a.m.s.f.DefaultMavenResourcesFiltering - Copying 0 resource from src\main\resources to target\classes
2024-05-24 19:12:06,762 [Worker-53: Launching spring-boot-library - SpringBootLibraryApplication] INFO  o.a.m.s.f.DefaultMavenResourcesFiltering - skip non existing resourceDirectory C:\Users\USER\Desktop\react project\library-app\02-backend\spring-boot-library\src\test\resources
2024-05-24 19:12:22,575 [Worker-49: Updating Maven Project] INFO  o.e.m.c.i.p.ProjectConfigurationManager - Update started
2024-05-24 19:12:28,621 [Worker-49: Updating Maven Project] INFO  o.e.m.c.i.l.LifecycleMappingFactory - Using org.eclipse.m2e.jdt.JarLifecycleMapping lifecycle mapping for MavenProject: com.snccreations:spring-boot-library:2.7.3 @ C:\Users\USER\Desktop\react project\library-app\02-backend\spring-boot-library\pom.xml.
2024-05-24 19:12:33,341 [Worker-49: Updating Maven Project] INFO  o.e.m.j.i.AbstractJavaProjectConfigurator - Adding source folder /spring-boot-library/src/main/java
2024-05-24 19:12:33,342 [Worker-49: Updating Maven Project] INFO  o.e.m.j.i.AbstractJavaProjectConfigurator - Adding resource folder /spring-boot-library/src/main/resources
2024-05-24 19:12:33,342 [Worker-49: Updating Maven Project] INFO  o.e.m.j.i.AbstractJavaProjectConfigurator - Adding resource folder /spring-boot-library/src/main/resources
2024-05-24 19:12:33,343 [Worker-49: Updating Maven Project] INFO  o.e.m.j.i.AbstractJavaProjectConfigurator - Adding source folder /spring-boot-library/src/test/java
2024-05-24 19:12:33,343 [Worker-49: Updating Maven Project] INFO  o.e.m.j.i.AbstractJavaProjectConfigurator - Adding resource folder /spring-boot-library/src/test/resources
2024-05-24 19:12:34,386 [Worker-49: Updating Maven Project] INFO  o.e.m.c.i.p.ProjectConfigurationManager - Update completed for 1 poms: local refresh takes 0.00 sec, refresh facades takes 10.00 sec, update config takes 1.00 sec 
2024-05-24 19:12:35,722 [Worker-54: Building] INFO  o.a.m.s.f.DefaultMavenResourcesFiltering - Copying 1 resource from src\main\resources to target\classes
2024-05-24 19:12:35,771 [Worker-54: Building] INFO  o.a.m.s.f.DefaultMavenResourcesFiltering - Copying 0 resource from src\main\resources to target\classes
2024-05-24 19:12:35,779 [Worker-54: Building] INFO  o.a.m.s.f.DefaultMavenResourcesFiltering - skip non existing resourceDirectory C:\Users\USER\Desktop\react project\library-app\02-backend\spring-boot-library\src\test\resources
2024-05-24 19:13:18,302 [Worker-55: Building] INFO  o.a.m.s.f.DefaultMavenResourcesFiltering - Copying 1 resource from src\main\resources to target\classes
2024-05-24 19:13:18,325 [Worker-55: Building] INFO  o.a.m.s.f.DefaultMavenResourcesFiltering - Copying 0 resource from src\main\resources to target\classes
2024-05-24 19:13:18,330 [Worker-55: Building] INFO  o.a.m.s.f.DefaultMavenResourcesFiltering - skip non existing resourceDirectory C:\Users\USER\Desktop\react project\library-app\02-backend\spring-boot-library\src\test\resources
2024-05-24 19:14:01,255 [Worker-53: Building] INFO  o.a.m.s.f.DefaultMavenResourcesFiltering - Copying 1 resource from src\main\resources to target\classes
2024-05-24 19:14:01,265 [Worker-53: Building] INFO  o.a.m.s.f.DefaultMavenResourcesFiltering - Copying 0 resource from src\main\resources to target\classes
2024-05-24 19:14:01,273 [Worker-53: Building] INFO  o.a.m.s.f.DefaultMavenResourcesFiltering - skip non existing resourceDirectory C:\Users\USER\Desktop\react project\library-app\02-backend\spring-boot-library\src\test\resources
2024-05-24 19:14:18,615 [Worker-58: Building] INFO  o.a.m.s.f.DefaultMavenResourcesFiltering - Copying 1 resource from src\main\resources to target\classes
2024-05-24 19:14:18,623 [Worker-58: Building] INFO  o.a.m.s.f.DefaultMavenResourcesFiltering - Copying 0 resource from src\main\resources to target\classes
2024-05-24 19:14:18,628 [Worker-58: Building] INFO  o.a.m.s.f.DefaultMavenResourcesFiltering - skip non existing resourceDirectory C:\Users\USER\Desktop\react project\library-app\02-backend\spring-boot-library\src\test\resources
2024-05-24 19:15:09,659 [Worker-53: Building] INFO  o.a.m.s.f.DefaultMavenResourcesFiltering - Copying 1 resource from src\main\resources to target\classes
2024-05-24 19:15:09,668 [Worker-53: Building] INFO  o.a.m.s.f.DefaultMavenResourcesFiltering - Copying 0 resource from src\main\resources to target\classes
2024-05-24 19:15:09,675 [Worker-53: Building] INFO  o.a.m.s.f.DefaultMavenResourcesFiltering - skip non existing resourceDirectory C:\Users\USER\Desktop\react project\library-app\02-backend\spring-boot-library\src\test\resources
2024-05-24 19:19:10,075 [Worker-65: Building] INFO  o.a.m.s.f.DefaultMavenResourcesFiltering - Copying 1 resource from src\main\resources to target\classes
2024-05-24 19:19:10,085 [Worker-65: Building] INFO  o.a.m.s.f.DefaultMavenResourcesFiltering - Copying 0 resource from src\main\resources to target\classes
2024-05-24 19:19:10,090 [Worker-65: Building] INFO  o.a.m.s.f.DefaultMavenResourcesFiltering - skip non existing resourceDirectory C:\Users\USER\Desktop\react project\library-app\02-backend\spring-boot-library\src\test\resources
2024-05-24 19:38:53,263 [Worker-74: Building] INFO  o.a.m.s.f.DefaultMavenResourcesFiltering - Copying 1 resource from src\main\resources to target\classes
2024-05-24 19:38:53,271 [Worker-74: Building] INFO  o.a.m.s.f.DefaultMavenResourcesFiltering - Copying 0 resource from src\main\resources to target\classes
2024-05-24 19:38:53,275 [Worker-74: Building] INFO  o.a.m.s.f.DefaultMavenResourcesFiltering - skip non existing resourceDirectory C:\Users\USER\Desktop\react project\library-app\02-backend\spring-boot-library\src\test\resources
2024-05-25 14:10:36,610 [Worker-7: Loading available Gradle versions] INFO  o.e.b.c.i.u.g.PublishedGradleVersions - Gradle version information cache is out-of-date. Trying to update.
2024-05-25 14:36:53,790 [Worker-5: Building] INFO  o.a.m.s.f.DefaultMavenResourcesFiltering - Copying 1 resource from src\main\resources to target\classes
2024-05-25 14:36:53,812 [Worker-5: Building] INFO  o.a.m.s.f.DefaultMavenResourcesFiltering - Copying 0 resource from src\main\resources to target\classes
2024-05-25 14:36:53,817 [Worker-5: Building] INFO  o.a.m.s.f.DefaultMavenResourcesFiltering - skip non existing resourceDirectory C:\Users\USER\Desktop\react project\library-app\02-backend\spring-boot-library\src\test\resources
2024-05-25 14:44:22,696 [Worker-22: Building] INFO  o.a.m.s.f.DefaultMavenResourcesFiltering - Copying 1 resource from src\main\resources to target\classes
2024-05-25 14:44:22,705 [Worker-22: Building] INFO  o.a.m.s.f.DefaultMavenResourcesFiltering - Copying 0 resource from src\main\resources to target\classes
2024-05-25 14:44:22,712 [Worker-22: Building] INFO  o.a.m.s.f.DefaultMavenResourcesFiltering - skip non existing resourceDirectory C:\Users\USER\Desktop\react project\library-app\02-backend\spring-boot-library\src\test\resources
2024-05-25 14:46:04,986 [Worker-21: Building] INFO  o.a.m.s.f.DefaultMavenResourcesFiltering - Copying 1 resource from src\main\resources to target\classes
2024-05-25 14:46:05,070 [Worker-21: Building] INFO  o.a.m.s.f.DefaultMavenResourcesFiltering - Copying 0 resource from src\main\resources to target\classes
2024-05-25 14:46:05,079 [Worker-21: Building] INFO  o.a.m.s.f.DefaultMavenResourcesFiltering - skip non existing resourceDirectory C:\Users\USER\Desktop\react project\library-app\02-backend\spring-boot-library\src\test\resources
2024-05-25 14:46:50,225 [Worker-23: Building] INFO  o.a.m.s.f.DefaultMavenResourcesFiltering - Copying 1 resource from src\main\resources to target\classes
2024-05-25 14:46:50,233 [Worker-23: Building] INFO  o.a.m.s.f.DefaultMavenResourcesFiltering - Copying 0 resource from src\main\resources to target\classes
2024-05-25 14:46:50,239 [Worker-23: Building] INFO  o.a.m.s.f.DefaultMavenResourcesFiltering - skip non existing resourceDirectory C:\Users\USER\Desktop\react project\library-app\02-backend\spring-boot-library\src\test\resources
2024-05-25 14:49:57,749 [Worker-25: Building] INFO  o.a.m.s.f.DefaultMavenResourcesFiltering - Copying 1 resource from src\main\resources to target\classes
2024-05-25 14:49:57,758 [Worker-25: Building] INFO  o.a.m.s.f.DefaultMavenResourcesFiltering - Copying 0 resource from src\main\resources to target\classes
2024-05-25 14:49:57,763 [Worker-25: Building] INFO  o.a.m.s.f.DefaultMavenResourcesFiltering - skip non existing resourceDirectory C:\Users\USER\Desktop\react project\library-app\02-backend\spring-boot-library\src\test\resources
2024-05-25 14:50:08,012 [Worker-21: Building] INFO  o.a.m.s.f.DefaultMavenResourcesFiltering - Copying 1 resource from src\main\resources to target\classes
2024-05-25 14:50:08,022 [Worker-21: Building] INFO  o.a.m.s.f.DefaultMavenResourcesFiltering - Copying 0 resource from src\main\resources to target\classes
2024-05-25 14:50:08,030 [Worker-21: Building] INFO  o.a.m.s.f.DefaultMavenResourcesFiltering - skip non existing resourceDirectory C:\Users\USER\Desktop\react project\library-app\02-backend\spring-boot-library\src\test\resources
2024-05-25 14:56:00,062 [Worker-29: Building] INFO  o.a.m.s.f.DefaultMavenResourcesFiltering - Copying 1 resource from src\main\resources to target\classes
2024-05-25 14:56:00,085 [Worker-29: Building] INFO  o.a.m.s.f.DefaultMavenResourcesFiltering - Copying 0 resource from src\main\resources to target\classes
2024-05-25 14:56:00,090 [Worker-29: Building] INFO  o.a.m.s.f.DefaultMavenResourcesFiltering - skip non existing resourceDirectory C:\Users\USER\Desktop\react project\library-app\02-backend\spring-boot-library\src\test\resources
2024-05-25 14:57:08,202 [Worker-25: Building] INFO  o.a.m.s.f.DefaultMavenResourcesFiltering - Copying 1 resource from src\main\resources to target\classes
2024-05-25 14:57:08,212 [Worker-25: Building] INFO  o.a.m.s.f.DefaultMavenResourcesFiltering - Copying 0 resource from src\main\resources to target\classes
2024-05-25 14:57:08,224 [Worker-25: Building] INFO  o.a.m.s.f.DefaultMavenResourcesFiltering - skip non existing resourceDirectory C:\Users\USER\Desktop\react project\library-app\02-backend\spring-boot-library\src\test\resources
2024-05-25 14:57:17,512 [Worker-25: Building] INFO  o.a.m.s.f.DefaultMavenResourcesFiltering - Copying 1 resource from src\main\resources to target\classes
2024-05-25 14:57:17,523 [Worker-25: Building] INFO  o.a.m.s.f.DefaultMavenResourcesFiltering - Copying 0 resource from src\main\resources to target\classes
2024-05-25 14:57:17,528 [Worker-25: Building] INFO  o.a.m.s.f.DefaultMavenResourcesFiltering - skip non existing resourceDirectory C:\Users\USER\Desktop\react project\library-app\02-backend\spring-boot-library\src\test\resources
2024-05-25 14:57:33,094 [Worker-29: Building] INFO  o.a.m.s.f.DefaultMavenResourcesFiltering - Copying 1 resource from src\main\resources to target\classes
2024-05-25 14:57:33,103 [Worker-29: Building] INFO  o.a.m.s.f.DefaultMavenResourcesFiltering - Copying 0 resource from src\main\resources to target\classes
2024-05-25 14:57:33,108 [Worker-29: Building] INFO  o.a.m.s.f.DefaultMavenResourcesFiltering - skip non existing resourceDirectory C:\Users\USER\Desktop\react project\library-app\02-backend\spring-boot-library\src\test\resources
2024-05-25 15:01:37,312 [Worker-34: Building] INFO  o.a.m.s.f.DefaultMavenResourcesFiltering - Copying 1 resource from src\main\resources to target\classes
2024-05-25 15:01:37,325 [Worker-34: Building] INFO  o.a.m.s.f.DefaultMavenResourcesFiltering - Copying 0 resource from src\main\resources to target\classes
2024-05-25 15:01:37,333 [Worker-34: Building] INFO  o.a.m.s.f.DefaultMavenResourcesFiltering - skip non existing resourceDirectory C:\Users\USER\Desktop\react project\library-app\02-backend\spring-boot-library\src\test\resources
2024-05-25 15:01:48,444 [Worker-35: Building] INFO  o.a.m.s.f.DefaultMavenResourcesFiltering - Copying 1 resource from src\main\resources to target\classes
2024-05-25 15:01:48,456 [Worker-35: Building] INFO  o.a.m.s.f.DefaultMavenResourcesFiltering - Copying 0 resource from src\main\resources to target\classes
2024-05-25 15:01:48,466 [Worker-35: Building] INFO  o.a.m.s.f.DefaultMavenResourcesFiltering - skip non existing resourceDirectory C:\Users\USER\Desktop\react project\library-app\02-backend\spring-boot-library\src\test\resources
2024-05-25 15:02:52,945 [Worker-37: Building] INFO  o.a.m.s.f.DefaultMavenResourcesFiltering - Copying 1 resource from src\main\resources to target\classes
2024-05-25 15:02:52,953 [Worker-37: Building] INFO  o.a.m.s.f.DefaultMavenResourcesFiltering - Copying 0 resource from src\main\resources to target\classes
2024-05-25 15:02:52,960 [Worker-37: Building] INFO  o.a.m.s.f.DefaultMavenResourcesFiltering - skip non existing resourceDirectory C:\Users\USER\Desktop\react project\library-app\02-backend\spring-boot-library\src\test\resources
2024-05-25 15:04:37,089 [Worker-34: Building] INFO  o.e.m.c.i.l.LifecycleMappingFactory - Using org.eclipse.m2e.jdt.JarLifecycleMapping lifecycle mapping for MavenProject: com.snccreations:spring-boot-library:2.7.3 @ C:\Users\USER\Desktop\react project\library-app\02-backend\spring-boot-library\pom.xml.
2024-05-25 15:04:38,405 [Worker-34: Building] INFO  o.a.m.s.f.DefaultMavenResourcesFiltering - Copying 0 resource from src\main\resources to target\classes
2024-05-25 15:04:38,407 [Worker-34: Building] INFO  o.a.m.s.f.DefaultMavenResourcesFiltering - Copying 0 resource from src\main\resources to target\classes
2024-05-25 15:04:38,414 [Worker-34: Building] INFO  o.a.m.s.f.DefaultMavenResourcesFiltering - skip non existing resourceDirectory C:\Users\USER\Desktop\react project\library-app\02-backend\spring-boot-library\src\test\resources
2024-05-25 15:05:25,989 [Worker-37: Updating Maven Project] INFO  o.e.m.c.i.p.ProjectConfigurationManager - Update started
2024-05-25 15:05:26,406 [Worker-37: Updating Maven Project] INFO  o.e.m.c.i.l.LifecycleMappingFactory - Using org.eclipse.m2e.jdt.JarLifecycleMapping lifecycle mapping for MavenProject: com.snccreations:spring-boot-library:2.7.3 @ C:\Users\USER\Desktop\react project\library-app\02-backend\spring-boot-library\pom.xml.
2024-05-25 15:05:27,665 [Worker-37: Updating Maven Project] INFO  o.e.m.j.i.AbstractJavaProjectConfigurator - Adding source folder /spring-boot-library/src/main/java
2024-05-25 15:05:27,666 [Worker-37: Updating Maven Project] INFO  o.e.m.j.i.AbstractJavaProjectConfigurator - Adding resource folder /spring-boot-library/src/main/resources
2024-05-25 15:05:27,666 [Worker-37: Updating Maven Project] INFO  o.e.m.j.i.AbstractJavaProjectConfigurator - Adding resource folder /spring-boot-library/src/main/resources
2024-05-25 15:05:27,666 [Worker-37: Updating Maven Project] INFO  o.e.m.j.i.AbstractJavaProjectConfigurator - Adding source folder /spring-boot-library/src/test/java
2024-05-25 15:05:27,667 [Worker-37: Updating Maven Project] INFO  o.e.m.j.i.AbstractJavaProjectConfigurator - Adding resource folder /spring-boot-library/src/test/resources
2024-05-25 15:05:28,272 [Worker-37: Updating Maven Project] INFO  o.e.m.c.i.p.ProjectConfigurationManager - Update completed for 1 poms: local refresh takes 0.00 sec, refresh facades takes 1.00 sec, update config takes 0.00 sec 
2024-05-25 15:05:28,921 [Worker-39: Building] INFO  o.a.m.s.f.DefaultMavenResourcesFiltering - Copying 1 resource from src\main\resources to target\classes
2024-05-25 15:05:28,966 [Worker-39: Building] INFO  o.a.m.s.f.DefaultMavenResourcesFiltering - Copying 0 resource from src\main\resources to target\classes
2024-05-25 15:05:28,974 [Worker-39: Building] INFO  o.a.m.s.f.DefaultMavenResourcesFiltering - skip non existing resourceDirectory C:\Users\USER\Desktop\react project\library-app\02-backend\spring-boot-library\src\test\resources
2024-05-25 15:09:30,699 [Worker-35: Building] INFO  o.a.m.s.f.DefaultMavenResourcesFiltering - Copying 1 resource from src\main\resources to target\classes
2024-05-25 15:09:30,712 [Worker-35: Building] INFO  o.a.m.s.f.DefaultMavenResourcesFiltering - Copying 0 resource from src\main\resources to target\classes
2024-05-25 15:09:30,721 [Worker-35: Building] INFO  o.a.m.s.f.DefaultMavenResourcesFiltering - skip non existing resourceDirectory C:\Users\USER\Desktop\react project\library-app\02-backend\spring-boot-library\src\test\resources
2024-05-25 15:10:48,943 [Worker-40: Building] INFO  o.a.m.s.f.DefaultMavenResourcesFiltering - Copying 1 resource from src\main\resources to target\classes
2024-05-25 15:10:48,960 [Worker-40: Building] INFO  o.a.m.s.f.DefaultMavenResourcesFiltering - Copying 0 resource from src\main\resources to target\classes
2024-05-25 15:10:48,967 [Worker-40: Building] INFO  o.a.m.s.f.DefaultMavenResourcesFiltering - skip non existing resourceDirectory C:\Users\USER\Desktop\react project\library-app\02-backend\spring-boot-library\src\test\resources
2024-05-25 15:15:19,923 [Worker-42: Building] INFO  o.a.m.s.f.DefaultMavenResourcesFiltering - Copying 1 resource from src\main\resources to target\classes
2024-05-25 15:15:19,987 [Worker-42: Building] INFO  o.a.m.s.f.DefaultMavenResourcesFiltering - Copying 0 resource from src\main\resources to target\classes
2024-05-25 15:15:19,991 [Worker-42: Building] INFO  o.a.m.s.f.DefaultMavenResourcesFiltering - skip non existing resourceDirectory C:\Users\USER\Desktop\react project\library-app\02-backend\spring-boot-library\src\test\resources
2024-05-25 15:15:42,152 [Worker-42: Building] INFO  o.a.m.s.f.DefaultMavenResourcesFiltering - Copying 1 resource from src\main\resources to target\classes
2024-05-25 15:15:42,163 [Worker-42: Building] INFO  o.a.m.s.f.DefaultMavenResourcesFiltering - Copying 0 resource from src\main\resources to target\classes
2024-05-25 15:15:42,169 [Worker-42: Building] INFO  o.a.m.s.f.DefaultMavenResourcesFiltering - skip non existing resourceDirectory C:\Users\USER\Desktop\react project\library-app\02-backend\spring-boot-library\src\test\resources
2024-05-25 15:20:19,108 [Worker-52: Building] INFO  o.a.m.s.f.DefaultMavenResourcesFiltering - Copying 1 resource from src\main\resources to target\classes
2024-05-25 15:20:19,111 [Worker-52: Building] INFO  o.a.m.s.f.DefaultMavenResourcesFiltering - Copying 0 resource from src\main\resources to target\classes
2024-05-25 15:20:19,155 [Worker-52: Building] INFO  o.a.m.s.f.DefaultMavenResourcesFiltering - skip non existing resourceDirectory C:\Users\USER\Desktop\react project\library-app\02-backend\spring-boot-library\src\test\resources
2024-05-25 15:20:22,961 [Worker-54: Building] INFO  o.a.m.s.f.DefaultMavenResourcesFiltering - Copying 1 resource from src\main\resources to target\classes
2024-05-25 15:20:22,972 [Worker-54: Building] INFO  o.a.m.s.f.DefaultMavenResourcesFiltering - Copying 0 resource from src\main\resources to target\classes
2024-05-25 15:20:22,978 [Worker-54: Building] INFO  o.a.m.s.f.DefaultMavenResourcesFiltering - skip non existing resourceDirectory C:\Users\USER\Desktop\react project\library-app\02-backend\spring-boot-library\src\test\resources
2024-05-25 15:27:17,424 [Worker-55: Building] INFO  o.a.m.s.f.DefaultMavenResourcesFiltering - Copying 1 resource from src\main\resources to target\classes
2024-05-25 15:27:17,433 [Worker-55: Building] INFO  o.a.m.s.f.DefaultMavenResourcesFiltering - Copying 0 resource from src\main\resources to target\classes
2024-05-25 15:27:17,438 [Worker-55: Building] INFO  o.a.m.s.f.DefaultMavenResourcesFiltering - skip non existing resourceDirectory C:\Users\USER\Desktop\react project\library-app\02-backend\spring-boot-library\src\test\resources
2024-05-25 15:27:26,648 [Worker-58: Building] INFO  o.a.m.s.f.DefaultMavenResourcesFiltering - Copying 1 resource from src\main\resources to target\classes
2024-05-25 15:27:26,668 [Worker-58: Building] INFO  o.a.m.s.f.DefaultMavenResourcesFiltering - Copying 0 resource from src\main\resources to target\classes
2024-05-25 15:27:26,676 [Worker-58: Building] INFO  o.a.m.s.f.DefaultMavenResourcesFiltering - skip non existing resourceDirectory C:\Users\USER\Desktop\react project\library-app\02-backend\spring-boot-library\src\test\resources
2024-05-25 15:27:37,112 [Worker-54: Building] INFO  o.a.m.s.f.DefaultMavenResourcesFiltering - Copying 1 resource from src\main\resources to target\classes
2024-05-25 15:27:37,120 [Worker-54: Building] INFO  o.a.m.s.f.DefaultMavenResourcesFiltering - Copying 0 resource from src\main\resources to target\classes
2024-05-25 15:27:37,124 [Worker-54: Building] INFO  o.a.m.s.f.DefaultMavenResourcesFiltering - skip non existing resourceDirectory C:\Users\USER\Desktop\react project\library-app\02-backend\spring-boot-library\src\test\resources
2024-05-25 15:32:53,456 [Worker-54: Building] INFO  o.a.m.s.f.DefaultMavenResourcesFiltering - Copying 1 resource from src\main\resources to target\classes
2024-05-25 15:32:53,465 [Worker-54: Building] INFO  o.a.m.s.f.DefaultMavenResourcesFiltering - Copying 0 resource from src\main\resources to target\classes
2024-05-25 15:32:53,469 [Worker-54: Building] INFO  o.a.m.s.f.DefaultMavenResourcesFiltering - skip non existing resourceDirectory C:\Users\USER\Desktop\react project\library-app\02-backend\spring-boot-library\src\test\resources
2024-05-25 15:36:14,183 [Worker-64: Building] INFO  o.a.m.s.f.DefaultMavenResourcesFiltering - Copying 1 resource from src\main\resources to target\classes
2024-05-25 15:36:14,193 [Worker-64: Building] INFO  o.a.m.s.f.DefaultMavenResourcesFiltering - Copying 0 resource from src\main\resources to target\classes
2024-05-25 15:36:14,197 [Worker-64: Building] INFO  o.a.m.s.f.DefaultMavenResourcesFiltering - skip non existing resourceDirectory C:\Users\USER\Desktop\react project\library-app\02-backend\spring-boot-library\src\test\resources
2024-05-25 15:41:03,357 [Worker-68: Building] INFO  o.a.m.s.f.DefaultMavenResourcesFiltering - Copying 1 resource from src\main\resources to target\classes
2024-05-25 15:41:03,368 [Worker-68: Building] INFO  o.a.m.s.f.DefaultMavenResourcesFiltering - Copying 0 resource from src\main\resources to target\classes
2024-05-25 15:41:03,376 [Worker-68: Building] INFO  o.a.m.s.f.DefaultMavenResourcesFiltering - skip non existing resourceDirectory C:\Users\USER\Desktop\react project\library-app\02-backend\spring-boot-library\src\test\resources
2024-05-25 15:41:29,619 [Worker-69: Building] INFO  o.a.m.s.f.DefaultMavenResourcesFiltering - Copying 1 resource from src\main\resources to target\classes
2024-05-25 15:41:29,629 [Worker-69: Building] INFO  o.a.m.s.f.DefaultMavenResourcesFiltering - Copying 0 resource from src\main\resources to target\classes
2024-05-25 15:41:29,633 [Worker-69: Building] INFO  o.a.m.s.f.DefaultMavenResourcesFiltering - skip non existing resourceDirectory C:\Users\USER\Desktop\react project\library-app\02-backend\spring-boot-library\src\test\resources
2024-05-27 13:52:19,713 [Worker-12: Loading available Gradle versions] INFO  o.e.b.c.i.u.g.PublishedGradleVersions - Gradle version information cache is out-of-date. Trying to update.
2024-05-27 18:48:08,578 [Worker-20: Building] INFO  o.a.m.s.f.DefaultMavenResourcesFiltering - Copying 1 resource from src\main\resources to target\classes
2024-05-27 18:48:08,765 [Worker-20: Building] INFO  o.a.m.s.f.DefaultMavenResourcesFiltering - Copying 0 resource from src\main\resources to target\classes
2024-05-27 18:48:08,770 [Worker-20: Building] INFO  o.a.m.s.f.DefaultMavenResourcesFiltering - skip non existing resourceDirectory C:\Users\USER\Desktop\react project\library-app\02-backend\spring-boot-library\src\test\resources
2024-05-27 19:00:15,282 [Worker-21: Building] INFO  o.a.m.s.f.DefaultMavenResourcesFiltering - Copying 1 resource from src\main\resources to target\classes
2024-05-27 19:00:15,305 [Worker-21: Building] INFO  o.a.m.s.f.DefaultMavenResourcesFiltering - Copying 0 resource from src\main\resources to target\classes
2024-05-27 19:00:15,309 [Worker-21: Building] INFO  o.a.m.s.f.DefaultMavenResourcesFiltering - skip non existing resourceDirectory C:\Users\USER\Desktop\react project\library-app\02-backend\spring-boot-library\src\test\resources
2024-05-27 19:01:20,932 [Worker-20: Building] INFO  o.a.m.s.f.DefaultMavenResourcesFiltering - Copying 1 resource from src\main\resources to target\classes
2024-05-27 19:01:20,945 [Worker-20: Building] INFO  o.a.m.s.f.DefaultMavenResourcesFiltering - Copying 0 resource from src\main\resources to target\classes
2024-05-27 19:01:20,950 [Worker-20: Building] INFO  o.a.m.s.f.DefaultMavenResourcesFiltering - skip non existing resourceDirectory C:\Users\USER\Desktop\react project\library-app\02-backend\spring-boot-library\src\test\resources
2024-05-27 19:03:04,928 [Worker-25: Building] INFO  o.a.m.s.f.DefaultMavenResourcesFiltering - Copying 1 resource from src\main\resources to target\classes
2024-05-27 19:03:04,935 [Worker-25: Building] INFO  o.a.m.s.f.DefaultMavenResourcesFiltering - Copying 0 resource from src\main\resources to target\classes
2024-05-27 19:03:04,939 [Worker-25: Building] INFO  o.a.m.s.f.DefaultMavenResourcesFiltering - skip non existing resourceDirectory C:\Users\USER\Desktop\react project\library-app\02-backend\spring-boot-library\src\test\resources
2024-05-27 19:04:24,065 [Worker-21: Building] INFO  o.a.m.s.f.DefaultMavenResourcesFiltering - Copying 1 resource from src\main\resources to target\classes
2024-05-27 19:04:24,083 [Worker-21: Building] INFO  o.a.m.s.f.DefaultMavenResourcesFiltering - Copying 0 resource from src\main\resources to target\classes
2024-05-27 19:04:24,092 [Worker-21: Building] INFO  o.a.m.s.f.DefaultMavenResourcesFiltering - skip non existing resourceDirectory C:\Users\USER\Desktop\react project\library-app\02-backend\spring-boot-library\src\test\resources
2024-05-27 19:22:03,625 [Worker-30: Building] INFO  o.a.m.s.f.DefaultMavenResourcesFiltering - Copying 1 resource from src\main\resources to target\classes
2024-05-27 19:22:03,631 [Worker-30: Building] INFO  o.a.m.s.f.DefaultMavenResourcesFiltering - Copying 0 resource from src\main\resources to target\classes
2024-05-27 19:22:03,635 [Worker-30: Building] INFO  o.a.m.s.f.DefaultMavenResourcesFiltering - skip non existing resourceDirectory C:\Users\USER\Desktop\react project\library-app\02-backend\spring-boot-library\src\test\resources
2024-05-27 19:31:23,872 [Worker-34: Building] INFO  o.a.m.s.f.DefaultMavenResourcesFiltering - Copying 1 resource from src\main\resources to target\classes
2024-05-27 19:31:23,880 [Worker-34: Building] INFO  o.a.m.s.f.DefaultMavenResourcesFiltering - Copying 0 resource from src\main\resources to target\classes
2024-05-27 19:31:23,883 [Worker-34: Building] INFO  o.a.m.s.f.DefaultMavenResourcesFiltering - skip non existing resourceDirectory C:\Users\USER\Desktop\react project\library-app\02-backend\spring-boot-library\src\test\resources
2024-05-27 19:36:02,587 [Worker-39: Building] INFO  o.a.m.s.f.DefaultMavenResourcesFiltering - Copying 1 resource from src\main\resources to target\classes
2024-05-27 19:36:02,593 [Worker-39: Building] INFO  o.a.m.s.f.DefaultMavenResourcesFiltering - Copying 0 resource from src\main\resources to target\classes
2024-05-27 19:36:02,597 [Worker-39: Building] INFO  o.a.m.s.f.DefaultMavenResourcesFiltering - skip non existing resourceDirectory C:\Users\USER\Desktop\react project\library-app\02-backend\spring-boot-library\src\test\resources
2024-05-27 19:44:22,251 [Worker-46: Building] INFO  o.a.m.s.f.DefaultMavenResourcesFiltering - Copying 1 resource from src\main\resources to target\classes
2024-05-27 19:44:22,262 [Worker-46: Building] INFO  o.a.m.s.f.DefaultMavenResourcesFiltering - Copying 0 resource from src\main\resources to target\classes
2024-05-27 19:44:22,267 [Worker-46: Building] INFO  o.a.m.s.f.DefaultMavenResourcesFiltering - skip non existing resourceDirectory C:\Users\USER\Desktop\react project\library-app\02-backend\spring-boot-library\src\test\resources
2024-05-27 19:45:47,166 [Worker-38: Building] INFO  o.a.m.s.f.DefaultMavenResourcesFiltering - Copying 1 resource from src\main\resources to target\classes
2024-05-27 19:45:47,175 [Worker-38: Building] INFO  o.a.m.s.f.DefaultMavenResourcesFiltering - Copying 0 resource from src\main\resources to target\classes
2024-05-27 19:45:47,181 [Worker-38: Building] INFO  o.a.m.s.f.DefaultMavenResourcesFiltering - skip non existing resourceDirectory C:\Users\USER\Desktop\react project\library-app\02-backend\spring-boot-library\src\test\resources
2024-05-27 19:46:43,854 [Worker-44: Building] INFO  o.a.m.s.f.DefaultMavenResourcesFiltering - Copying 1 resource from src\main\resources to target\classes
2024-05-27 19:46:43,862 [Worker-44: Building] INFO  o.a.m.s.f.DefaultMavenResourcesFiltering - Copying 0 resource from src\main\resources to target\classes
2024-05-27 19:46:43,868 [Worker-44: Building] INFO  o.a.m.s.f.DefaultMavenResourcesFiltering - skip non existing resourceDirectory C:\Users\USER\Desktop\react project\library-app\02-backend\spring-boot-library\src\test\resources
2024-05-27 19:48:32,072 [Worker-50: Building] INFO  o.a.m.s.f.DefaultMavenResourcesFiltering - Copying 1 resource from src\main\resources to target\classes
2024-05-27 19:48:32,081 [Worker-50: Building] INFO  o.a.m.s.f.DefaultMavenResourcesFiltering - Copying 0 resource from src\main\resources to target\classes
2024-05-27 19:48:32,091 [Worker-50: Building] INFO  o.a.m.s.f.DefaultMavenResourcesFiltering - skip non existing resourceDirectory C:\Users\USER\Desktop\react project\library-app\02-backend\spring-boot-library\src\test\resources
2024-05-27 19:49:16,281 [Worker-49: Building] INFO  o.a.m.s.f.DefaultMavenResourcesFiltering - Copying 1 resource from src\main\resources to target\classes
2024-05-27 19:49:16,299 [Worker-49: Building] INFO  o.a.m.s.f.DefaultMavenResourcesFiltering - Copying 0 resource from src\main\resources to target\classes
2024-05-27 19:49:16,305 [Worker-49: Building] INFO  o.a.m.s.f.DefaultMavenResourcesFiltering - skip non existing resourceDirectory C:\Users\USER\Desktop\react project\library-app\02-backend\spring-boot-library\src\test\resources
2024-05-27 19:52:38,681 [Worker-50: Building] INFO  o.a.m.s.f.DefaultMavenResourcesFiltering - Copying 1 resource from src\main\resources to target\classes
2024-05-27 19:52:38,689 [Worker-50: Building] INFO  o.a.m.s.f.DefaultMavenResourcesFiltering - Copying 0 resource from src\main\resources to target\classes
2024-05-27 19:52:38,694 [Worker-50: Building] INFO  o.a.m.s.f.DefaultMavenResourcesFiltering - skip non existing resourceDirectory C:\Users\USER\Desktop\react project\library-app\02-backend\spring-boot-library\src\test\resources
2024-05-27 19:53:53,958 [Worker-53: Building] INFO  o.a.m.s.f.DefaultMavenResourcesFiltering - Copying 1 resource from src\main\resources to target\classes
2024-05-27 19:53:53,968 [Worker-53: Building] INFO  o.a.m.s.f.DefaultMavenResourcesFiltering - Copying 0 resource from src\main\resources to target\classes
2024-05-27 19:53:53,974 [Worker-53: Building] INFO  o.a.m.s.f.DefaultMavenResourcesFiltering - skip non existing resourceDirectory C:\Users\USER\Desktop\react project\library-app\02-backend\spring-boot-library\src\test\resources
2024-05-27 19:57:33,592 [Worker-55: Building] INFO  o.a.m.s.f.DefaultMavenResourcesFiltering - Copying 1 resource from src\main\resources to target\classes
2024-05-27 19:57:33,626 [Worker-55: Building] INFO  o.a.m.s.f.DefaultMavenResourcesFiltering - Copying 0 resource from src\main\resources to target\classes
2024-05-27 19:57:33,634 [Worker-55: Building] INFO  o.a.m.s.f.DefaultMavenResourcesFiltering - skip non existing resourceDirectory C:\Users\USER\Desktop\react project\library-app\02-backend\spring-boot-library\src\test\resources
2024-05-27 19:58:20,362 [Worker-55: Building] INFO  o.a.m.s.f.DefaultMavenResourcesFiltering - Copying 1 resource from src\main\resources to target\classes
2024-05-27 19:58:20,377 [Worker-55: Building] INFO  o.a.m.s.f.DefaultMavenResourcesFiltering - Copying 0 resource from src\main\resources to target\classes
2024-05-27 19:58:20,382 [Worker-55: Building] INFO  o.a.m.s.f.DefaultMavenResourcesFiltering - skip non existing resourceDirectory C:\Users\USER\Desktop\react project\library-app\02-backend\spring-boot-library\src\test\resources
2024-05-27 19:58:36,915 [Worker-58: Building] INFO  o.a.m.s.f.DefaultMavenResourcesFiltering - Copying 1 resource from src\main\resources to target\classes
2024-05-27 19:58:36,924 [Worker-58: Building] INFO  o.a.m.s.f.DefaultMavenResourcesFiltering - Copying 0 resource from src\main\resources to target\classes
2024-05-27 19:58:36,929 [Worker-58: Building] INFO  o.a.m.s.f.DefaultMavenResourcesFiltering - skip non existing resourceDirectory C:\Users\USER\Desktop\react project\library-app\02-backend\spring-boot-library\src\test\resources
2024-05-27 19:59:59,730 [Worker-51: Updating Maven Project] INFO  o.e.m.c.i.p.ProjectConfigurationManager - Update started
2024-05-27 20:00:03,384 [Worker-51: Updating Maven Project] INFO  o.e.m.c.i.l.LifecycleMappingFactory - Using org.eclipse.m2e.jdt.JarLifecycleMapping lifecycle mapping for MavenProject: com.snccreations:spring-boot-library:2.7.3 @ C:\Users\USER\Desktop\react project\library-app\02-backend\spring-boot-library\pom.xml.
2024-05-27 20:00:05,157 [Worker-51: Updating Maven Project] INFO  o.e.m.j.i.AbstractJavaProjectConfigurator - Adding source folder /spring-boot-library/src/main/java
2024-05-27 20:00:05,158 [Worker-51: Updating Maven Project] INFO  o.e.m.j.i.AbstractJavaProjectConfigurator - Adding resource folder /spring-boot-library/src/main/resources
2024-05-27 20:00:05,158 [Worker-51: Updating Maven Project] INFO  o.e.m.j.i.AbstractJavaProjectConfigurator - Adding resource folder /spring-boot-library/src/main/resources
2024-05-27 20:00:05,159 [Worker-51: Updating Maven Project] INFO  o.e.m.j.i.AbstractJavaProjectConfigurator - Adding source folder /spring-boot-library/src/test/java
2024-05-27 20:00:05,160 [Worker-51: Updating Maven Project] INFO  o.e.m.j.i.AbstractJavaProjectConfigurator - Adding resource folder /spring-boot-library/src/test/resources
2024-05-27 20:00:06,046 [Worker-51: Updating Maven Project] INFO  o.e.m.c.i.p.ProjectConfigurationManager - Update completed for 1 poms: local refresh takes 0.00 sec, refresh facades takes 4.00 sec, update config takes 1.00 sec 
2024-05-27 20:00:07,177 [Worker-63: Building] INFO  o.a.m.s.f.DefaultMavenResourcesFiltering - Copying 1 resource from src\main\resources to target\classes
2024-05-27 20:00:07,216 [Worker-63: Building] INFO  o.a.m.s.f.DefaultMavenResourcesFiltering - Copying 0 resource from src\main\resources to target\classes
2024-05-27 20:00:07,224 [Worker-63: Building] INFO  o.a.m.s.f.DefaultMavenResourcesFiltering - skip non existing resourceDirectory C:\Users\USER\Desktop\react project\library-app\02-backend\spring-boot-library\src\test\resources
2024-05-27 20:07:09,175 [Worker-67: Building] INFO  o.a.m.s.f.DefaultMavenResourcesFiltering - Copying 1 resource from src\main\resources to target\classes
2024-05-27 20:07:09,186 [Worker-67: Building] INFO  o.a.m.s.f.DefaultMavenResourcesFiltering - Copying 0 resource from src\main\resources to target\classes
2024-05-27 20:07:09,191 [Worker-67: Building] INFO  o.a.m.s.f.DefaultMavenResourcesFiltering - skip non existing resourceDirectory C:\Users\USER\Desktop\react project\library-app\02-backend\spring-boot-library\src\test\resources
2024-05-27 20:09:42,347 [Worker-69: Building] INFO  o.a.m.s.f.DefaultMavenResourcesFiltering - Copying 1 resource from src\main\resources to target\classes
2024-05-27 20:09:42,354 [Worker-69: Building] INFO  o.a.m.s.f.DefaultMavenResourcesFiltering - Copying 0 resource from src\main\resources to target\classes
2024-05-27 20:09:42,358 [Worker-69: Building] INFO  o.a.m.s.f.DefaultMavenResourcesFiltering - skip non existing resourceDirectory C:\Users\USER\Desktop\react project\library-app\02-backend\spring-boot-library\src\test\resources
2024-05-27 20:14:46,460 [Worker-72: Building] INFO  o.a.m.s.f.DefaultMavenResourcesFiltering - Copying 1 resource from src\main\resources to target\classes
2024-05-27 20:14:46,471 [Worker-72: Building] INFO  o.a.m.s.f.DefaultMavenResourcesFiltering - Copying 0 resource from src\main\resources to target\classes
2024-05-27 20:14:46,476 [Worker-72: Building] INFO  o.a.m.s.f.DefaultMavenResourcesFiltering - skip non existing resourceDirectory C:\Users\USER\Desktop\react project\library-app\02-backend\spring-boot-library\src\test\resources
2024-05-27 20:17:56,346 [Worker-68: Building] INFO  o.a.m.s.f.DefaultMavenResourcesFiltering - Copying 1 resource from src\main\resources to target\classes
2024-05-27 20:17:56,353 [Worker-68: Building] INFO  o.a.m.s.f.DefaultMavenResourcesFiltering - Copying 0 resource from src\main\resources to target\classes
2024-05-27 20:17:56,356 [Worker-68: Building] INFO  o.a.m.s.f.DefaultMavenResourcesFiltering - skip non existing resourceDirectory C:\Users\USER\Desktop\react project\library-app\02-backend\spring-boot-library\src\test\resources
2024-05-27 20:29:48,110 [Worker-78: Building] INFO  o.a.m.s.f.DefaultMavenResourcesFiltering - Copying 1 resource from src\main\resources to target\classes
2024-05-27 20:29:48,119 [Worker-78: Building] INFO  o.a.m.s.f.DefaultMavenResourcesFiltering - Copying 0 resource from src\main\resources to target\classes
2024-05-27 20:29:48,122 [Worker-78: Building] INFO  o.a.m.s.f.DefaultMavenResourcesFiltering - skip non existing resourceDirectory C:\Users\USER\Desktop\react project\library-app\02-backend\spring-boot-library\src\test\resources
2024-05-27 20:38:31,297 [Worker-82: Building] INFO  o.a.m.s.f.DefaultMavenResourcesFiltering - Copying 1 resource from src\main\resources to target\classes
2024-05-27 20:38:31,308 [Worker-82: Building] INFO  o.a.m.s.f.DefaultMavenResourcesFiltering - Copying 0 resource from src\main\resources to target\classes
2024-05-27 20:38:31,313 [Worker-82: Building] INFO  o.a.m.s.f.DefaultMavenResourcesFiltering - skip non existing resourceDirectory C:\Users\USER\Desktop\react project\library-app\02-backend\spring-boot-library\src\test\resources
2024-05-27 20:42:09,721 [Worker-88: Building] INFO  o.a.m.s.f.DefaultMavenResourcesFiltering - Copying 1 resource from src\main\resources to target\classes
2024-05-27 20:42:09,728 [Worker-88: Building] INFO  o.a.m.s.f.DefaultMavenResourcesFiltering - Copying 0 resource from src\main\resources to target\classes
2024-05-27 20:42:09,733 [Worker-88: Building] INFO  o.a.m.s.f.DefaultMavenResourcesFiltering - skip non existing resourceDirectory C:\Users\USER\Desktop\react project\library-app\02-backend\spring-boot-library\src\test\resources
2024-05-27 20:42:21,169 [Worker-87: Building] INFO  o.a.m.s.f.DefaultMavenResourcesFiltering - Copying 1 resource from src\main\resources to target\classes
2024-05-27 20:42:21,175 [Worker-87: Building] INFO  o.a.m.s.f.DefaultMavenResourcesFiltering - Copying 0 resource from src\main\resources to target\classes
2024-05-27 20:42:21,180 [Worker-87: Building] INFO  o.a.m.s.f.DefaultMavenResourcesFiltering - skip non existing resourceDirectory C:\Users\USER\Desktop\react project\library-app\02-backend\spring-boot-library\src\test\resources
2024-05-27 20:42:33,760 [Worker-87: Building] INFO  o.a.m.s.f.DefaultMavenResourcesFiltering - Copying 1 resource from src\main\resources to target\classes
2024-05-27 20:42:33,767 [Worker-87: Building] INFO  o.a.m.s.f.DefaultMavenResourcesFiltering - Copying 0 resource from src\main\resources to target\classes
2024-05-27 20:42:33,774 [Worker-87: Building] INFO  o.a.m.s.f.DefaultMavenResourcesFiltering - skip non existing resourceDirectory C:\Users\USER\Desktop\react project\library-app\02-backend\spring-boot-library\src\test\resources
2024-05-27 20:43:29,058 [Worker-88: Building] INFO  o.a.m.s.f.DefaultMavenResourcesFiltering - Copying 1 resource from src\main\resources to target\classes
2024-05-27 20:43:29,075 [Worker-88: Building] INFO  o.a.m.s.f.DefaultMavenResourcesFiltering - Copying 0 resource from src\main\resources to target\classes
2024-05-27 20:43:29,080 [Worker-88: Building] INFO  o.a.m.s.f.DefaultMavenResourcesFiltering - skip non existing resourceDirectory C:\Users\USER\Desktop\react project\library-app\02-backend\spring-boot-library\src\test\resources
2024-05-27 20:45:42,177 [Worker-87: Building] INFO  o.a.m.s.f.DefaultMavenResourcesFiltering - Copying 1 resource from src\main\resources to target\classes
2024-05-27 20:45:42,183 [Worker-87: Building] INFO  o.a.m.s.f.DefaultMavenResourcesFiltering - Copying 0 resource from src\main\resources to target\classes
2024-05-27 20:45:42,186 [Worker-87: Building] INFO  o.a.m.s.f.DefaultMavenResourcesFiltering - skip non existing resourceDirectory C:\Users\USER\Desktop\react project\library-app\02-backend\spring-boot-library\src\test\resources
2024-05-27 20:45:52,579 [Worker-87: Building] INFO  o.a.m.s.f.DefaultMavenResourcesFiltering - Copying 1 resource from src\main\resources to target\classes
2024-05-27 20:45:52,589 [Worker-87: Building] INFO  o.a.m.s.f.DefaultMavenResourcesFiltering - Copying 0 resource from src\main\resources to target\classes
2024-05-27 20:45:52,594 [Worker-87: Building] INFO  o.a.m.s.f.DefaultMavenResourcesFiltering - skip non existing resourceDirectory C:\Users\USER\Desktop\react project\library-app\02-backend\spring-boot-library\src\test\resources
2024-05-27 20:46:23,178 [Worker-89: Building] INFO  o.a.m.s.f.DefaultMavenResourcesFiltering - Copying 1 resource from src\main\resources to target\classes
2024-05-27 20:46:23,185 [Worker-89: Building] INFO  o.a.m.s.f.DefaultMavenResourcesFiltering - Copying 0 resource from src\main\resources to target\classes
2024-05-27 20:46:23,190 [Worker-89: Building] INFO  o.a.m.s.f.DefaultMavenResourcesFiltering - skip non existing resourceDirectory C:\Users\USER\Desktop\react project\library-app\02-backend\spring-boot-library\src\test\resources
2024-05-27 20:48:06,926 [Worker-89: Building] INFO  o.a.m.s.f.DefaultMavenResourcesFiltering - Copying 1 resource from src\main\resources to target\classes
2024-05-27 20:48:06,939 [Worker-89: Building] INFO  o.a.m.s.f.DefaultMavenResourcesFiltering - Copying 0 resource from src\main\resources to target\classes
2024-05-27 20:48:06,946 [Worker-89: Building] INFO  o.a.m.s.f.DefaultMavenResourcesFiltering - skip non existing resourceDirectory C:\Users\USER\Desktop\react project\library-app\02-backend\spring-boot-library\src\test\resources
2024-05-27 20:50:22,957 [Worker-92: Building] INFO  o.a.m.s.f.DefaultMavenResourcesFiltering - Copying 1 resource from src\main\resources to target\classes
2024-05-27 20:50:22,976 [Worker-92: Building] INFO  o.a.m.s.f.DefaultMavenResourcesFiltering - Copying 0 resource from src\main\resources to target\classes
2024-05-27 20:50:22,986 [Worker-92: Building] INFO  o.a.m.s.f.DefaultMavenResourcesFiltering - skip non existing resourceDirectory C:\Users\USER\Desktop\react project\library-app\02-backend\spring-boot-library\src\test\resources
2024-05-27 20:51:45,427 [Worker-92: Updating Maven Project] INFO  o.e.m.c.i.p.ProjectConfigurationManager - Update started
2024-05-27 20:51:45,882 [Worker-92: Updating Maven Project] INFO  o.e.m.c.i.l.LifecycleMappingFactory - Using org.eclipse.m2e.jdt.JarLifecycleMapping lifecycle mapping for MavenProject: com.snccreations:spring-boot-library:2.7.3 @ C:\Users\USER\Desktop\react project\library-app\02-backend\spring-boot-library\pom.xml.
2024-05-27 20:51:46,677 [Worker-92: Updating Maven Project] INFO  o.e.m.j.i.AbstractJavaProjectConfigurator - Adding source folder /spring-boot-library/src/main/java
2024-05-27 20:51:46,677 [Worker-92: Updating Maven Project] INFO  o.e.m.j.i.AbstractJavaProjectConfigurator - Adding resource folder /spring-boot-library/src/main/resources
2024-05-27 20:51:46,677 [Worker-92: Updating Maven Project] INFO  o.e.m.j.i.AbstractJavaProjectConfigurator - Adding resource folder /spring-boot-library/src/main/resources
2024-05-27 20:51:46,678 [Worker-92: Updating Maven Project] INFO  o.e.m.j.i.AbstractJavaProjectConfigurator - Adding source folder /spring-boot-library/src/test/java
2024-05-27 20:51:46,678 [Worker-92: Updating Maven Project] INFO  o.e.m.j.i.AbstractJavaProjectConfigurator - Adding resource folder /spring-boot-library/src/test/resources
2024-05-27 20:51:47,232 [Worker-92: Updating Maven Project] INFO  o.e.m.c.i.p.ProjectConfigurationManager - Update completed for 1 poms: local refresh takes 0.00 sec, refresh facades takes 1.00 sec, update config takes 0.00 sec 
2024-05-27 20:51:48,073 [Worker-70: Building] INFO  o.a.m.s.f.DefaultMavenResourcesFiltering - Copying 1 resource from src\main\resources to target\classes
2024-05-27 20:51:48,122 [Worker-70: Building] INFO  o.a.m.s.f.DefaultMavenResourcesFiltering - Copying 0 resource from src\main\resources to target\classes
2024-05-27 20:51:48,135 [Worker-70: Building] INFO  o.a.m.s.f.DefaultMavenResourcesFiltering - skip non existing resourceDirectory C:\Users\USER\Desktop\react project\library-app\02-backend\spring-boot-library\src\test\resources
2024-05-27 20:52:13,242 [Worker-92: Launching spring-boot-library - SpringBootLibraryApplication] INFO  o.a.m.s.f.DefaultMavenResourcesFiltering - Copying 1 resource from src\main\resources to target\classes
2024-05-27 20:52:13,251 [Worker-92: Launching spring-boot-library - SpringBootLibraryApplication] INFO  o.a.m.s.f.DefaultMavenResourcesFiltering - Copying 0 resource from src\main\resources to target\classes
2024-05-27 20:52:13,256 [Worker-92: Launching spring-boot-library - SpringBootLibraryApplication] INFO  o.a.m.s.f.DefaultMavenResourcesFiltering - skip non existing resourceDirectory C:\Users\USER\Desktop\react project\library-app\02-backend\spring-boot-library\src\test\resources
2024-05-27 20:52:56,324 [Worker-95: Building] INFO  o.a.m.s.f.DefaultMavenResourcesFiltering - Copying 1 resource from src\main\resources to target\classes
2024-05-27 20:52:56,334 [Worker-95: Building] INFO  o.a.m.s.f.DefaultMavenResourcesFiltering - Copying 0 resource from src\main\resources to target\classes
2024-05-27 20:52:56,339 [Worker-95: Building] INFO  o.a.m.s.f.DefaultMavenResourcesFiltering - skip non existing resourceDirectory C:\Users\USER\Desktop\react project\library-app\02-backend\spring-boot-library\src\test\resources
2024-05-27 20:53:57,946 [Worker-93: Building] INFO  o.a.m.s.f.DefaultMavenResourcesFiltering - Copying 1 resource from src\main\resources to target\classes
2024-05-27 20:53:57,954 [Worker-93: Building] INFO  o.a.m.s.f.DefaultMavenResourcesFiltering - Copying 0 resource from src\main\resources to target\classes
2024-05-27 20:53:57,958 [Worker-93: Building] INFO  o.a.m.s.f.DefaultMavenResourcesFiltering - skip non existing resourceDirectory C:\Users\USER\Desktop\react project\library-app\02-backend\spring-boot-library\src\test\resources
2024-05-27 20:54:10,299 [Worker-96: Building] INFO  o.a.m.s.f.DefaultMavenResourcesFiltering - Copying 1 resource from src\main\resources to target\classes
2024-05-27 20:54:10,306 [Worker-96: Building] INFO  o.a.m.s.f.DefaultMavenResourcesFiltering - Copying 0 resource from src\main\resources to target\classes
2024-05-27 20:54:10,309 [Worker-96: Building] INFO  o.a.m.s.f.DefaultMavenResourcesFiltering - skip non existing resourceDirectory C:\Users\USER\Desktop\react project\library-app\02-backend\spring-boot-library\src\test\resources
2024-05-27 20:55:10,202 [Worker-93: Building] INFO  o.a.m.s.f.DefaultMavenResourcesFiltering - Copying 1 resource from src\main\resources to target\classes
2024-05-27 20:55:10,210 [Worker-93: Building] INFO  o.a.m.s.f.DefaultMavenResourcesFiltering - Copying 0 resource from src\main\resources to target\classes
2024-05-27 20:55:10,216 [Worker-93: Building] INFO  o.a.m.s.f.DefaultMavenResourcesFiltering - skip non existing resourceDirectory C:\Users\USER\Desktop\react project\library-app\02-backend\spring-boot-library\src\test\resources
2024-05-27 20:55:58,429 [Worker-98: Building] INFO  o.a.m.s.f.DefaultMavenResourcesFiltering - Copying 1 resource from src\main\resources to target\classes
2024-05-27 20:55:58,438 [Worker-98: Building] INFO  o.a.m.s.f.DefaultMavenResourcesFiltering - Copying 0 resource from src\main\resources to target\classes
2024-05-27 20:55:58,444 [Worker-98: Building] INFO  o.a.m.s.f.DefaultMavenResourcesFiltering - skip non existing resourceDirectory C:\Users\USER\Desktop\react project\library-app\02-backend\spring-boot-library\src\test\resources
2024-05-27 20:59:17,471 [Worker-94: Building] INFO  o.a.m.s.f.DefaultMavenResourcesFiltering - Copying 1 resource from src\main\resources to target\classes
2024-05-27 20:59:17,481 [Worker-94: Building] INFO  o.a.m.s.f.DefaultMavenResourcesFiltering - Copying 0 resource from src\main\resources to target\classes
2024-05-27 20:59:17,487 [Worker-94: Building] INFO  o.a.m.s.f.DefaultMavenResourcesFiltering - skip non existing resourceDirectory C:\Users\USER\Desktop\react project\library-app\02-backend\spring-boot-library\src\test\resources
2024-05-27 20:59:24,291 [Worker-92: Building] INFO  o.a.m.s.f.DefaultMavenResourcesFiltering - Copying 1 resource from src\main\resources to target\classes
2024-05-27 20:59:24,302 [Worker-92: Building] INFO  o.a.m.s.f.DefaultMavenResourcesFiltering - Copying 0 resource from src\main\resources to target\classes
2024-05-27 20:59:24,305 [Worker-92: Building] INFO  o.a.m.s.f.DefaultMavenResourcesFiltering - skip non existing resourceDirectory C:\Users\USER\Desktop\react project\library-app\02-backend\spring-boot-library\src\test\resources
2024-05-27 21:00:43,306 [Worker-99: Building] INFO  o.a.m.s.f.DefaultMavenResourcesFiltering - Copying 1 resource from src\main\resources to target\classes
2024-05-27 21:00:43,313 [Worker-99: Building] INFO  o.a.m.s.f.DefaultMavenResourcesFiltering - Copying 0 resource from src\main\resources to target\classes
2024-05-27 21:00:43,317 [Worker-99: Building] INFO  o.a.m.s.f.DefaultMavenResourcesFiltering - skip non existing resourceDirectory C:\Users\USER\Desktop\react project\library-app\02-backend\spring-boot-library\src\test\resources
2024-05-27 21:03:49,485 [Worker-98: Building] INFO  o.a.m.s.f.DefaultMavenResourcesFiltering - Copying 1 resource from src\main\resources to target\classes
2024-05-27 21:03:49,497 [Worker-98: Building] INFO  o.a.m.s.f.DefaultMavenResourcesFiltering - Copying 0 resource from src\main\resources to target\classes
2024-05-27 21:03:49,502 [Worker-98: Building] INFO  o.a.m.s.f.DefaultMavenResourcesFiltering - skip non existing resourceDirectory C:\Users\USER\Desktop\react project\library-app\02-backend\spring-boot-library\src\test\resources
2024-05-27 21:05:20,826 [Worker-98: Building] INFO  o.a.m.s.f.DefaultMavenResourcesFiltering - Copying 1 resource from src\main\resources to target\classes
2024-05-27 21:05:20,837 [Worker-98: Building] INFO  o.a.m.s.f.DefaultMavenResourcesFiltering - Copying 0 resource from src\main\resources to target\classes
2024-05-27 21:05:20,841 [Worker-98: Building] INFO  o.a.m.s.f.DefaultMavenResourcesFiltering - skip non existing resourceDirectory C:\Users\USER\Desktop\react project\library-app\02-backend\spring-boot-library\src\test\resources
2024-05-27 21:06:12,100 [Worker-100: Building] INFO  o.a.m.s.f.DefaultMavenResourcesFiltering - Copying 1 resource from src\main\resources to target\classes
2024-05-27 21:06:12,110 [Worker-100: Building] INFO  o.a.m.s.f.DefaultMavenResourcesFiltering - Copying 0 resource from src\main\resources to target\classes
2024-05-27 21:06:12,115 [Worker-100: Building] INFO  o.a.m.s.f.DefaultMavenResourcesFiltering - skip non existing resourceDirectory C:\Users\USER\Desktop\react project\library-app\02-backend\spring-boot-library\src\test\resources
2024-05-27 21:06:42,940 [Worker-100: Building] INFO  o.a.m.s.f.DefaultMavenResourcesFiltering - Copying 1 resource from src\main\resources to target\classes
2024-05-27 21:06:42,949 [Worker-100: Building] INFO  o.a.m.s.f.DefaultMavenResourcesFiltering - Copying 0 resource from src\main\resources to target\classes
2024-05-27 21:06:42,954 [Worker-100: Building] INFO  o.a.m.s.f.DefaultMavenResourcesFiltering - skip non existing resourceDirectory C:\Users\USER\Desktop\react project\library-app\02-backend\spring-boot-library\src\test\resources
2024-05-27 21:07:02,510 [Worker-98: Building] INFO  o.a.m.s.f.DefaultMavenResourcesFiltering - Copying 1 resource from src\main\resources to target\classes
2024-05-27 21:07:02,520 [Worker-98: Building] INFO  o.a.m.s.f.DefaultMavenResourcesFiltering - Copying 0 resource from src\main\resources to target\classes
2024-05-27 21:07:02,524 [Worker-98: Building] INFO  o.a.m.s.f.DefaultMavenResourcesFiltering - skip non existing resourceDirectory C:\Users\USER\Desktop\react project\library-app\02-backend\spring-boot-library\src\test\resources
2024-05-27 21:07:44,188 [Worker-100: Building] INFO  o.a.m.s.f.DefaultMavenResourcesFiltering - Copying 1 resource from src\main\resources to target\classes
2024-05-27 21:07:44,195 [Worker-100: Building] INFO  o.a.m.s.f.DefaultMavenResourcesFiltering - Copying 0 resource from src\main\resources to target\classes
2024-05-27 21:07:44,199 [Worker-100: Building] INFO  o.a.m.s.f.DefaultMavenResourcesFiltering - skip non existing resourceDirectory C:\Users\USER\Desktop\react project\library-app\02-backend\spring-boot-library\src\test\resources
2024-05-27 21:08:08,151 [Worker-105: Building] INFO  o.a.m.s.f.DefaultMavenResourcesFiltering - Copying 1 resource from src\main\resources to target\classes
2024-05-27 21:08:08,180 [Worker-105: Building] INFO  o.a.m.s.f.DefaultMavenResourcesFiltering - Copying 0 resource from src\main\resources to target\classes
2024-05-27 21:08:08,186 [Worker-105: Building] INFO  o.a.m.s.f.DefaultMavenResourcesFiltering - skip non existing resourceDirectory C:\Users\USER\Desktop\react project\library-app\02-backend\spring-boot-library\src\test\resources
2024-05-27 21:08:30,471 [Worker-100: Building] INFO  o.a.m.s.f.DefaultMavenResourcesFiltering - Copying 1 resource from src\main\resources to target\classes
2024-05-27 21:08:30,479 [Worker-100: Building] INFO  o.a.m.s.f.DefaultMavenResourcesFiltering - Copying 0 resource from src\main\resources to target\classes
2024-05-27 21:08:30,484 [Worker-100: Building] INFO  o.a.m.s.f.DefaultMavenResourcesFiltering - skip non existing resourceDirectory C:\Users\USER\Desktop\react project\library-app\02-backend\spring-boot-library\src\test\resources
2024-05-27 21:11:39,241 [Worker-106: Building] INFO  o.a.m.s.f.DefaultMavenResourcesFiltering - Copying 1 resource from src\main\resources to target\classes
2024-05-27 21:11:39,252 [Worker-106: Building] INFO  o.a.m.s.f.DefaultMavenResourcesFiltering - Copying 0 resource from src\main\resources to target\classes
2024-05-27 21:11:39,257 [Worker-106: Building] INFO  o.a.m.s.f.DefaultMavenResourcesFiltering - skip non existing resourceDirectory C:\Users\USER\Desktop\react project\library-app\02-backend\spring-boot-library\src\test\resources
2024-05-27 21:13:32,351 [Worker-102: Building] INFO  o.a.m.s.f.DefaultMavenResourcesFiltering - Copying 1 resource from src\main\resources to target\classes
2024-05-27 21:13:32,381 [Worker-102: Building] INFO  o.a.m.s.f.DefaultMavenResourcesFiltering - Copying 0 resource from src\main\resources to target\classes
2024-05-27 21:13:32,387 [Worker-102: Building] INFO  o.a.m.s.f.DefaultMavenResourcesFiltering - skip non existing resourceDirectory C:\Users\USER\Desktop\react project\library-app\02-backend\spring-boot-library\src\test\resources
2024-05-27 21:14:39,157 [Worker-102: Building] INFO  o.a.m.s.f.DefaultMavenResourcesFiltering - Copying 1 resource from src\main\resources to target\classes
2024-05-27 21:14:39,181 [Worker-102: Building] INFO  o.a.m.s.f.DefaultMavenResourcesFiltering - Copying 0 resource from src\main\resources to target\classes
2024-05-27 21:14:39,184 [Worker-102: Building] INFO  o.a.m.s.f.DefaultMavenResourcesFiltering - skip non existing resourceDirectory C:\Users\USER\Desktop\react project\library-app\02-backend\spring-boot-library\src\test\resources
2024-05-27 21:15:05,309 [Worker-107: Building] INFO  o.a.m.s.f.DefaultMavenResourcesFiltering - Copying 1 resource from src\main\resources to target\classes
2024-05-27 21:15:05,332 [Worker-107: Building] INFO  o.a.m.s.f.DefaultMavenResourcesFiltering - Copying 0 resource from src\main\resources to target\classes
2024-05-27 21:15:05,336 [Worker-107: Building] INFO  o.a.m.s.f.DefaultMavenResourcesFiltering - skip non existing resourceDirectory C:\Users\USER\Desktop\react project\library-app\02-backend\spring-boot-library\src\test\resources
2024-05-27 21:17:45,870 [Worker-111: Building] INFO  o.a.m.s.f.DefaultMavenResourcesFiltering - Copying 1 resource from src\main\resources to target\classes
2024-05-27 21:17:45,880 [Worker-111: Building] INFO  o.a.m.s.f.DefaultMavenResourcesFiltering - Copying 0 resource from src\main\resources to target\classes
2024-05-27 21:17:45,884 [Worker-111: Building] INFO  o.a.m.s.f.DefaultMavenResourcesFiltering - skip non existing resourceDirectory C:\Users\USER\Desktop\react project\library-app\02-backend\spring-boot-library\src\test\resources
2024-05-27 21:17:55,275 [Worker-111: Building] INFO  o.a.m.s.f.DefaultMavenResourcesFiltering - Copying 1 resource from src\main\resources to target\classes
2024-05-27 21:17:55,284 [Worker-111: Building] INFO  o.a.m.s.f.DefaultMavenResourcesFiltering - Copying 0 resource from src\main\resources to target\classes
2024-05-27 21:17:55,289 [Worker-111: Building] INFO  o.a.m.s.f.DefaultMavenResourcesFiltering - skip non existing resourceDirectory C:\Users\USER\Desktop\react project\library-app\02-backend\spring-boot-library\src\test\resources
2024-05-27 21:18:07,521 [Worker-111: Building] INFO  o.a.m.s.f.DefaultMavenResourcesFiltering - Copying 1 resource from src\main\resources to target\classes
2024-05-27 21:18:07,530 [Worker-111: Building] INFO  o.a.m.s.f.DefaultMavenResourcesFiltering - Copying 0 resource from src\main\resources to target\classes
2024-05-27 21:18:07,534 [Worker-111: Building] INFO  o.a.m.s.f.DefaultMavenResourcesFiltering - skip non existing resourceDirectory C:\Users\USER\Desktop\react project\library-app\02-backend\spring-boot-library\src\test\resources
2024-05-27 21:18:16,395 [Worker-113: Building] INFO  o.a.m.s.f.DefaultMavenResourcesFiltering - Copying 1 resource from src\main\resources to target\classes
2024-05-27 21:18:16,408 [Worker-113: Building] INFO  o.a.m.s.f.DefaultMavenResourcesFiltering - Copying 0 resource from src\main\resources to target\classes
2024-05-27 21:18:16,414 [Worker-113: Building] INFO  o.a.m.s.f.DefaultMavenResourcesFiltering - skip non existing resourceDirectory C:\Users\USER\Desktop\react project\library-app\02-backend\spring-boot-library\src\test\resources
2024-05-27 21:20:34,323 [Worker-111: Building] INFO  o.a.m.s.f.DefaultMavenResourcesFiltering - Copying 1 resource from src\main\resources to target\classes
2024-05-27 21:20:34,416 [Worker-111: Building] INFO  o.a.m.s.f.DefaultMavenResourcesFiltering - Copying 0 resource from src\main\resources to target\classes
2024-05-27 21:20:34,424 [Worker-111: Building] INFO  o.a.m.s.f.DefaultMavenResourcesFiltering - skip non existing resourceDirectory C:\Users\USER\Desktop\react project\library-app\02-backend\spring-boot-library\src\test\resources
2024-05-27 21:20:46,480 [Worker-112: Building] INFO  o.a.m.s.f.DefaultMavenResourcesFiltering - Copying 1 resource from src\main\resources to target\classes
2024-05-27 21:20:46,490 [Worker-112: Building] INFO  o.a.m.s.f.DefaultMavenResourcesFiltering - Copying 0 resource from src\main\resources to target\classes
2024-05-27 21:20:46,494 [Worker-112: Building] INFO  o.a.m.s.f.DefaultMavenResourcesFiltering - skip non existing resourceDirectory C:\Users\USER\Desktop\react project\library-app\02-backend\spring-boot-library\src\test\resources
2024-05-28 10:29:54,324 [Worker-6: Loading available Gradle versions] INFO  o.e.b.c.i.u.g.PublishedGradleVersions - Gradle version information cache is up-to-date. Trying to read.
2024-05-28 10:36:28,536 [Worker-19: Building] INFO  o.a.m.s.f.DefaultMavenResourcesFiltering - Copying 1 resource from src\main\resources to target\classes
2024-05-28 10:36:28,592 [Worker-19: Building] INFO  o.a.m.s.f.DefaultMavenResourcesFiltering - Copying 0 resource from src\main\resources to target\classes
2024-05-28 10:36:28,609 [Worker-19: Building] INFO  o.a.m.s.f.DefaultMavenResourcesFiltering - skip non existing resourceDirectory C:\Users\USER\Desktop\react project\library-app\02-backend\spring-boot-library\src\test\resources
2024-05-28 10:38:42,068 [Worker-18: Building] INFO  o.a.m.s.f.DefaultMavenResourcesFiltering - Copying 1 resource from src\main\resources to target\classes
2024-05-28 10:38:42,076 [Worker-18: Building] INFO  o.a.m.s.f.DefaultMavenResourcesFiltering - Copying 0 resource from src\main\resources to target\classes
2024-05-28 10:38:42,082 [Worker-18: Building] INFO  o.a.m.s.f.DefaultMavenResourcesFiltering - skip non existing resourceDirectory C:\Users\USER\Desktop\react project\library-app\02-backend\spring-boot-library\src\test\resources
2024-05-28 10:41:33,175 [Worker-16: Building] INFO  o.a.m.s.f.DefaultMavenResourcesFiltering - Copying 1 resource from src\main\resources to target\classes
2024-05-28 10:41:33,183 [Worker-16: Building] INFO  o.a.m.s.f.DefaultMavenResourcesFiltering - Copying 0 resource from src\main\resources to target\classes
2024-05-28 10:41:33,189 [Worker-16: Building] INFO  o.a.m.s.f.DefaultMavenResourcesFiltering - skip non existing resourceDirectory C:\Users\USER\Desktop\react project\library-app\02-backend\spring-boot-library\src\test\resources
2024-05-28 10:42:19,041 [Worker-22: Building] INFO  o.a.m.s.f.DefaultMavenResourcesFiltering - Copying 1 resource from src\main\resources to target\classes
2024-05-28 10:42:19,051 [Worker-22: Building] INFO  o.a.m.s.f.DefaultMavenResourcesFiltering - Copying 0 resource from src\main\resources to target\classes
2024-05-28 10:42:19,057 [Worker-22: Building] INFO  o.a.m.s.f.DefaultMavenResourcesFiltering - skip non existing resourceDirectory C:\Users\USER\Desktop\react project\library-app\02-backend\spring-boot-library\src\test\resources
2024-05-28 10:43:31,580 [Worker-21: Launching spring-boot-library - SpringBootLibraryApplication] INFO  o.a.m.s.f.DefaultMavenResourcesFiltering - Copying 1 resource from src\main\resources to target\classes
2024-05-28 10:43:31,610 [Worker-21: Launching spring-boot-library - SpringBootLibraryApplication] INFO  o.a.m.s.f.DefaultMavenResourcesFiltering - Copying 0 resource from src\main\resources to target\classes
2024-05-28 10:43:31,616 [Worker-21: Launching spring-boot-library - SpringBootLibraryApplication] INFO  o.a.m.s.f.DefaultMavenResourcesFiltering - skip non existing resourceDirectory C:\Users\USER\Desktop\react project\library-app\02-backend\spring-boot-library\src\test\resources
2024-05-28 10:45:02,863 [Worker-15: Building] INFO  o.a.m.s.f.DefaultMavenResourcesFiltering - Copying 1 resource from src\main\resources to target\classes
2024-05-28 10:45:02,892 [Worker-15: Building] INFO  o.a.m.s.f.DefaultMavenResourcesFiltering - Copying 0 resource from src\main\resources to target\classes
2024-05-28 10:45:02,898 [Worker-15: Building] INFO  o.a.m.s.f.DefaultMavenResourcesFiltering - skip non existing resourceDirectory C:\Users\USER\Desktop\react project\library-app\02-backend\spring-boot-library\src\test\resources
2024-05-28 10:49:03,508 [Worker-19: Building] INFO  o.a.m.s.f.DefaultMavenResourcesFiltering - Copying 1 resource from src\main\resources to target\classes
2024-05-28 10:49:03,508 [Worker-19: Building] INFO  o.a.m.s.f.DefaultMavenResourcesFiltering - Copying 0 resource from src\main\resources to target\classes
2024-05-28 10:49:03,528 [Worker-19: Building] INFO  o.a.m.s.f.DefaultMavenResourcesFiltering - skip non existing resourceDirectory C:\Users\USER\Desktop\react project\library-app\02-backend\spring-boot-library\src\test\resources
2024-05-28 10:50:35,039 [Worker-19: Building] INFO  o.a.m.s.f.DefaultMavenResourcesFiltering - Copying 1 resource from src\main\resources to target\classes
2024-05-28 10:50:35,048 [Worker-19: Building] INFO  o.a.m.s.f.DefaultMavenResourcesFiltering - Copying 0 resource from src\main\resources to target\classes
2024-05-28 10:50:35,056 [Worker-19: Building] INFO  o.a.m.s.f.DefaultMavenResourcesFiltering - skip non existing resourceDirectory C:\Users\USER\Desktop\react project\library-app\02-backend\spring-boot-library\src\test\resources
2024-05-28 10:53:38,633 [Worker-29: Building] INFO  o.a.m.s.f.DefaultMavenResourcesFiltering - Copying 1 resource from src\main\resources to target\classes
2024-05-28 10:53:38,644 [Worker-29: Building] INFO  o.a.m.s.f.DefaultMavenResourcesFiltering - Copying 0 resource from src\main\resources to target\classes
2024-05-28 10:53:38,650 [Worker-29: Building] INFO  o.a.m.s.f.DefaultMavenResourcesFiltering - skip non existing resourceDirectory C:\Users\USER\Desktop\react project\library-app\02-backend\spring-boot-library\src\test\resources
2024-05-28 10:53:55,484 [Worker-30: Building] INFO  o.a.m.s.f.DefaultMavenResourcesFiltering - Copying 1 resource from src\main\resources to target\classes
2024-05-28 10:53:55,495 [Worker-30: Building] INFO  o.a.m.s.f.DefaultMavenResourcesFiltering - Copying 0 resource from src\main\resources to target\classes
2024-05-28 10:53:55,501 [Worker-30: Building] INFO  o.a.m.s.f.DefaultMavenResourcesFiltering - skip non existing resourceDirectory C:\Users\USER\Desktop\react project\library-app\02-backend\spring-boot-library\src\test\resources
2024-05-28 10:55:34,565 [Worker-34: Building] INFO  o.a.m.s.f.DefaultMavenResourcesFiltering - Copying 1 resource from src\main\resources to target\classes
2024-05-28 10:55:34,574 [Worker-34: Building] INFO  o.a.m.s.f.DefaultMavenResourcesFiltering - Copying 0 resource from src\main\resources to target\classes
2024-05-28 10:55:34,579 [Worker-34: Building] INFO  o.a.m.s.f.DefaultMavenResourcesFiltering - skip non existing resourceDirectory C:\Users\USER\Desktop\react project\library-app\02-backend\spring-boot-library\src\test\resources
2024-05-28 10:56:32,689 [Worker-31: Building] INFO  o.a.m.s.f.DefaultMavenResourcesFiltering - Copying 1 resource from src\main\resources to target\classes
2024-05-28 10:56:32,704 [Worker-31: Building] INFO  o.a.m.s.f.DefaultMavenResourcesFiltering - Copying 0 resource from src\main\resources to target\classes
2024-05-28 10:56:32,711 [Worker-31: Building] INFO  o.a.m.s.f.DefaultMavenResourcesFiltering - skip non existing resourceDirectory C:\Users\USER\Desktop\react project\library-app\02-backend\spring-boot-library\src\test\resources
2024-05-28 10:57:14,856 [Worker-33: Building] INFO  o.a.m.s.f.DefaultMavenResourcesFiltering - Copying 1 resource from src\main\resources to target\classes
2024-05-28 10:57:14,865 [Worker-33: Building] INFO  o.a.m.s.f.DefaultMavenResourcesFiltering - Copying 0 resource from src\main\resources to target\classes
2024-05-28 10:57:14,869 [Worker-33: Building] INFO  o.a.m.s.f.DefaultMavenResourcesFiltering - skip non existing resourceDirectory C:\Users\USER\Desktop\react project\library-app\02-backend\spring-boot-library\src\test\resources
2024-05-28 10:57:27,773 [Worker-34: Launching spring-boot-library - SpringBootLibraryApplication] INFO  o.a.m.s.f.DefaultMavenResourcesFiltering - Copying 1 resource from src\main\resources to target\classes
2024-05-28 10:57:27,782 [Worker-34: Launching spring-boot-library - SpringBootLibraryApplication] INFO  o.a.m.s.f.DefaultMavenResourcesFiltering - Copying 0 resource from src\main\resources to target\classes
2024-05-28 10:57:27,787 [Worker-34: Launching spring-boot-library - SpringBootLibraryApplication] INFO  o.a.m.s.f.DefaultMavenResourcesFiltering - skip non existing resourceDirectory C:\Users\USER\Desktop\react project\library-app\02-backend\spring-boot-library\src\test\resources
2024-05-28 10:59:06,862 [Worker-38: Building] INFO  o.a.m.s.f.DefaultMavenResourcesFiltering - Copying 1 resource from src\main\resources to target\classes
2024-05-28 10:59:06,919 [Worker-38: Building] INFO  o.a.m.s.f.DefaultMavenResourcesFiltering - Copying 0 resource from src\main\resources to target\classes
2024-05-28 10:59:06,953 [Worker-38: Building] INFO  o.a.m.s.f.DefaultMavenResourcesFiltering - skip non existing resourceDirectory C:\Users\USER\Desktop\react project\library-app\02-backend\spring-boot-library\src\test\resources
2024-05-28 10:59:35,745 [Worker-39: Building] INFO  o.a.m.s.f.DefaultMavenResourcesFiltering - Copying 1 resource from src\main\resources to target\classes
2024-05-28 10:59:35,758 [Worker-39: Building] INFO  o.a.m.s.f.DefaultMavenResourcesFiltering - Copying 0 resource from src\main\resources to target\classes
2024-05-28 10:59:35,767 [Worker-39: Building] INFO  o.a.m.s.f.DefaultMavenResourcesFiltering - skip non existing resourceDirectory C:\Users\USER\Desktop\react project\library-app\02-backend\spring-boot-library\src\test\resources
2024-05-28 11:01:53,294 [Worker-44: Building] INFO  o.a.m.s.f.DefaultMavenResourcesFiltering - Copying 1 resource from src\main\resources to target\classes
2024-05-28 11:01:53,310 [Worker-44: Building] INFO  o.a.m.s.f.DefaultMavenResourcesFiltering - Copying 0 resource from src\main\resources to target\classes
2024-05-28 11:01:53,317 [Worker-44: Building] INFO  o.a.m.s.f.DefaultMavenResourcesFiltering - skip non existing resourceDirectory C:\Users\USER\Desktop\react project\library-app\02-backend\spring-boot-library\src\test\resources
2024-05-28 11:02:08,944 [Worker-42: Building] INFO  o.a.m.s.f.DefaultMavenResourcesFiltering - Copying 1 resource from src\main\resources to target\classes
2024-05-28 11:02:08,953 [Worker-42: Building] INFO  o.a.m.s.f.DefaultMavenResourcesFiltering - Copying 0 resource from src\main\resources to target\classes
2024-05-28 11:02:08,957 [Worker-42: Building] INFO  o.a.m.s.f.DefaultMavenResourcesFiltering - skip non existing resourceDirectory C:\Users\USER\Desktop\react project\library-app\02-backend\spring-boot-library\src\test\resources
2024-05-28 11:02:27,970 [Worker-45: Building] INFO  o.a.m.s.f.DefaultMavenResourcesFiltering - Copying 1 resource from src\main\resources to target\classes
2024-05-28 11:02:27,978 [Worker-45: Building] INFO  o.a.m.s.f.DefaultMavenResourcesFiltering - Copying 0 resource from src\main\resources to target\classes
2024-05-28 11:02:27,983 [Worker-45: Building] INFO  o.a.m.s.f.DefaultMavenResourcesFiltering - skip non existing resourceDirectory C:\Users\USER\Desktop\react project\library-app\02-backend\spring-boot-library\src\test\resources
2024-05-28 11:11:06,059 [Worker-49: Building] INFO  o.a.m.s.f.DefaultMavenResourcesFiltering - Copying 1 resource from src\main\resources to target\classes
2024-05-28 11:11:06,068 [Worker-49: Building] INFO  o.a.m.s.f.DefaultMavenResourcesFiltering - Copying 0 resource from src\main\resources to target\classes
2024-05-28 11:11:06,072 [Worker-49: Building] INFO  o.a.m.s.f.DefaultMavenResourcesFiltering - skip non existing resourceDirectory C:\Users\USER\Desktop\react project\library-app\02-backend\spring-boot-library\src\test\resources
2024-05-28 11:11:26,124 [Worker-50: Building] INFO  o.a.m.s.f.DefaultMavenResourcesFiltering - Copying 1 resource from src\main\resources to target\classes
2024-05-28 11:11:26,134 [Worker-50: Building] INFO  o.a.m.s.f.DefaultMavenResourcesFiltering - Copying 0 resource from src\main\resources to target\classes
2024-05-28 11:11:26,139 [Worker-50: Building] INFO  o.a.m.s.f.DefaultMavenResourcesFiltering - skip non existing resourceDirectory C:\Users\USER\Desktop\react project\library-app\02-backend\spring-boot-library\src\test\resources
2024-05-28 11:12:11,556 [Worker-52: Building] INFO  o.a.m.s.f.DefaultMavenResourcesFiltering - Copying 1 resource from src\main\resources to target\classes
2024-05-28 11:12:11,567 [Worker-52: Building] INFO  o.a.m.s.f.DefaultMavenResourcesFiltering - Copying 0 resource from src\main\resources to target\classes
2024-05-28 11:12:11,573 [Worker-52: Building] INFO  o.a.m.s.f.DefaultMavenResourcesFiltering - skip non existing resourceDirectory C:\Users\USER\Desktop\react project\library-app\02-backend\spring-boot-library\src\test\resources
2024-05-28 11:13:38,214 [Worker-52: Building] INFO  o.a.m.s.f.DefaultMavenResourcesFiltering - Copying 1 resource from src\main\resources to target\classes
2024-05-28 11:13:38,227 [Worker-52: Building] INFO  o.a.m.s.f.DefaultMavenResourcesFiltering - Copying 0 resource from src\main\resources to target\classes
2024-05-28 11:13:38,234 [Worker-52: Building] INFO  o.a.m.s.f.DefaultMavenResourcesFiltering - skip non existing resourceDirectory C:\Users\USER\Desktop\react project\library-app\02-backend\spring-boot-library\src\test\resources
2024-05-28 11:13:45,588 [Worker-53: Building] INFO  o.a.m.s.f.DefaultMavenResourcesFiltering - Copying 1 resource from src\main\resources to target\classes
2024-05-28 11:13:45,596 [Worker-53: Building] INFO  o.a.m.s.f.DefaultMavenResourcesFiltering - Copying 0 resource from src\main\resources to target\classes
2024-05-28 11:13:45,601 [Worker-53: Building] INFO  o.a.m.s.f.DefaultMavenResourcesFiltering - skip non existing resourceDirectory C:\Users\USER\Desktop\react project\library-app\02-backend\spring-boot-library\src\test\resources
2024-05-28 11:14:22,231 [Worker-48: Building] INFO  o.a.m.s.f.DefaultMavenResourcesFiltering - Copying 1 resource from src\main\resources to target\classes
2024-05-28 11:14:22,245 [Worker-48: Building] INFO  o.a.m.s.f.DefaultMavenResourcesFiltering - Copying 0 resource from src\main\resources to target\classes
2024-05-28 11:14:22,252 [Worker-48: Building] INFO  o.a.m.s.f.DefaultMavenResourcesFiltering - skip non existing resourceDirectory C:\Users\USER\Desktop\react project\library-app\02-backend\spring-boot-library\src\test\resources
2024-05-28 11:15:02,485 [Worker-42: Building] INFO  o.a.m.s.f.DefaultMavenResourcesFiltering - Copying 1 resource from src\main\resources to target\classes
2024-05-28 11:15:02,498 [Worker-42: Building] INFO  o.a.m.s.f.DefaultMavenResourcesFiltering - Copying 0 resource from src\main\resources to target\classes
2024-05-28 11:15:02,506 [Worker-42: Building] INFO  o.a.m.s.f.DefaultMavenResourcesFiltering - skip non existing resourceDirectory C:\Users\USER\Desktop\react project\library-app\02-backend\spring-boot-library\src\test\resources
2024-05-28 11:20:11,467 [Worker-55: Building] INFO  o.a.m.s.f.DefaultMavenResourcesFiltering - Copying 1 resource from src\main\resources to target\classes
2024-05-28 11:20:11,481 [Worker-55: Building] INFO  o.a.m.s.f.DefaultMavenResourcesFiltering - Copying 0 resource from src\main\resources to target\classes
2024-05-28 11:20:11,487 [Worker-55: Building] INFO  o.a.m.s.f.DefaultMavenResourcesFiltering - skip non existing resourceDirectory C:\Users\USER\Desktop\react project\library-app\02-backend\spring-boot-library\src\test\resources
2024-05-28 11:20:16,144 [Worker-58: Building] INFO  o.a.m.s.f.DefaultMavenResourcesFiltering - Copying 1 resource from src\main\resources to target\classes
2024-05-28 11:20:16,154 [Worker-58: Building] INFO  o.a.m.s.f.DefaultMavenResourcesFiltering - Copying 0 resource from src\main\resources to target\classes
2024-05-28 11:20:16,159 [Worker-58: Building] INFO  o.a.m.s.f.DefaultMavenResourcesFiltering - skip non existing resourceDirectory C:\Users\USER\Desktop\react project\library-app\02-backend\spring-boot-library\src\test\resources
2024-05-28 11:21:10,344 [Worker-49: Building] INFO  o.a.m.s.f.DefaultMavenResourcesFiltering - Copying 1 resource from src\main\resources to target\classes
2024-05-28 11:21:10,362 [Worker-49: Building] INFO  o.a.m.s.f.DefaultMavenResourcesFiltering - Copying 0 resource from src\main\resources to target\classes
2024-05-28 11:21:10,370 [Worker-49: Building] INFO  o.a.m.s.f.DefaultMavenResourcesFiltering - skip non existing resourceDirectory C:\Users\USER\Desktop\react project\library-app\02-backend\spring-boot-library\src\test\resources
2024-05-28 11:21:33,690 [Worker-56: Building] INFO  o.a.m.s.f.DefaultMavenResourcesFiltering - Copying 1 resource from src\main\resources to target\classes
2024-05-28 11:21:33,698 [Worker-56: Building] INFO  o.a.m.s.f.DefaultMavenResourcesFiltering - Copying 0 resource from src\main\resources to target\classes
2024-05-28 11:21:33,702 [Worker-56: Building] INFO  o.a.m.s.f.DefaultMavenResourcesFiltering - skip non existing resourceDirectory C:\Users\USER\Desktop\react project\library-app\02-backend\spring-boot-library\src\test\resources
2024-05-28 11:21:42,269 [Worker-55: Building] INFO  o.a.m.s.f.DefaultMavenResourcesFiltering - Copying 1 resource from src\main\resources to target\classes
2024-05-28 11:21:42,278 [Worker-55: Building] INFO  o.a.m.s.f.DefaultMavenResourcesFiltering - Copying 0 resource from src\main\resources to target\classes
2024-05-28 11:21:42,282 [Worker-55: Building] INFO  o.a.m.s.f.DefaultMavenResourcesFiltering - skip non existing resourceDirectory C:\Users\USER\Desktop\react project\library-app\02-backend\spring-boot-library\src\test\resources
2024-05-28 11:24:38,250 [Worker-58: Building] INFO  o.a.m.s.f.DefaultMavenResourcesFiltering - Copying 1 resource from src\main\resources to target\classes
2024-05-28 11:24:38,259 [Worker-58: Building] INFO  o.a.m.s.f.DefaultMavenResourcesFiltering - Copying 0 resource from src\main\resources to target\classes
2024-05-28 11:24:38,263 [Worker-58: Building] INFO  o.a.m.s.f.DefaultMavenResourcesFiltering - skip non existing resourceDirectory C:\Users\USER\Desktop\react project\library-app\02-backend\spring-boot-library\src\test\resources
2024-05-28 12:20:21,970 [Worker-68: Building] INFO  o.a.m.s.f.DefaultMavenResourcesFiltering - Copying 1 resource from src\main\resources to target\classes
2024-05-28 12:20:21,983 [Worker-68: Building] INFO  o.a.m.s.f.DefaultMavenResourcesFiltering - Copying 0 resource from src\main\resources to target\classes
2024-05-28 12:20:21,985 [Worker-68: Building] INFO  o.a.m.s.f.DefaultMavenResourcesFiltering - skip non existing resourceDirectory C:\Users\USER\Desktop\react project\library-app\02-backend\spring-boot-library\src\test\resources
2024-05-28 12:25:00,698 [Worker-70: Building] INFO  o.a.m.s.f.DefaultMavenResourcesFiltering - Copying 1 resource from src\main\resources to target\classes
2024-05-28 12:25:00,707 [Worker-70: Building] INFO  o.a.m.s.f.DefaultMavenResourcesFiltering - Copying 0 resource from src\main\resources to target\classes
2024-05-28 12:25:00,713 [Worker-70: Building] INFO  o.a.m.s.f.DefaultMavenResourcesFiltering - skip non existing resourceDirectory C:\Users\USER\Desktop\react project\library-app\02-backend\spring-boot-library\src\test\resources
2024-05-28 12:25:24,055 [Worker-67: Building] INFO  o.a.m.s.f.DefaultMavenResourcesFiltering - Copying 1 resource from src\main\resources to target\classes
2024-05-28 12:25:24,084 [Worker-67: Building] INFO  o.a.m.s.f.DefaultMavenResourcesFiltering - Copying 0 resource from src\main\resources to target\classes
2024-05-28 12:25:24,088 [Worker-67: Building] INFO  o.a.m.s.f.DefaultMavenResourcesFiltering - skip non existing resourceDirectory C:\Users\USER\Desktop\react project\library-app\02-backend\spring-boot-library\src\test\resources
2024-05-28 12:26:17,671 [Worker-70: Building] INFO  o.a.m.s.f.DefaultMavenResourcesFiltering - Copying 1 resource from src\main\resources to target\classes
2024-05-28 12:26:17,677 [Worker-70: Building] INFO  o.a.m.s.f.DefaultMavenResourcesFiltering - Copying 0 resource from src\main\resources to target\classes
2024-05-28 12:26:17,681 [Worker-70: Building] INFO  o.a.m.s.f.DefaultMavenResourcesFiltering - skip non existing resourceDirectory C:\Users\USER\Desktop\react project\library-app\02-backend\spring-boot-library\src\test\resources
2024-05-28 12:31:55,411 [Worker-73: Building] INFO  o.a.m.s.f.DefaultMavenResourcesFiltering - Copying 1 resource from src\main\resources to target\classes
2024-05-28 12:31:55,429 [Worker-73: Building] INFO  o.a.m.s.f.DefaultMavenResourcesFiltering - Copying 0 resource from src\main\resources to target\classes
2024-05-28 12:31:55,434 [Worker-73: Building] INFO  o.a.m.s.f.DefaultMavenResourcesFiltering - skip non existing resourceDirectory C:\Users\USER\Desktop\react project\library-app\02-backend\spring-boot-library\src\test\resources
2024-05-28 12:32:38,032 [Worker-73: Building] INFO  o.a.m.s.f.DefaultMavenResourcesFiltering - Copying 1 resource from src\main\resources to target\classes
2024-05-28 12:32:38,060 [Worker-73: Building] INFO  o.a.m.s.f.DefaultMavenResourcesFiltering - Copying 0 resource from src\main\resources to target\classes
2024-05-28 12:32:38,067 [Worker-73: Building] INFO  o.a.m.s.f.DefaultMavenResourcesFiltering - skip non existing resourceDirectory C:\Users\USER\Desktop\react project\library-app\02-backend\spring-boot-library\src\test\resources
2024-05-28 12:33:18,129 [Worker-80: Building] INFO  o.a.m.s.f.DefaultMavenResourcesFiltering - Copying 1 resource from src\main\resources to target\classes
2024-05-28 12:33:18,136 [Worker-80: Building] INFO  o.a.m.s.f.DefaultMavenResourcesFiltering - Copying 0 resource from src\main\resources to target\classes
2024-05-28 12:33:18,141 [Worker-80: Building] INFO  o.a.m.s.f.DefaultMavenResourcesFiltering - skip non existing resourceDirectory C:\Users\USER\Desktop\react project\library-app\02-backend\spring-boot-library\src\test\resources
2024-05-28 12:34:43,004 [Worker-78: Building] INFO  o.a.m.s.f.DefaultMavenResourcesFiltering - Copying 1 resource from src\main\resources to target\classes
2024-05-28 12:34:43,010 [Worker-78: Building] INFO  o.a.m.s.f.DefaultMavenResourcesFiltering - Copying 0 resource from src\main\resources to target\classes
2024-05-28 12:34:43,013 [Worker-78: Building] INFO  o.a.m.s.f.DefaultMavenResourcesFiltering - skip non existing resourceDirectory C:\Users\USER\Desktop\react project\library-app\02-backend\spring-boot-library\src\test\resources
2024-05-28 12:35:05,028 [Worker-76: Building] INFO  o.a.m.s.f.DefaultMavenResourcesFiltering - Copying 1 resource from src\main\resources to target\classes
2024-05-28 12:35:05,034 [Worker-76: Building] INFO  o.a.m.s.f.DefaultMavenResourcesFiltering - Copying 0 resource from src\main\resources to target\classes
2024-05-28 12:35:05,039 [Worker-76: Building] INFO  o.a.m.s.f.DefaultMavenResourcesFiltering - skip non existing resourceDirectory C:\Users\USER\Desktop\react project\library-app\02-backend\spring-boot-library\src\test\resources
2024-05-28 12:38:33,116 [Worker-81: Building] INFO  o.a.m.s.f.DefaultMavenResourcesFiltering - Copying 1 resource from src\main\resources to target\classes
2024-05-28 12:38:33,133 [Worker-81: Building] INFO  o.a.m.s.f.DefaultMavenResourcesFiltering - Copying 0 resource from src\main\resources to target\classes
2024-05-28 12:38:33,140 [Worker-81: Building] INFO  o.a.m.s.f.DefaultMavenResourcesFiltering - skip non existing resourceDirectory C:\Users\USER\Desktop\react project\library-app\02-backend\spring-boot-library\src\test\resources
2024-05-28 12:38:44,650 [Worker-78: Building] INFO  o.a.m.s.f.DefaultMavenResourcesFiltering - Copying 1 resource from src\main\resources to target\classes
2024-05-28 12:38:44,657 [Worker-78: Building] INFO  o.a.m.s.f.DefaultMavenResourcesFiltering - Copying 0 resource from src\main\resources to target\classes
2024-05-28 12:38:44,660 [Worker-78: Building] INFO  o.a.m.s.f.DefaultMavenResourcesFiltering - skip non existing resourceDirectory C:\Users\USER\Desktop\react project\library-app\02-backend\spring-boot-library\src\test\resources
2024-05-28 12:43:31,102 [Worker-86: Building] INFO  o.a.m.s.f.DefaultMavenResourcesFiltering - Copying 1 resource from src\main\resources to target\classes
2024-05-28 12:43:31,113 [Worker-86: Building] INFO  o.a.m.s.f.DefaultMavenResourcesFiltering - Copying 0 resource from src\main\resources to target\classes
2024-05-28 12:43:31,118 [Worker-86: Building] INFO  o.a.m.s.f.DefaultMavenResourcesFiltering - skip non existing resourceDirectory C:\Users\USER\Desktop\react project\library-app\02-backend\spring-boot-library\src\test\resources
2024-05-28 12:43:47,559 [Worker-87: Building] INFO  o.a.m.s.f.DefaultMavenResourcesFiltering - Copying 1 resource from src\main\resources to target\classes
2024-05-28 12:43:47,581 [Worker-87: Building] INFO  o.a.m.s.f.DefaultMavenResourcesFiltering - Copying 0 resource from src\main\resources to target\classes
2024-05-28 12:43:47,587 [Worker-87: Building] INFO  o.a.m.s.f.DefaultMavenResourcesFiltering - skip non existing resourceDirectory C:\Users\USER\Desktop\react project\library-app\02-backend\spring-boot-library\src\test\resources
2024-05-28 12:46:31,637 [Worker-85: Building] INFO  o.a.m.s.f.DefaultMavenResourcesFiltering - Copying 1 resource from src\main\resources to target\classes
2024-05-28 12:46:31,647 [Worker-85: Building] INFO  o.a.m.s.f.DefaultMavenResourcesFiltering - Copying 0 resource from src\main\resources to target\classes
2024-05-28 12:46:31,652 [Worker-85: Building] INFO  o.a.m.s.f.DefaultMavenResourcesFiltering - skip non existing resourceDirectory C:\Users\USER\Desktop\react project\library-app\02-backend\spring-boot-library\src\test\resources
2024-05-28 12:47:57,877 [Worker-76: Building] INFO  o.a.m.s.f.DefaultMavenResourcesFiltering - Copying 1 resource from src\main\resources to target\classes
2024-05-28 12:47:57,885 [Worker-76: Building] INFO  o.a.m.s.f.DefaultMavenResourcesFiltering - Copying 0 resource from src\main\resources to target\classes
2024-05-28 12:47:57,890 [Worker-76: Building] INFO  o.a.m.s.f.DefaultMavenResourcesFiltering - skip non existing resourceDirectory C:\Users\USER\Desktop\react project\library-app\02-backend\spring-boot-library\src\test\resources
2024-05-28 12:48:08,734 [Worker-76: Building] INFO  o.a.m.s.f.DefaultMavenResourcesFiltering - Copying 1 resource from src\main\resources to target\classes
2024-05-28 12:48:08,740 [Worker-76: Building] INFO  o.a.m.s.f.DefaultMavenResourcesFiltering - Copying 0 resource from src\main\resources to target\classes
2024-05-28 12:48:08,743 [Worker-76: Building] INFO  o.a.m.s.f.DefaultMavenResourcesFiltering - skip non existing resourceDirectory C:\Users\USER\Desktop\react project\library-app\02-backend\spring-boot-library\src\test\resources
2024-05-28 12:48:16,896 [Worker-87: Building] INFO  o.a.m.s.f.DefaultMavenResourcesFiltering - Copying 1 resource from src\main\resources to target\classes
2024-05-28 12:48:16,903 [Worker-87: Building] INFO  o.a.m.s.f.DefaultMavenResourcesFiltering - Copying 0 resource from src\main\resources to target\classes
2024-05-28 12:48:16,908 [Worker-87: Building] INFO  o.a.m.s.f.DefaultMavenResourcesFiltering - skip non existing resourceDirectory C:\Users\USER\Desktop\react project\library-app\02-backend\spring-boot-library\src\test\resources
2024-05-28 12:52:00,822 [Worker-88: Building] INFO  o.a.m.s.f.DefaultMavenResourcesFiltering - Copying 1 resource from src\main\resources to target\classes
2024-05-28 12:52:00,832 [Worker-88: Building] INFO  o.a.m.s.f.DefaultMavenResourcesFiltering - Copying 0 resource from src\main\resources to target\classes
2024-05-28 12:52:00,836 [Worker-88: Building] INFO  o.a.m.s.f.DefaultMavenResourcesFiltering - skip non existing resourceDirectory C:\Users\USER\Desktop\react project\library-app\02-backend\spring-boot-library\src\test\resources
2024-05-28 12:54:33,714 [Worker-93: Building] INFO  o.a.m.s.f.DefaultMavenResourcesFiltering - Copying 1 resource from src\main\resources to target\classes
2024-05-28 12:54:33,723 [Worker-93: Building] INFO  o.a.m.s.f.DefaultMavenResourcesFiltering - Copying 0 resource from src\main\resources to target\classes
2024-05-28 12:54:33,727 [Worker-93: Building] INFO  o.a.m.s.f.DefaultMavenResourcesFiltering - skip non existing resourceDirectory C:\Users\USER\Desktop\react project\library-app\02-backend\spring-boot-library\src\test\resources
2024-05-28 13:00:36,565 [Worker-98: Building] INFO  o.a.m.s.f.DefaultMavenResourcesFiltering - Copying 1 resource from src\main\resources to target\classes
2024-05-28 13:00:36,575 [Worker-98: Building] INFO  o.a.m.s.f.DefaultMavenResourcesFiltering - Copying 0 resource from src\main\resources to target\classes
2024-05-28 13:00:36,579 [Worker-98: Building] INFO  o.a.m.s.f.DefaultMavenResourcesFiltering - skip non existing resourceDirectory C:\Users\USER\Desktop\react project\library-app\02-backend\spring-boot-library\src\test\resources
2024-05-28 13:00:56,730 [Worker-98: Building] INFO  o.a.m.s.f.DefaultMavenResourcesFiltering - Copying 1 resource from src\main\resources to target\classes
2024-05-28 13:00:56,739 [Worker-98: Building] INFO  o.a.m.s.f.DefaultMavenResourcesFiltering - Copying 0 resource from src\main\resources to target\classes
2024-05-28 13:00:56,744 [Worker-98: Building] INFO  o.a.m.s.f.DefaultMavenResourcesFiltering - skip non existing resourceDirectory C:\Users\USER\Desktop\react project\library-app\02-backend\spring-boot-library\src\test\resources
2024-05-28 13:04:43,727 [Worker-93: Building] INFO  o.a.m.s.f.DefaultMavenResourcesFiltering - Copying 1 resource from src\main\resources to target\classes
2024-05-28 13:04:43,737 [Worker-93: Building] INFO  o.a.m.s.f.DefaultMavenResourcesFiltering - Copying 0 resource from src\main\resources to target\classes
2024-05-28 13:04:43,742 [Worker-93: Building] INFO  o.a.m.s.f.DefaultMavenResourcesFiltering - skip non existing resourceDirectory C:\Users\USER\Desktop\react project\library-app\02-backend\spring-boot-library\src\test\resources
2024-05-28 13:05:00,568 [Worker-104: Building] INFO  o.a.m.s.f.DefaultMavenResourcesFiltering - Copying 1 resource from src\main\resources to target\classes
2024-05-28 13:05:00,577 [Worker-104: Building] INFO  o.a.m.s.f.DefaultMavenResourcesFiltering - Copying 0 resource from src\main\resources to target\classes
2024-05-28 13:05:00,580 [Worker-104: Building] INFO  o.a.m.s.f.DefaultMavenResourcesFiltering - skip non existing resourceDirectory C:\Users\USER\Desktop\react project\library-app\02-backend\spring-boot-library\src\test\resources
2024-05-28 13:54:24,777 [Worker-109: Building] INFO  o.a.m.s.f.DefaultMavenResourcesFiltering - Copying 1 resource from src\main\resources to target\classes
2024-05-28 13:54:24,795 [Worker-109: Building] INFO  o.a.m.s.f.DefaultMavenResourcesFiltering - Copying 0 resource from src\main\resources to target\classes
2024-05-28 13:54:24,801 [Worker-109: Building] INFO  o.a.m.s.f.DefaultMavenResourcesFiltering - skip non existing resourceDirectory C:\Users\USER\Desktop\react project\library-app\02-backend\spring-boot-library\src\test\resources
2024-05-28 14:13:47,471 [Worker-116: Building] INFO  o.a.m.s.f.DefaultMavenResourcesFiltering - Copying 1 resource from src\main\resources to target\classes
2024-05-28 14:13:47,491 [Worker-116: Building] INFO  o.a.m.s.f.DefaultMavenResourcesFiltering - Copying 0 resource from src\main\resources to target\classes
2024-05-28 14:13:47,495 [Worker-116: Building] INFO  o.a.m.s.f.DefaultMavenResourcesFiltering - skip non existing resourceDirectory C:\Users\USER\Desktop\react project\library-app\02-backend\spring-boot-library\src\test\resources
2024-05-28 14:14:12,306 [Worker-115: Building] INFO  o.a.m.s.f.DefaultMavenResourcesFiltering - Copying 1 resource from src\main\resources to target\classes
2024-05-28 14:14:12,339 [Worker-115: Building] INFO  o.a.m.s.f.DefaultMavenResourcesFiltering - Copying 0 resource from src\main\resources to target\classes
2024-05-28 14:14:12,343 [Worker-115: Building] INFO  o.a.m.s.f.DefaultMavenResourcesFiltering - skip non existing resourceDirectory C:\Users\USER\Desktop\react project\library-app\02-backend\spring-boot-library\src\test\resources
2024-05-28 14:14:55,204 [Worker-116: Building] INFO  o.a.m.s.f.DefaultMavenResourcesFiltering - Copying 1 resource from src\main\resources to target\classes
2024-05-28 14:14:55,240 [Worker-116: Building] INFO  o.a.m.s.f.DefaultMavenResourcesFiltering - Copying 0 resource from src\main\resources to target\classes
2024-05-28 14:14:55,243 [Worker-116: Building] INFO  o.a.m.s.f.DefaultMavenResourcesFiltering - skip non existing resourceDirectory C:\Users\USER\Desktop\react project\library-app\02-backend\spring-boot-library\src\test\resources
2024-05-28 14:17:11,187 [Worker-109: Building] INFO  o.a.m.s.f.DefaultMavenResourcesFiltering - Copying 1 resource from src\main\resources to target\classes
2024-05-28 14:17:11,195 [Worker-109: Building] INFO  o.a.m.s.f.DefaultMavenResourcesFiltering - Copying 0 resource from src\main\resources to target\classes
2024-05-28 14:17:11,200 [Worker-109: Building] INFO  o.a.m.s.f.DefaultMavenResourcesFiltering - skip non existing resourceDirectory C:\Users\USER\Desktop\react project\library-app\02-backend\spring-boot-library\src\test\resources
2024-05-28 14:18:21,586 [Worker-115: Building] INFO  o.a.m.s.f.DefaultMavenResourcesFiltering - Copying 1 resource from src\main\resources to target\classes
2024-05-28 14:18:21,600 [Worker-115: Building] INFO  o.a.m.s.f.DefaultMavenResourcesFiltering - Copying 0 resource from src\main\resources to target\classes
2024-05-28 14:18:21,608 [Worker-115: Building] INFO  o.a.m.s.f.DefaultMavenResourcesFiltering - skip non existing resourceDirectory C:\Users\USER\Desktop\react project\library-app\02-backend\spring-boot-library\src\test\resources
2024-05-28 14:22:38,370 [Worker-115: Building] INFO  o.a.m.s.f.DefaultMavenResourcesFiltering - Copying 1 resource from src\main\resources to target\classes
2024-05-28 14:22:38,379 [Worker-115: Building] INFO  o.a.m.s.f.DefaultMavenResourcesFiltering - Copying 0 resource from src\main\resources to target\classes
2024-05-28 14:22:38,383 [Worker-115: Building] INFO  o.a.m.s.f.DefaultMavenResourcesFiltering - skip non existing resourceDirectory C:\Users\USER\Desktop\react project\library-app\02-backend\spring-boot-library\src\test\resources
2024-05-28 14:26:56,612 [Worker-109: Building] INFO  o.a.m.s.f.DefaultMavenResourcesFiltering - Copying 1 resource from src\main\resources to target\classes
2024-05-28 14:26:56,621 [Worker-109: Building] INFO  o.a.m.s.f.DefaultMavenResourcesFiltering - Copying 0 resource from src\main\resources to target\classes
2024-05-28 14:26:56,627 [Worker-109: Building] INFO  o.a.m.s.f.DefaultMavenResourcesFiltering - skip non existing resourceDirectory C:\Users\USER\Desktop\react project\library-app\02-backend\spring-boot-library\src\test\resources
2024-05-28 14:29:27,515 [Worker-115: Building] INFO  o.a.m.s.f.DefaultMavenResourcesFiltering - Copying 1 resource from src\main\resources to target\classes
2024-05-28 14:29:27,522 [Worker-115: Building] INFO  o.a.m.s.f.DefaultMavenResourcesFiltering - Copying 0 resource from src\main\resources to target\classes
2024-05-28 14:29:27,526 [Worker-115: Building] INFO  o.a.m.s.f.DefaultMavenResourcesFiltering - skip non existing resourceDirectory C:\Users\USER\Desktop\react project\library-app\02-backend\spring-boot-library\src\test\resources
2024-05-28 14:35:03,939 [Worker-118: Building] INFO  o.a.m.s.f.DefaultMavenResourcesFiltering - Copying 1 resource from src\main\resources to target\classes
2024-05-28 14:35:03,946 [Worker-118: Building] INFO  o.a.m.s.f.DefaultMavenResourcesFiltering - Copying 0 resource from src\main\resources to target\classes
2024-05-28 14:35:03,951 [Worker-118: Building] INFO  o.a.m.s.f.DefaultMavenResourcesFiltering - skip non existing resourceDirectory C:\Users\USER\Desktop\react project\library-app\02-backend\spring-boot-library\src\test\resources
2024-05-28 14:36:02,149 [Worker-98: Building] INFO  o.a.m.s.f.DefaultMavenResourcesFiltering - Copying 1 resource from src\main\resources to target\classes
2024-05-28 14:36:02,167 [Worker-98: Building] INFO  o.a.m.s.f.DefaultMavenResourcesFiltering - Copying 0 resource from src\main\resources to target\classes
2024-05-28 14:36:02,173 [Worker-98: Building] INFO  o.a.m.s.f.DefaultMavenResourcesFiltering - skip non existing resourceDirectory C:\Users\USER\Desktop\react project\library-app\02-backend\spring-boot-library\src\test\resources
2024-05-28 14:38:43,082 [Worker-109: Building] INFO  o.a.m.s.f.DefaultMavenResourcesFiltering - Copying 1 resource from src\main\resources to target\classes
2024-05-28 14:38:43,091 [Worker-109: Building] INFO  o.a.m.s.f.DefaultMavenResourcesFiltering - Copying 0 resource from src\main\resources to target\classes
2024-05-28 14:38:43,096 [Worker-109: Building] INFO  o.a.m.s.f.DefaultMavenResourcesFiltering - skip non existing resourceDirectory C:\Users\USER\Desktop\react project\library-app\02-backend\spring-boot-library\src\test\resources
2024-05-28 14:39:33,614 [Worker-119: Building] INFO  o.a.m.s.f.DefaultMavenResourcesFiltering - Copying 1 resource from src\main\resources to target\classes
2024-05-28 14:39:33,623 [Worker-119: Building] INFO  o.a.m.s.f.DefaultMavenResourcesFiltering - Copying 0 resource from src\main\resources to target\classes
2024-05-28 14:39:33,626 [Worker-119: Building] INFO  o.a.m.s.f.DefaultMavenResourcesFiltering - skip non existing resourceDirectory C:\Users\USER\Desktop\react project\library-app\02-backend\spring-boot-library\src\test\resources
2024-05-28 14:40:50,247 [Worker-98: Building] INFO  o.a.m.s.f.DefaultMavenResourcesFiltering - Copying 1 resource from src\main\resources to target\classes
2024-05-28 14:40:50,255 [Worker-98: Building] INFO  o.a.m.s.f.DefaultMavenResourcesFiltering - Copying 0 resource from src\main\resources to target\classes
2024-05-28 14:40:50,259 [Worker-98: Building] INFO  o.a.m.s.f.DefaultMavenResourcesFiltering - skip non existing resourceDirectory C:\Users\USER\Desktop\react project\library-app\02-backend\spring-boot-library\src\test\resources
2024-05-28 14:41:12,892 [Worker-117: Building] INFO  o.a.m.s.f.DefaultMavenResourcesFiltering - Copying 1 resource from src\main\resources to target\classes
2024-05-28 14:41:12,901 [Worker-117: Building] INFO  o.a.m.s.f.DefaultMavenResourcesFiltering - Copying 0 resource from src\main\resources to target\classes
2024-05-28 14:41:12,907 [Worker-117: Building] INFO  o.a.m.s.f.DefaultMavenResourcesFiltering - skip non existing resourceDirectory C:\Users\USER\Desktop\react project\library-app\02-backend\spring-boot-library\src\test\resources
2024-05-28 14:48:28,090 [Worker-115: Building] INFO  o.a.m.s.f.DefaultMavenResourcesFiltering - Copying 1 resource from src\main\resources to target\classes
2024-05-28 14:48:28,102 [Worker-115: Building] INFO  o.a.m.s.f.DefaultMavenResourcesFiltering - Copying 0 resource from src\main\resources to target\classes
2024-05-28 14:48:28,106 [Worker-115: Building] INFO  o.a.m.s.f.DefaultMavenResourcesFiltering - skip non existing resourceDirectory C:\Users\USER\Desktop\react project\library-app\02-backend\spring-boot-library\src\test\resources
2024-05-28 14:51:37,436 [Worker-121: Building] INFO  o.a.m.s.f.DefaultMavenResourcesFiltering - Copying 1 resource from src\main\resources to target\classes
2024-05-28 14:51:37,442 [Worker-121: Building] INFO  o.a.m.s.f.DefaultMavenResourcesFiltering - Copying 0 resource from src\main\resources to target\classes
2024-05-28 14:51:37,446 [Worker-121: Building] INFO  o.a.m.s.f.DefaultMavenResourcesFiltering - skip non existing resourceDirectory C:\Users\USER\Desktop\react project\library-app\02-backend\spring-boot-library\src\test\resources
2024-05-28 15:01:47,824 [Worker-124: Building] INFO  o.a.m.s.f.DefaultMavenResourcesFiltering - Copying 1 resource from src\main\resources to target\classes
2024-05-28 15:01:47,831 [Worker-124: Building] INFO  o.a.m.s.f.DefaultMavenResourcesFiltering - Copying 0 resource from src\main\resources to target\classes
2024-05-28 15:01:47,834 [Worker-124: Building] INFO  o.a.m.s.f.DefaultMavenResourcesFiltering - skip non existing resourceDirectory C:\Users\USER\Desktop\react project\library-app\02-backend\spring-boot-library\src\test\resources
2024-05-28 15:05:14,207 [Worker-116: Building] INFO  o.a.m.s.f.DefaultMavenResourcesFiltering - Copying 1 resource from src\main\resources to target\classes
2024-05-28 15:05:14,216 [Worker-116: Building] INFO  o.a.m.s.f.DefaultMavenResourcesFiltering - Copying 0 resource from src\main\resources to target\classes
2024-05-28 15:05:14,221 [Worker-116: Building] INFO  o.a.m.s.f.DefaultMavenResourcesFiltering - skip non existing resourceDirectory C:\Users\USER\Desktop\react project\library-app\02-backend\spring-boot-library\src\test\resources
2024-05-28 15:08:08,674 [Worker-116: Building] INFO  o.a.m.s.f.DefaultMavenResourcesFiltering - Copying 1 resource from src\main\resources to target\classes
2024-05-28 15:08:08,688 [Worker-116: Building] INFO  o.a.m.s.f.DefaultMavenResourcesFiltering - Copying 0 resource from src\main\resources to target\classes
2024-05-28 15:08:08,695 [Worker-116: Building] INFO  o.a.m.s.f.DefaultMavenResourcesFiltering - skip non existing resourceDirectory C:\Users\USER\Desktop\react project\library-app\02-backend\spring-boot-library\src\test\resources
2024-05-28 15:11:38,885 [Worker-132: Building] INFO  o.a.m.s.f.DefaultMavenResourcesFiltering - Copying 1 resource from src\main\resources to target\classes
2024-05-28 15:11:38,892 [Worker-132: Building] INFO  o.a.m.s.f.DefaultMavenResourcesFiltering - Copying 0 resource from src\main\resources to target\classes
2024-05-28 15:11:38,896 [Worker-132: Building] INFO  o.a.m.s.f.DefaultMavenResourcesFiltering - skip non existing resourceDirectory C:\Users\USER\Desktop\react project\library-app\02-backend\spring-boot-library\src\test\resources
2024-05-28 15:13:12,038 [Worker-129: Building] INFO  o.a.m.s.f.DefaultMavenResourcesFiltering - Copying 1 resource from src\main\resources to target\classes
2024-05-28 15:13:12,047 [Worker-129: Building] INFO  o.a.m.s.f.DefaultMavenResourcesFiltering - Copying 0 resource from src\main\resources to target\classes
2024-05-28 15:13:12,051 [Worker-129: Building] INFO  o.a.m.s.f.DefaultMavenResourcesFiltering - skip non existing resourceDirectory C:\Users\USER\Desktop\react project\library-app\02-backend\spring-boot-library\src\test\resources
2024-05-28 15:15:42,532 [Worker-133: Building] INFO  o.a.m.s.f.DefaultMavenResourcesFiltering - Copying 1 resource from src\main\resources to target\classes
2024-05-28 15:15:42,545 [Worker-133: Building] INFO  o.a.m.s.f.DefaultMavenResourcesFiltering - Copying 0 resource from src\main\resources to target\classes
2024-05-28 15:15:42,548 [Worker-133: Building] INFO  o.a.m.s.f.DefaultMavenResourcesFiltering - skip non existing resourceDirectory C:\Users\USER\Desktop\react project\library-app\02-backend\spring-boot-library\src\test\resources
2024-05-28 15:18:21,396 [Worker-130: Building] INFO  o.a.m.s.f.DefaultMavenResourcesFiltering - Copying 1 resource from src\main\resources to target\classes
2024-05-28 15:18:21,408 [Worker-130: Building] INFO  o.a.m.s.f.DefaultMavenResourcesFiltering - Copying 0 resource from src\main\resources to target\classes
2024-05-28 15:18:21,412 [Worker-130: Building] INFO  o.a.m.s.f.DefaultMavenResourcesFiltering - skip non existing resourceDirectory C:\Users\USER\Desktop\react project\library-app\02-backend\spring-boot-library\src\test\resources
2024-05-28 15:24:31,149 [Worker-145: Building] INFO  o.e.m.c.i.l.LifecycleMappingFactory - Using org.eclipse.m2e.jdt.JarLifecycleMapping lifecycle mapping for MavenProject: com.snccreations:spring-boot-library:2.7.3 @ C:\Users\USER\Desktop\react project\library-app\02-backend\spring-boot-library\pom.xml.
2024-05-28 15:24:34,032 [Worker-145: Building] INFO  o.a.m.s.f.DefaultMavenResourcesFiltering - Copying 0 resource from src\main\resources to target\classes
2024-05-28 15:24:34,032 [Worker-145: Building] INFO  o.a.m.s.f.DefaultMavenResourcesFiltering - Copying 0 resource from src\main\resources to target\classes
2024-05-28 15:24:34,036 [Worker-145: Building] INFO  o.a.m.s.f.DefaultMavenResourcesFiltering - skip non existing resourceDirectory C:\Users\USER\Desktop\react project\library-app\02-backend\spring-boot-library\src\test\resources
2024-05-28 15:24:38,190 [Worker-130: Updating Maven Project] INFO  o.e.m.c.i.p.ProjectConfigurationManager - Update started
2024-05-28 15:24:38,634 [Worker-130: Updating Maven Project] INFO  o.e.m.c.i.l.LifecycleMappingFactory - Using org.eclipse.m2e.jdt.JarLifecycleMapping lifecycle mapping for MavenProject: com.snccreations:spring-boot-library:2.7.3 @ C:\Users\USER\Desktop\react project\library-app\02-backend\spring-boot-library\pom.xml.
2024-05-28 15:24:40,266 [Worker-130: Updating Maven Project] INFO  o.e.m.j.i.AbstractJavaProjectConfigurator - Adding source folder /spring-boot-library/src/main/java
2024-05-28 15:24:40,266 [Worker-130: Updating Maven Project] INFO  o.e.m.j.i.AbstractJavaProjectConfigurator - Adding resource folder /spring-boot-library/src/main/resources
2024-05-28 15:24:40,266 [Worker-130: Updating Maven Project] INFO  o.e.m.j.i.AbstractJavaProjectConfigurator - Adding resource folder /spring-boot-library/src/main/resources
2024-05-28 15:24:40,268 [Worker-130: Updating Maven Project] INFO  o.e.m.j.i.AbstractJavaProjectConfigurator - Adding source folder /spring-boot-library/src/test/java
2024-05-28 15:24:40,268 [Worker-130: Updating Maven Project] INFO  o.e.m.j.i.AbstractJavaProjectConfigurator - Adding resource folder /spring-boot-library/src/test/resources
2024-05-28 15:24:41,253 [Worker-130: Updating Maven Project] INFO  o.e.m.c.i.p.ProjectConfigurationManager - Update completed for 1 poms: local refresh takes 0.00 sec, refresh facades takes 1.00 sec, update config takes 0.00 sec 
2024-05-28 15:24:41,830 [Worker-136: Building] INFO  o.a.m.s.f.DefaultMavenResourcesFiltering - Copying 1 resource from src\main\resources to target\classes
2024-05-28 15:24:41,887 [Worker-136: Building] INFO  o.a.m.s.f.DefaultMavenResourcesFiltering - Copying 0 resource from src\main\resources to target\classes
2024-05-28 15:24:41,894 [Worker-136: Building] INFO  o.a.m.s.f.DefaultMavenResourcesFiltering - skip non existing resourceDirectory C:\Users\USER\Desktop\react project\library-app\02-backend\spring-boot-library\src\test\resources
2024-05-28 15:25:29,811 [Worker-130: Updating Maven Project] INFO  o.e.m.c.i.p.ProjectConfigurationManager - Update started
2024-05-28 15:25:30,411 [Worker-130: Updating Maven Project] INFO  o.e.m.c.i.l.LifecycleMappingFactory - Using org.eclipse.m2e.jdt.JarLifecycleMapping lifecycle mapping for MavenProject: com.snccreations:spring-boot-library:2.7.3 @ C:\Users\USER\Desktop\react project\library-app\02-backend\spring-boot-library\pom.xml.
2024-05-28 15:25:31,179 [Worker-130: Updating Maven Project] INFO  o.e.m.j.i.AbstractJavaProjectConfigurator - Adding source folder /spring-boot-library/src/main/java
2024-05-28 15:25:31,179 [Worker-130: Updating Maven Project] INFO  o.e.m.j.i.AbstractJavaProjectConfigurator - Adding resource folder /spring-boot-library/src/main/resources
2024-05-28 15:25:31,179 [Worker-130: Updating Maven Project] INFO  o.e.m.j.i.AbstractJavaProjectConfigurator - Adding resource folder /spring-boot-library/src/main/resources
2024-05-28 15:25:31,179 [Worker-130: Updating Maven Project] INFO  o.e.m.j.i.AbstractJavaProjectConfigurator - Adding source folder /spring-boot-library/src/test/java
2024-05-28 15:25:31,179 [Worker-130: Updating Maven Project] INFO  o.e.m.j.i.AbstractJavaProjectConfigurator - Adding resource folder /spring-boot-library/src/test/resources
2024-05-28 15:25:32,530 [Worker-130: Updating Maven Project] INFO  o.e.m.c.i.p.ProjectConfigurationManager - Update completed for 1 poms: local refresh takes 0.00 sec, refresh facades takes 1.00 sec, update config takes 1.00 sec 
2024-05-28 15:25:33,075 [Worker-150: Building] INFO  o.a.m.s.f.DefaultMavenResourcesFiltering - Copying 1 resource from src\main\resources to target\classes
2024-05-28 15:25:33,106 [Worker-150: Building] INFO  o.a.m.s.f.DefaultMavenResourcesFiltering - Copying 0 resource from src\main\resources to target\classes
2024-05-28 15:25:33,112 [Worker-150: Building] INFO  o.a.m.s.f.DefaultMavenResourcesFiltering - skip non existing resourceDirectory C:\Users\USER\Desktop\react project\library-app\02-backend\spring-boot-library\src\test\resources
2024-05-28 15:26:27,084 [Worker-136: Building] INFO  o.a.m.s.f.DefaultMavenResourcesFiltering - Copying 1 resource from src\main\resources to target\classes
2024-05-28 15:26:27,098 [Worker-136: Building] INFO  o.a.m.s.f.DefaultMavenResourcesFiltering - Copying 0 resource from src\main\resources to target\classes
2024-05-28 15:26:27,103 [Worker-136: Building] INFO  o.a.m.s.f.DefaultMavenResourcesFiltering - skip non existing resourceDirectory C:\Users\USER\Desktop\react project\library-app\02-backend\spring-boot-library\src\test\resources
2024-05-28 15:38:03,221 [Worker-156: Building] INFO  o.a.m.s.f.DefaultMavenResourcesFiltering - Copying 1 resource from src\main\resources to target\classes
2024-05-28 15:38:03,234 [Worker-156: Building] INFO  o.a.m.s.f.DefaultMavenResourcesFiltering - Copying 0 resource from src\main\resources to target\classes
2024-05-28 15:38:03,239 [Worker-156: Building] INFO  o.a.m.s.f.DefaultMavenResourcesFiltering - skip non existing resourceDirectory C:\Users\USER\Desktop\react project\library-app\02-backend\spring-boot-library\src\test\resources
2024-05-28 15:42:46,230 [Worker-141: Building] INFO  o.a.m.s.f.DefaultMavenResourcesFiltering - Copying 1 resource from src\main\resources to target\classes
2024-05-28 15:42:46,240 [Worker-141: Building] INFO  o.a.m.s.f.DefaultMavenResourcesFiltering - Copying 0 resource from src\main\resources to target\classes
2024-05-28 15:42:46,245 [Worker-141: Building] INFO  o.a.m.s.f.DefaultMavenResourcesFiltering - skip non existing resourceDirectory C:\Users\USER\Desktop\react project\library-app\02-backend\spring-boot-library\src\test\resources
2024-05-28 15:48:15,951 [Worker-151: Building] INFO  o.a.m.s.f.DefaultMavenResourcesFiltering - Copying 1 resource from src\main\resources to target\classes
2024-05-28 15:48:15,958 [Worker-151: Building] INFO  o.a.m.s.f.DefaultMavenResourcesFiltering - Copying 0 resource from src\main\resources to target\classes
2024-05-28 15:48:15,961 [Worker-151: Building] INFO  o.a.m.s.f.DefaultMavenResourcesFiltering - skip non existing resourceDirectory C:\Users\USER\Desktop\react project\library-app\02-backend\spring-boot-library\src\test\resources
2024-05-28 15:50:44,307 [Worker-162: Building] INFO  o.a.m.s.f.DefaultMavenResourcesFiltering - Copying 1 resource from src\main\resources to target\classes
2024-05-28 15:50:44,323 [Worker-162: Building] INFO  o.a.m.s.f.DefaultMavenResourcesFiltering - Copying 0 resource from src\main\resources to target\classes
2024-05-28 15:50:44,328 [Worker-162: Building] INFO  o.a.m.s.f.DefaultMavenResourcesFiltering - skip non existing resourceDirectory C:\Users\USER\Desktop\react project\library-app\02-backend\spring-boot-library\src\test\resources
2024-05-28 15:52:45,803 [Worker-164: Building] INFO  o.a.m.s.f.DefaultMavenResourcesFiltering - Copying 1 resource from src\main\resources to target\classes
2024-05-28 15:52:45,817 [Worker-164: Building] INFO  o.a.m.s.f.DefaultMavenResourcesFiltering - Copying 0 resource from src\main\resources to target\classes
2024-05-28 15:52:45,823 [Worker-164: Building] INFO  o.a.m.s.f.DefaultMavenResourcesFiltering - skip non existing resourceDirectory C:\Users\USER\Desktop\react project\library-app\02-backend\spring-boot-library\src\test\resources
2024-05-28 15:55:46,917 [Worker-168: Building] INFO  o.a.m.s.f.DefaultMavenResourcesFiltering - Copying 1 resource from src\main\resources to target\classes
2024-05-28 15:55:46,928 [Worker-168: Building] INFO  o.a.m.s.f.DefaultMavenResourcesFiltering - Copying 0 resource from src\main\resources to target\classes
2024-05-28 15:55:46,933 [Worker-168: Building] INFO  o.a.m.s.f.DefaultMavenResourcesFiltering - skip non existing resourceDirectory C:\Users\USER\Desktop\react project\library-app\02-backend\spring-boot-library\src\test\resources
2024-05-28 16:00:02,191 [Worker-172: Building] INFO  o.a.m.s.f.DefaultMavenResourcesFiltering - Copying 1 resource from src\main\resources to target\classes
2024-05-28 16:00:02,201 [Worker-172: Building] INFO  o.a.m.s.f.DefaultMavenResourcesFiltering - Copying 0 resource from src\main\resources to target\classes
2024-05-28 16:00:02,205 [Worker-172: Building] INFO  o.a.m.s.f.DefaultMavenResourcesFiltering - skip non existing resourceDirectory C:\Users\USER\Desktop\react project\library-app\02-backend\spring-boot-library\src\test\resources
2024-05-28 16:01:35,784 [Worker-173: Building] INFO  o.a.m.s.f.DefaultMavenResourcesFiltering - Copying 1 resource from src\main\resources to target\classes
2024-05-28 16:01:35,794 [Worker-173: Building] INFO  o.a.m.s.f.DefaultMavenResourcesFiltering - Copying 0 resource from src\main\resources to target\classes
2024-05-28 16:01:35,798 [Worker-173: Building] INFO  o.a.m.s.f.DefaultMavenResourcesFiltering - skip non existing resourceDirectory C:\Users\USER\Desktop\react project\library-app\02-backend\spring-boot-library\src\test\resources
2024-05-28 16:03:01,085 [Worker-169: Building] INFO  o.a.m.s.f.DefaultMavenResourcesFiltering - Copying 1 resource from src\main\resources to target\classes
2024-05-28 16:03:01,093 [Worker-169: Building] INFO  o.a.m.s.f.DefaultMavenResourcesFiltering - Copying 0 resource from src\main\resources to target\classes
2024-05-28 16:03:01,097 [Worker-169: Building] INFO  o.a.m.s.f.DefaultMavenResourcesFiltering - skip non existing resourceDirectory C:\Users\USER\Desktop\react project\library-app\02-backend\spring-boot-library\src\test\resources
2024-05-28 16:04:02,785 [Worker-170: Building] INFO  o.a.m.s.f.DefaultMavenResourcesFiltering - Copying 1 resource from src\main\resources to target\classes
2024-05-28 16:04:02,797 [Worker-170: Building] INFO  o.a.m.s.f.DefaultMavenResourcesFiltering - Copying 0 resource from src\main\resources to target\classes
2024-05-28 16:04:02,800 [Worker-170: Building] INFO  o.a.m.s.f.DefaultMavenResourcesFiltering - skip non existing resourceDirectory C:\Users\USER\Desktop\react project\library-app\02-backend\spring-boot-library\src\test\resources
2024-05-28 16:06:38,198 [Worker-178: Building] INFO  o.a.m.s.f.DefaultMavenResourcesFiltering - Copying 1 resource from src\main\resources to target\classes
2024-05-28 16:06:38,220 [Worker-178: Building] INFO  o.a.m.s.f.DefaultMavenResourcesFiltering - Copying 0 resource from src\main\resources to target\classes
2024-05-28 16:06:38,227 [Worker-178: Building] INFO  o.a.m.s.f.DefaultMavenResourcesFiltering - skip non existing resourceDirectory C:\Users\USER\Desktop\react project\library-app\02-backend\spring-boot-library\src\test\resources
2024-05-28 16:08:07,697 [Worker-172: Building] INFO  o.a.m.s.f.DefaultMavenResourcesFiltering - Copying 1 resource from src\main\resources to target\classes
2024-05-28 16:08:07,706 [Worker-172: Building] INFO  o.a.m.s.f.DefaultMavenResourcesFiltering - Copying 0 resource from src\main\resources to target\classes
2024-05-28 16:08:07,710 [Worker-172: Building] INFO  o.a.m.s.f.DefaultMavenResourcesFiltering - skip non existing resourceDirectory C:\Users\USER\Desktop\react project\library-app\02-backend\spring-boot-library\src\test\resources
2024-05-28 16:08:28,045 [Worker-177: Building] INFO  o.a.m.s.f.DefaultMavenResourcesFiltering - Copying 1 resource from src\main\resources to target\classes
2024-05-28 16:08:28,059 [Worker-177: Building] INFO  o.a.m.s.f.DefaultMavenResourcesFiltering - Copying 0 resource from src\main\resources to target\classes
2024-05-28 16:08:28,063 [Worker-177: Building] INFO  o.a.m.s.f.DefaultMavenResourcesFiltering - skip non existing resourceDirectory C:\Users\USER\Desktop\react project\library-app\02-backend\spring-boot-library\src\test\resources
2024-05-28 16:11:36,766 [Worker-182: Building] INFO  o.a.m.s.f.DefaultMavenResourcesFiltering - Copying 1 resource from src\main\resources to target\classes
2024-05-28 16:11:36,774 [Worker-182: Building] INFO  o.a.m.s.f.DefaultMavenResourcesFiltering - Copying 0 resource from src\main\resources to target\classes
2024-05-28 16:11:36,783 [Worker-182: Building] INFO  o.a.m.s.f.DefaultMavenResourcesFiltering - skip non existing resourceDirectory C:\Users\USER\Desktop\react project\library-app\02-backend\spring-boot-library\src\test\resources
2024-05-28 16:11:53,992 [Worker-185: Building] INFO  o.a.m.s.f.DefaultMavenResourcesFiltering - Copying 1 resource from src\main\resources to target\classes
2024-05-28 16:11:54,002 [Worker-185: Building] INFO  o.a.m.s.f.DefaultMavenResourcesFiltering - Copying 0 resource from src\main\resources to target\classes
2024-05-28 16:11:54,007 [Worker-185: Building] INFO  o.a.m.s.f.DefaultMavenResourcesFiltering - skip non existing resourceDirectory C:\Users\USER\Desktop\react project\library-app\02-backend\spring-boot-library\src\test\resources
2024-05-28 16:16:11,387 [Worker-188: Building] INFO  o.a.m.s.f.DefaultMavenResourcesFiltering - Copying 1 resource from src\main\resources to target\classes
2024-05-28 16:16:11,428 [Worker-188: Building] INFO  o.a.m.s.f.DefaultMavenResourcesFiltering - Copying 0 resource from src\main\resources to target\classes
2024-05-28 16:16:11,434 [Worker-188: Building] INFO  o.a.m.s.f.DefaultMavenResourcesFiltering - skip non existing resourceDirectory C:\Users\USER\Desktop\react project\library-app\02-backend\spring-boot-library\src\test\resources
2024-05-28 16:19:54,818 [Worker-194: Building] INFO  o.a.m.s.f.DefaultMavenResourcesFiltering - Copying 1 resource from src\main\resources to target\classes
2024-05-28 16:19:54,835 [Worker-194: Building] INFO  o.a.m.s.f.DefaultMavenResourcesFiltering - Copying 0 resource from src\main\resources to target\classes
2024-05-28 16:19:54,841 [Worker-194: Building] INFO  o.a.m.s.f.DefaultMavenResourcesFiltering - skip non existing resourceDirectory C:\Users\USER\Desktop\react project\library-app\02-backend\spring-boot-library\src\test\resources
2024-05-28 16:20:27,970 [Worker-195: Building] INFO  o.a.m.s.f.DefaultMavenResourcesFiltering - Copying 1 resource from src\main\resources to target\classes
2024-05-28 16:20:27,981 [Worker-195: Building] INFO  o.a.m.s.f.DefaultMavenResourcesFiltering - Copying 0 resource from src\main\resources to target\classes
2024-05-28 16:20:27,987 [Worker-195: Building] INFO  o.a.m.s.f.DefaultMavenResourcesFiltering - skip non existing resourceDirectory C:\Users\USER\Desktop\react project\library-app\02-backend\spring-boot-library\src\test\resources
2024-05-28 16:22:16,575 [Worker-196: Building] INFO  o.a.m.s.f.DefaultMavenResourcesFiltering - Copying 1 resource from src\main\resources to target\classes
2024-05-28 16:22:16,581 [Worker-196: Building] INFO  o.a.m.s.f.DefaultMavenResourcesFiltering - Copying 0 resource from src\main\resources to target\classes
2024-05-28 16:22:16,584 [Worker-196: Building] INFO  o.a.m.s.f.DefaultMavenResourcesFiltering - skip non existing resourceDirectory C:\Users\USER\Desktop\react project\library-app\02-backend\spring-boot-library\src\test\resources
2024-05-28 16:22:28,848 [Worker-188: Building] INFO  o.a.m.s.f.DefaultMavenResourcesFiltering - Copying 1 resource from src\main\resources to target\classes
2024-05-28 16:22:28,855 [Worker-188: Building] INFO  o.a.m.s.f.DefaultMavenResourcesFiltering - Copying 0 resource from src\main\resources to target\classes
2024-05-28 16:22:28,859 [Worker-188: Building] INFO  o.a.m.s.f.DefaultMavenResourcesFiltering - skip non existing resourceDirectory C:\Users\USER\Desktop\react project\library-app\02-backend\spring-boot-library\src\test\resources
2024-05-28 16:26:32,195 [Worker-196: Building] INFO  o.a.m.s.f.DefaultMavenResourcesFiltering - Copying 1 resource from src\main\resources to target\classes
2024-05-28 16:26:32,205 [Worker-196: Building] INFO  o.a.m.s.f.DefaultMavenResourcesFiltering - Copying 0 resource from src\main\resources to target\classes
2024-05-28 16:26:32,208 [Worker-196: Building] INFO  o.a.m.s.f.DefaultMavenResourcesFiltering - skip non existing resourceDirectory C:\Users\USER\Desktop\react project\library-app\02-backend\spring-boot-library\src\test\resources
2024-05-28 16:26:47,704 [Worker-199: Building] INFO  o.a.m.s.f.DefaultMavenResourcesFiltering - Copying 1 resource from src\main\resources to target\classes
2024-05-28 16:26:47,713 [Worker-199: Building] INFO  o.a.m.s.f.DefaultMavenResourcesFiltering - Copying 0 resource from src\main\resources to target\classes
2024-05-28 16:26:47,716 [Worker-199: Building] INFO  o.a.m.s.f.DefaultMavenResourcesFiltering - skip non existing resourceDirectory C:\Users\USER\Desktop\react project\library-app\02-backend\spring-boot-library\src\test\resources
2024-05-28 16:30:13,354 [Worker-203: Building] INFO  o.a.m.s.f.DefaultMavenResourcesFiltering - Copying 1 resource from src\main\resources to target\classes
2024-05-28 16:30:13,382 [Worker-203: Building] INFO  o.a.m.s.f.DefaultMavenResourcesFiltering - Copying 0 resource from src\main\resources to target\classes
2024-05-28 16:30:13,386 [Worker-203: Building] INFO  o.a.m.s.f.DefaultMavenResourcesFiltering - skip non existing resourceDirectory C:\Users\USER\Desktop\react project\library-app\02-backend\spring-boot-library\src\test\resources
2024-05-28 16:33:06,704 [Worker-204: Building] INFO  o.a.m.s.f.DefaultMavenResourcesFiltering - Copying 1 resource from src\main\resources to target\classes
2024-05-28 16:33:06,731 [Worker-204: Building] INFO  o.a.m.s.f.DefaultMavenResourcesFiltering - Copying 0 resource from src\main\resources to target\classes
2024-05-28 16:33:06,736 [Worker-204: Building] INFO  o.a.m.s.f.DefaultMavenResourcesFiltering - skip non existing resourceDirectory C:\Users\USER\Desktop\react project\library-app\02-backend\spring-boot-library\src\test\resources
2024-05-28 16:33:57,019 [Worker-207: Building] INFO  o.a.m.s.f.DefaultMavenResourcesFiltering - Copying 1 resource from src\main\resources to target\classes
2024-05-28 16:33:57,035 [Worker-207: Building] INFO  o.a.m.s.f.DefaultMavenResourcesFiltering - Copying 0 resource from src\main\resources to target\classes
2024-05-28 16:33:57,035 [Worker-207: Building] INFO  o.a.m.s.f.DefaultMavenResourcesFiltering - skip non existing resourceDirectory C:\Users\USER\Desktop\react project\library-app\02-backend\spring-boot-library\src\test\resources
2024-05-28 16:35:09,770 [Worker-210: Building] INFO  o.a.m.s.f.DefaultMavenResourcesFiltering - Copying 1 resource from src\main\resources to target\classes
2024-05-28 16:35:09,778 [Worker-210: Building] INFO  o.a.m.s.f.DefaultMavenResourcesFiltering - Copying 0 resource from src\main\resources to target\classes
2024-05-28 16:35:09,782 [Worker-210: Building] INFO  o.a.m.s.f.DefaultMavenResourcesFiltering - skip non existing resourceDirectory C:\Users\USER\Desktop\react project\library-app\02-backend\spring-boot-library\src\test\resources
2024-05-28 16:35:42,823 [Worker-208: Building] INFO  o.a.m.s.f.DefaultMavenResourcesFiltering - Copying 1 resource from src\main\resources to target\classes
2024-05-28 16:35:42,831 [Worker-208: Building] INFO  o.a.m.s.f.DefaultMavenResourcesFiltering - Copying 0 resource from src\main\resources to target\classes
2024-05-28 16:35:42,834 [Worker-208: Building] INFO  o.a.m.s.f.DefaultMavenResourcesFiltering - skip non existing resourceDirectory C:\Users\USER\Desktop\react project\library-app\02-backend\spring-boot-library\src\test\resources
2024-05-28 16:37:34,914 [Worker-204: Building] INFO  o.a.m.s.f.DefaultMavenResourcesFiltering - Copying 1 resource from src\main\resources to target\classes
2024-05-28 16:37:34,919 [Worker-204: Building] INFO  o.a.m.s.f.DefaultMavenResourcesFiltering - Copying 0 resource from src\main\resources to target\classes
2024-05-28 16:37:34,919 [Worker-204: Building] INFO  o.a.m.s.f.DefaultMavenResourcesFiltering - skip non existing resourceDirectory C:\Users\USER\Desktop\react project\library-app\02-backend\spring-boot-library\src\test\resources
2024-05-28 16:37:46,717 [Worker-208: Building] INFO  o.a.m.s.f.DefaultMavenResourcesFiltering - Copying 1 resource from src\main\resources to target\classes
2024-05-28 16:37:46,733 [Worker-208: Building] INFO  o.a.m.s.f.DefaultMavenResourcesFiltering - Copying 0 resource from src\main\resources to target\classes
2024-05-28 16:37:46,738 [Worker-208: Building] INFO  o.a.m.s.f.DefaultMavenResourcesFiltering - skip non existing resourceDirectory C:\Users\USER\Desktop\react project\library-app\02-backend\spring-boot-library\src\test\resources
2024-05-28 16:38:52,298 [Worker-210: Building] INFO  o.a.m.s.f.DefaultMavenResourcesFiltering - Copying 1 resource from src\main\resources to target\classes
2024-05-28 16:38:52,307 [Worker-210: Building] INFO  o.a.m.s.f.DefaultMavenResourcesFiltering - Copying 0 resource from src\main\resources to target\classes
2024-05-28 16:38:52,311 [Worker-210: Building] INFO  o.a.m.s.f.DefaultMavenResourcesFiltering - skip non existing resourceDirectory C:\Users\USER\Desktop\react project\library-app\02-backend\spring-boot-library\src\test\resources
2024-05-28 16:39:12,907 [Worker-204: Building] INFO  o.a.m.s.f.DefaultMavenResourcesFiltering - Copying 1 resource from src\main\resources to target\classes
2024-05-28 16:39:12,914 [Worker-204: Building] INFO  o.a.m.s.f.DefaultMavenResourcesFiltering - Copying 0 resource from src\main\resources to target\classes
2024-05-28 16:39:12,919 [Worker-204: Building] INFO  o.a.m.s.f.DefaultMavenResourcesFiltering - skip non existing resourceDirectory C:\Users\USER\Desktop\react project\library-app\02-backend\spring-boot-library\src\test\resources
2024-05-28 16:41:12,118 [Worker-216: Building] INFO  o.a.m.s.f.DefaultMavenResourcesFiltering - Copying 1 resource from src\main\resources to target\classes
2024-05-28 16:41:12,126 [Worker-216: Building] INFO  o.a.m.s.f.DefaultMavenResourcesFiltering - Copying 0 resource from src\main\resources to target\classes
2024-05-28 16:41:12,131 [Worker-216: Building] INFO  o.a.m.s.f.DefaultMavenResourcesFiltering - skip non existing resourceDirectory C:\Users\USER\Desktop\react project\library-app\02-backend\spring-boot-library\src\test\resources
2024-05-28 16:41:34,259 [Worker-213: Building] INFO  o.a.m.s.f.DefaultMavenResourcesFiltering - Copying 1 resource from src\main\resources to target\classes
2024-05-28 16:41:34,266 [Worker-213: Building] INFO  o.a.m.s.f.DefaultMavenResourcesFiltering - Copying 0 resource from src\main\resources to target\classes
2024-05-28 16:41:34,270 [Worker-213: Building] INFO  o.a.m.s.f.DefaultMavenResourcesFiltering - skip non existing resourceDirectory C:\Users\USER\Desktop\react project\library-app\02-backend\spring-boot-library\src\test\resources
2024-05-28 16:42:24,568 [Worker-215: Building] INFO  o.a.m.s.f.DefaultMavenResourcesFiltering - Copying 1 resource from src\main\resources to target\classes
2024-05-28 16:42:24,582 [Worker-215: Building] INFO  o.a.m.s.f.DefaultMavenResourcesFiltering - Copying 0 resource from src\main\resources to target\classes
2024-05-28 16:42:24,588 [Worker-215: Building] INFO  o.a.m.s.f.DefaultMavenResourcesFiltering - skip non existing resourceDirectory C:\Users\USER\Desktop\react project\library-app\02-backend\spring-boot-library\src\test\resources
2024-05-28 16:43:33,310 [Worker-214: Building] INFO  o.a.m.s.f.DefaultMavenResourcesFiltering - Copying 1 resource from src\main\resources to target\classes
2024-05-28 16:43:33,324 [Worker-214: Building] INFO  o.a.m.s.f.DefaultMavenResourcesFiltering - Copying 0 resource from src\main\resources to target\classes
2024-05-28 16:43:33,330 [Worker-214: Building] INFO  o.a.m.s.f.DefaultMavenResourcesFiltering - skip non existing resourceDirectory C:\Users\USER\Desktop\react project\library-app\02-backend\spring-boot-library\src\test\resources
2024-05-28 16:43:51,610 [Worker-214: Building] INFO  o.a.m.s.f.DefaultMavenResourcesFiltering - Copying 1 resource from src\main\resources to target\classes
2024-05-28 16:43:51,621 [Worker-214: Building] INFO  o.a.m.s.f.DefaultMavenResourcesFiltering - Copying 0 resource from src\main\resources to target\classes
2024-05-28 16:43:51,624 [Worker-214: Building] INFO  o.a.m.s.f.DefaultMavenResourcesFiltering - skip non existing resourceDirectory C:\Users\USER\Desktop\react project\library-app\02-backend\spring-boot-library\src\test\resources
2024-05-28 16:45:28,944 [Worker-215: Building] INFO  o.a.m.s.f.DefaultMavenResourcesFiltering - Copying 1 resource from src\main\resources to target\classes
2024-05-28 16:45:28,955 [Worker-215: Building] INFO  o.a.m.s.f.DefaultMavenResourcesFiltering - Copying 0 resource from src\main\resources to target\classes
2024-05-28 16:45:28,958 [Worker-215: Building] INFO  o.a.m.s.f.DefaultMavenResourcesFiltering - skip non existing resourceDirectory C:\Users\USER\Desktop\react project\library-app\02-backend\spring-boot-library\src\test\resources
2024-05-28 16:47:45,857 [Worker-216: Building] INFO  o.a.m.s.f.DefaultMavenResourcesFiltering - Copying 1 resource from src\main\resources to target\classes
2024-05-28 16:47:45,865 [Worker-216: Building] INFO  o.a.m.s.f.DefaultMavenResourcesFiltering - Copying 0 resource from src\main\resources to target\classes
2024-05-28 16:47:45,880 [Worker-216: Building] INFO  o.a.m.s.f.DefaultMavenResourcesFiltering - skip non existing resourceDirectory C:\Users\USER\Desktop\react project\library-app\02-backend\spring-boot-library\src\test\resources
2024-05-28 16:48:33,597 [Worker-216: Building] INFO  o.a.m.s.f.DefaultMavenResourcesFiltering - Copying 1 resource from src\main\resources to target\classes
2024-05-28 16:48:33,606 [Worker-216: Building] INFO  o.a.m.s.f.DefaultMavenResourcesFiltering - Copying 0 resource from src\main\resources to target\classes
2024-05-28 16:48:33,610 [Worker-216: Building] INFO  o.a.m.s.f.DefaultMavenResourcesFiltering - skip non existing resourceDirectory C:\Users\USER\Desktop\react project\library-app\02-backend\spring-boot-library\src\test\resources
2024-05-28 16:49:31,117 [Worker-208: Building] INFO  o.a.m.s.f.DefaultMavenResourcesFiltering - Copying 1 resource from src\main\resources to target\classes
2024-05-28 16:49:31,130 [Worker-208: Building] INFO  o.a.m.s.f.DefaultMavenResourcesFiltering - Copying 0 resource from src\main\resources to target\classes
2024-05-28 16:49:31,134 [Worker-208: Building] INFO  o.a.m.s.f.DefaultMavenResourcesFiltering - skip non existing resourceDirectory C:\Users\USER\Desktop\react project\library-app\02-backend\spring-boot-library\src\test\resources
2024-05-28 16:50:59,513 [Worker-208: Building] INFO  o.a.m.s.f.DefaultMavenResourcesFiltering - Copying 1 resource from src\main\resources to target\classes
2024-05-28 16:50:59,524 [Worker-208: Building] INFO  o.a.m.s.f.DefaultMavenResourcesFiltering - Copying 0 resource from src\main\resources to target\classes
2024-05-28 16:50:59,528 [Worker-208: Building] INFO  o.a.m.s.f.DefaultMavenResourcesFiltering - skip non existing resourceDirectory C:\Users\USER\Desktop\react project\library-app\02-backend\spring-boot-library\src\test\resources
2024-05-28 16:57:06,391 [Worker-224: Launching spring-boot-library - SpringBootLibraryApplication] INFO  o.a.m.s.f.DefaultMavenResourcesFiltering - Copying 1 resource from src\main\resources to target\classes
2024-05-28 16:57:06,402 [Worker-224: Launching spring-boot-library - SpringBootLibraryApplication] INFO  o.a.m.s.f.DefaultMavenResourcesFiltering - Copying 0 resource from src\main\resources to target\classes
2024-05-28 16:57:06,406 [Worker-224: Launching spring-boot-library - SpringBootLibraryApplication] INFO  o.a.m.s.f.DefaultMavenResourcesFiltering - skip non existing resourceDirectory C:\Users\USER\Desktop\react project\library-app\02-backend\spring-boot-library\src\test\resources
2024-05-28 16:58:36,057 [Worker-220: Building] INFO  o.e.m.c.i.l.LifecycleMappingFactory - Using org.eclipse.m2e.jdt.JarLifecycleMapping lifecycle mapping for MavenProject: com.snccreations:spring-boot-library:2.7.3 @ C:\Users\USER\Desktop\react project\library-app\02-backend\spring-boot-library\pom.xml.
2024-05-28 16:58:37,355 [Worker-220: Building] INFO  o.a.m.s.f.DefaultMavenResourcesFiltering - Copying 0 resource from src\main\resources to target\classes
2024-05-28 16:58:37,357 [Worker-220: Building] INFO  o.a.m.s.f.DefaultMavenResourcesFiltering - Copying 0 resource from src\main\resources to target\classes
2024-05-28 16:58:37,364 [Worker-220: Building] INFO  o.a.m.s.f.DefaultMavenResourcesFiltering - skip non existing resourceDirectory C:\Users\USER\Desktop\react project\library-app\02-backend\spring-boot-library\src\test\resources
2024-05-28 16:58:47,612 [Worker-220: Updating Maven Project] INFO  o.e.m.c.i.p.ProjectConfigurationManager - Update started
2024-05-28 16:58:48,014 [Worker-220: Updating Maven Project] INFO  o.e.m.c.i.l.LifecycleMappingFactory - Using org.eclipse.m2e.jdt.JarLifecycleMapping lifecycle mapping for MavenProject: com.snccreations:spring-boot-library:2.7.3 @ C:\Users\USER\Desktop\react project\library-app\02-backend\spring-boot-library\pom.xml.
2024-05-28 16:58:48,666 [Worker-220: Updating Maven Project] INFO  o.e.m.j.i.AbstractJavaProjectConfigurator - Adding source folder /spring-boot-library/src/main/java
2024-05-28 16:58:48,666 [Worker-220: Updating Maven Project] INFO  o.e.m.j.i.AbstractJavaProjectConfigurator - Adding resource folder /spring-boot-library/src/main/resources
2024-05-28 16:58:48,666 [Worker-220: Updating Maven Project] INFO  o.e.m.j.i.AbstractJavaProjectConfigurator - Adding resource folder /spring-boot-library/src/main/resources
2024-05-28 16:58:48,666 [Worker-220: Updating Maven Project] INFO  o.e.m.j.i.AbstractJavaProjectConfigurator - Adding source folder /spring-boot-library/src/test/java
2024-05-28 16:58:48,666 [Worker-220: Updating Maven Project] INFO  o.e.m.j.i.AbstractJavaProjectConfigurator - Adding resource folder /spring-boot-library/src/test/resources
2024-05-28 16:58:49,195 [Worker-220: Updating Maven Project] INFO  o.e.m.c.i.p.ProjectConfigurationManager - Update completed for 1 poms: local refresh takes 0.00 sec, refresh facades takes 0.00 sec, update config takes 0.00 sec 
2024-05-28 16:58:49,576 [Worker-226: Building] INFO  o.a.m.s.f.DefaultMavenResourcesFiltering - Copying 1 resource from src\main\resources to target\classes
2024-05-28 16:58:49,615 [Worker-226: Building] INFO  o.a.m.s.f.DefaultMavenResourcesFiltering - Copying 0 resource from src\main\resources to target\classes
2024-05-28 16:58:49,619 [Worker-226: Building] INFO  o.a.m.s.f.DefaultMavenResourcesFiltering - skip non existing resourceDirectory C:\Users\USER\Desktop\react project\library-app\02-backend\spring-boot-library\src\test\resources
2024-05-29 14:08:27,043 [Worker-5: Loading available Gradle versions] INFO  o.e.b.c.i.u.g.PublishedGradleVersions - Gradle version information cache is out-of-date. Trying to update.
2024-05-29 14:18:40,100 [Worker-25: Building] INFO  o.e.m.c.i.l.LifecycleMappingFactory - Using org.eclipse.m2e.jdt.JarLifecycleMapping lifecycle mapping for MavenProject: com.snccreations:spring-boot-library:2.7.3 @ C:\Users\USER\Desktop\react project\library-app\02-backend\spring-boot-library\pom.xml.
2024-05-29 14:18:41,211 [Worker-25: Building] INFO  o.e.m.c.i.e.AbstractTransferListenerAdapter - Downloading https://repo.maven.apache.org/maven2/com/okta/spring/okta-spring-boot-starter/3.0.6/okta-spring-boot-starter-3.0.6.pom
2024-05-29 14:18:41,229 [Worker-25: Building] INFO  o.e.m.c.i.e.AbstractTransferListenerAdapter - Downloaded https://repo.maven.apache.org/maven2/com/okta/spring/okta-spring-boot-starter/3.0.6/okta-spring-boot-starter-3.0.6.pom
2024-05-29 14:18:41,267 [Worker-25: Building] INFO  o.e.m.c.i.e.AbstractTransferListenerAdapter - Downloading https://repo.maven.apache.org/maven2/com/okta/spring/okta-spring-boot-parent/3.0.6/okta-spring-boot-parent-3.0.6.pom
2024-05-29 14:18:41,284 [Worker-25: Building] INFO  o.e.m.c.i.e.AbstractTransferListenerAdapter - Downloaded https://repo.maven.apache.org/maven2/com/okta/spring/okta-spring-boot-parent/3.0.6/okta-spring-boot-parent-3.0.6.pom
2024-05-29 14:18:41,330 [Worker-25: Building] INFO  o.e.m.c.i.e.AbstractTransferListenerAdapter - Downloading https://repo.maven.apache.org/maven2/com/okta/okta-parent/30/okta-parent-30.pom
2024-05-29 14:18:41,420 [Worker-25: Building] INFO  o.e.m.c.i.e.AbstractTransferListenerAdapter - Downloaded https://repo.maven.apache.org/maven2/com/okta/okta-parent/30/okta-parent-30.pom
2024-05-29 14:18:41,486 [Worker-25: Building] INFO  o.e.m.c.i.e.AbstractTransferListenerAdapter - Downloading https://repo.maven.apache.org/maven2/com/okta/okta-aggregator/30/okta-aggregator-30.pom
2024-05-29 14:18:41,497 [Worker-25: Building] INFO  o.e.m.c.i.e.AbstractTransferListenerAdapter - Downloaded https://repo.maven.apache.org/maven2/com/okta/okta-aggregator/30/okta-aggregator-30.pom
2024-05-29 14:18:41,553 [Worker-25: Building] INFO  o.e.m.c.i.e.AbstractTransferListenerAdapter - Downloading https://repo.maven.apache.org/maven2/io/rest-assured/rest-assured-bom/5.3.0/rest-assured-bom-5.3.0.pom
2024-05-29 14:18:41,561 [Worker-25: Building] INFO  o.e.m.c.i.e.AbstractTransferListenerAdapter - Downloaded https://repo.maven.apache.org/maven2/io/rest-assured/rest-assured-bom/5.3.0/rest-assured-bom-5.3.0.pom
2024-05-29 14:18:41,615 [Worker-25: Building] INFO  o.e.m.c.i.e.AbstractTransferListenerAdapter - Downloading https://repo.maven.apache.org/maven2/org/springframework/boot/spring-boot-dependencies/3.2.0/spring-boot-dependencies-3.2.0.pom
2024-05-29 14:18:41,658 [Worker-25: Building] INFO  o.e.m.c.i.e.AbstractTransferListenerAdapter - Downloaded https://repo.maven.apache.org/maven2/org/springframework/boot/spring-boot-dependencies/3.2.0/spring-boot-dependencies-3.2.0.pom
2024-05-29 14:18:41,713 [Worker-25: Building] INFO  o.e.m.c.i.e.AbstractTransferListenerAdapter - Downloading https://repo.maven.apache.org/maven2/io/dropwizard/metrics/metrics-bom/4.2.22/metrics-bom-4.2.22.pom
2024-05-29 14:18:41,720 [Worker-25: Building] INFO  o.e.m.c.i.e.AbstractTransferListenerAdapter - Downloaded https://repo.maven.apache.org/maven2/io/dropwizard/metrics/metrics-bom/4.2.22/metrics-bom-4.2.22.pom
2024-05-29 14:18:41,764 [Worker-25: Building] INFO  o.e.m.c.i.e.AbstractTransferListenerAdapter - Downloading https://repo.maven.apache.org/maven2/io/dropwizard/metrics/metrics-parent/4.2.22/metrics-parent-4.2.22.pom
2024-05-29 14:18:41,771 [Worker-25: Building] INFO  o.e.m.c.i.e.AbstractTransferListenerAdapter - Downloaded https://repo.maven.apache.org/maven2/io/dropwizard/metrics/metrics-parent/4.2.22/metrics-parent-4.2.22.pom
2024-05-29 14:18:41,831 [Worker-25: Building] INFO  o.e.m.c.i.e.AbstractTransferListenerAdapter - Downloading https://repo.maven.apache.org/maven2/org/apache/groovy/groovy-bom/4.0.15/groovy-bom-4.0.15.pom
2024-05-29 14:18:41,842 [Worker-25: Building] INFO  o.e.m.c.i.e.AbstractTransferListenerAdapter - Downloaded https://repo.maven.apache.org/maven2/org/apache/groovy/groovy-bom/4.0.15/groovy-bom-4.0.15.pom
2024-05-29 14:18:41,901 [Worker-25: Building] INFO  o.e.m.c.i.e.AbstractTransferListenerAdapter - Downloading https://repo.maven.apache.org/maven2/org/infinispan/infinispan-bom/14.0.21.Final/infinispan-bom-14.0.21.Final.pom
2024-05-29 14:18:41,914 [Worker-25: Building] INFO  o.e.m.c.i.e.AbstractTransferListenerAdapter - Downloaded https://repo.maven.apache.org/maven2/org/infinispan/infinispan-bom/14.0.21.Final/infinispan-bom-14.0.21.Final.pom
2024-05-29 14:18:41,971 [Worker-25: Building] INFO  o.e.m.c.i.e.AbstractTransferListenerAdapter - Downloading https://repo.maven.apache.org/maven2/org/infinispan/infinispan-build-configuration-parent/14.0.21.Final/infinispan-build-configuration-parent-14.0.21.Final.pom
2024-05-29 14:18:41,983 [Worker-25: Building] INFO  o.e.m.c.i.e.AbstractTransferListenerAdapter - Downloaded https://repo.maven.apache.org/maven2/org/infinispan/infinispan-build-configuration-parent/14.0.21.Final/infinispan-build-configuration-parent-14.0.21.Final.pom
2024-05-29 14:18:42,045 [Worker-25: Building] INFO  o.e.m.c.i.e.AbstractTransferListenerAdapter - Downloading https://repo.maven.apache.org/maven2/org/glassfish/jersey/jersey-bom/3.1.3/jersey-bom-3.1.3.pom
2024-05-29 14:18:42,054 [Worker-25: Building] INFO  o.e.m.c.i.e.AbstractTransferListenerAdapter - Downloaded https://repo.maven.apache.org/maven2/org/glassfish/jersey/jersey-bom/3.1.3/jersey-bom-3.1.3.pom
2024-05-29 14:18:42,108 [Worker-25: Building] INFO  o.e.m.c.i.e.AbstractTransferListenerAdapter - Downloading https://repo.maven.apache.org/maven2/org/eclipse/jetty/ee10/jetty-ee10-bom/12.0.3/jetty-ee10-bom-12.0.3.pom
2024-05-29 14:18:42,118 [Worker-25: Building] INFO  o.e.m.c.i.e.AbstractTransferListenerAdapter - Downloaded https://repo.maven.apache.org/maven2/org/eclipse/jetty/ee10/jetty-ee10-bom/12.0.3/jetty-ee10-bom-12.0.3.pom
2024-05-29 14:18:42,175 [Worker-25: Building] INFO  o.e.m.c.i.e.AbstractTransferListenerAdapter - Downloading https://repo.maven.apache.org/maven2/org/eclipse/jetty/jetty-bom/12.0.3/jetty-bom-12.0.3.pom
2024-05-29 14:18:42,185 [Worker-25: Building] INFO  o.e.m.c.i.e.AbstractTransferListenerAdapter - Downloaded https://repo.maven.apache.org/maven2/org/eclipse/jetty/jetty-bom/12.0.3/jetty-bom-12.0.3.pom
2024-05-29 14:18:42,262 [Worker-25: Building] INFO  o.e.m.c.i.e.AbstractTransferListenerAdapter - Downloading https://repo.maven.apache.org/maven2/org/jetbrains/kotlin/kotlin-bom/1.9.20/kotlin-bom-1.9.20.pom
2024-05-29 14:18:42,271 [Worker-25: Building] INFO  o.e.m.c.i.e.AbstractTransferListenerAdapter - Downloaded https://repo.maven.apache.org/maven2/org/jetbrains/kotlin/kotlin-bom/1.9.20/kotlin-bom-1.9.20.pom
2024-05-29 14:18:42,313 [Worker-25: Building] INFO  o.e.m.c.i.e.AbstractTransferListenerAdapter - Downloading https://repo.maven.apache.org/maven2/org/jetbrains/kotlinx/kotlinx-serialization-bom/1.6.1/kotlinx-serialization-bom-1.6.1.pom
2024-05-29 14:18:42,319 [Worker-25: Building] INFO  o.e.m.c.i.e.AbstractTransferListenerAdapter - Downloaded https://repo.maven.apache.org/maven2/org/jetbrains/kotlinx/kotlinx-serialization-bom/1.6.1/kotlinx-serialization-bom-1.6.1.pom
2024-05-29 14:18:42,358 [Worker-25: Building] INFO  o.e.m.c.i.e.AbstractTransferListenerAdapter - Downloading https://repo.maven.apache.org/maven2/io/micrometer/micrometer-bom/1.12.0/micrometer-bom-1.12.0.pom
2024-05-29 14:18:42,362 [Worker-25: Building] INFO  o.e.m.c.i.e.AbstractTransferListenerAdapter - Downloaded https://repo.maven.apache.org/maven2/io/micrometer/micrometer-bom/1.12.0/micrometer-bom-1.12.0.pom
2024-05-29 14:18:42,398 [Worker-25: Building] INFO  o.e.m.c.i.e.AbstractTransferListenerAdapter - Downloading https://repo.maven.apache.org/maven2/io/micrometer/micrometer-tracing-bom/1.2.0/micrometer-tracing-bom-1.2.0.pom
2024-05-29 14:18:42,403 [Worker-25: Building] INFO  o.e.m.c.i.e.AbstractTransferListenerAdapter - Downloaded https://repo.maven.apache.org/maven2/io/micrometer/micrometer-tracing-bom/1.2.0/micrometer-tracing-bom-1.2.0.pom
2024-05-29 14:18:42,446 [Worker-25: Building] INFO  o.e.m.c.i.e.AbstractTransferListenerAdapter - Downloading https://repo.maven.apache.org/maven2/io/netty/netty-bom/4.1.101.Final/netty-bom-4.1.101.Final.pom
2024-05-29 14:18:42,452 [Worker-25: Building] INFO  o.e.m.c.i.e.AbstractTransferListenerAdapter - Downloaded https://repo.maven.apache.org/maven2/io/netty/netty-bom/4.1.101.Final/netty-bom-4.1.101.Final.pom
2024-05-29 14:18:42,503 [Worker-25: Building] INFO  o.e.m.c.i.e.AbstractTransferListenerAdapter - Downloading https://repo.maven.apache.org/maven2/com/oracle/database/jdbc/ojdbc-bom/23.3.0.23.09/ojdbc-bom-23.3.0.23.09.pom
2024-05-29 14:18:42,510 [Worker-25: Building] INFO  o.e.m.c.i.e.AbstractTransferListenerAdapter - Downloaded https://repo.maven.apache.org/maven2/com/oracle/database/jdbc/ojdbc-bom/23.3.0.23.09/ojdbc-bom-23.3.0.23.09.pom
2024-05-29 14:18:42,568 [Worker-25: Building] INFO  o.e.m.c.i.e.AbstractTransferListenerAdapter - Downloading https://repo.maven.apache.org/maven2/io/projectreactor/reactor-bom/2023.0.0/reactor-bom-2023.0.0.pom
2024-05-29 14:18:42,576 [Worker-25: Building] INFO  o.e.m.c.i.e.AbstractTransferListenerAdapter - Downloaded https://repo.maven.apache.org/maven2/io/projectreactor/reactor-bom/2023.0.0/reactor-bom-2023.0.0.pom
2024-05-29 14:18:42,636 [Worker-25: Building] INFO  o.e.m.c.i.e.AbstractTransferListenerAdapter - Downloading https://repo.maven.apache.org/maven2/org/springframework/amqp/spring-amqp-bom/3.1.0/spring-amqp-bom-3.1.0.pom
2024-05-29 14:18:42,645 [Worker-25: Building] INFO  o.e.m.c.i.e.AbstractTransferListenerAdapter - Downloaded https://repo.maven.apache.org/maven2/org/springframework/amqp/spring-amqp-bom/3.1.0/spring-amqp-bom-3.1.0.pom
2024-05-29 14:18:42,704 [Worker-25: Building] INFO  o.e.m.c.i.e.AbstractTransferListenerAdapter - Downloading https://repo.maven.apache.org/maven2/org/springframework/batch/spring-batch-bom/5.1.0/spring-batch-bom-5.1.0.pom
2024-05-29 14:18:42,712 [Worker-25: Building] INFO  o.e.m.c.i.e.AbstractTransferListenerAdapter - Downloaded https://repo.maven.apache.org/maven2/org/springframework/batch/spring-batch-bom/5.1.0/spring-batch-bom-5.1.0.pom
2024-05-29 14:18:42,769 [Worker-25: Building] INFO  o.e.m.c.i.e.AbstractTransferListenerAdapter - Downloading https://repo.maven.apache.org/maven2/org/springframework/data/spring-data-bom/2023.1.0/spring-data-bom-2023.1.0.pom
2024-05-29 14:18:42,781 [Worker-25: Building] INFO  o.e.m.c.i.e.AbstractTransferListenerAdapter - Downloaded https://repo.maven.apache.org/maven2/org/springframework/data/spring-data-bom/2023.1.0/spring-data-bom-2023.1.0.pom
2024-05-29 14:18:42,839 [Worker-25: Building] INFO  o.e.m.c.i.e.AbstractTransferListenerAdapter - Downloading https://repo.maven.apache.org/maven2/org/springframework/spring-framework-bom/6.1.1/spring-framework-bom-6.1.1.pom
2024-05-29 14:18:42,849 [Worker-25: Building] INFO  o.e.m.c.i.e.AbstractTransferListenerAdapter - Downloaded https://repo.maven.apache.org/maven2/org/springframework/spring-framework-bom/6.1.1/spring-framework-bom-6.1.1.pom
2024-05-29 14:18:42,905 [Worker-25: Building] INFO  o.e.m.c.i.e.AbstractTransferListenerAdapter - Downloading https://repo.maven.apache.org/maven2/org/springframework/integration/spring-integration-bom/6.2.0/spring-integration-bom-6.2.0.pom
2024-05-29 14:18:42,915 [Worker-25: Building] INFO  o.e.m.c.i.e.AbstractTransferListenerAdapter - Downloaded https://repo.maven.apache.org/maven2/org/springframework/integration/spring-integration-bom/6.2.0/spring-integration-bom-6.2.0.pom
2024-05-29 14:18:42,963 [Worker-25: Building] INFO  o.e.m.c.i.e.AbstractTransferListenerAdapter - Downloading https://repo.maven.apache.org/maven2/org/springframework/security/spring-security-bom/6.2.0/spring-security-bom-6.2.0.pom
2024-05-29 14:18:42,966 [Worker-25: Building] INFO  o.e.m.c.i.e.AbstractTransferListenerAdapter - Downloaded https://repo.maven.apache.org/maven2/org/springframework/security/spring-security-bom/6.2.0/spring-security-bom-6.2.0.pom
2024-05-29 14:18:43,003 [Worker-25: Building] INFO  o.e.m.c.i.e.AbstractTransferListenerAdapter - Downloading https://repo.maven.apache.org/maven2/org/springframework/session/spring-session-bom/3.2.0/spring-session-bom-3.2.0.pom
2024-05-29 14:18:43,010 [Worker-25: Building] INFO  o.e.m.c.i.e.AbstractTransferListenerAdapter - Downloaded https://repo.maven.apache.org/maven2/org/springframework/session/spring-session-bom/3.2.0/spring-session-bom-3.2.0.pom
2024-05-29 14:18:43,056 [Worker-25: Building] INFO  o.e.m.c.i.e.AbstractTransferListenerAdapter - Downloading https://repo.maven.apache.org/maven2/org/springframework/ws/spring-ws-bom/4.0.8/spring-ws-bom-4.0.8.pom
2024-05-29 14:18:43,063 [Worker-25: Building] INFO  o.e.m.c.i.e.AbstractTransferListenerAdapter - Downloaded https://repo.maven.apache.org/maven2/org/springframework/ws/spring-ws-bom/4.0.8/spring-ws-bom-4.0.8.pom
2024-05-29 14:18:43,117 [Worker-25: Building] INFO  o.e.m.c.i.e.AbstractTransferListenerAdapter - Downloading https://repo.maven.apache.org/maven2/org/testcontainers/testcontainers-bom/1.19.3/testcontainers-bom-1.19.3.pom
2024-05-29 14:18:43,121 [Worker-25: Building] INFO  o.e.m.c.i.e.AbstractTransferListenerAdapter - Downloaded https://repo.maven.apache.org/maven2/org/testcontainers/testcontainers-bom/1.19.3/testcontainers-bom-1.19.3.pom
2024-05-29 14:18:43,163 [Worker-25: Building] INFO  o.e.m.c.i.e.AbstractTransferListenerAdapter - Downloading https://repo.maven.apache.org/maven2/com/okta/spring/okta-spring-security-oauth2/3.0.6/okta-spring-security-oauth2-3.0.6.pom
2024-05-29 14:18:43,168 [Worker-25: Building] INFO  o.e.m.c.i.e.AbstractTransferListenerAdapter - Downloaded https://repo.maven.apache.org/maven2/com/okta/spring/okta-spring-security-oauth2/3.0.6/okta-spring-security-oauth2-3.0.6.pom
2024-05-29 14:18:43,253 [Worker-25: Building] INFO  o.e.m.c.i.e.AbstractTransferListenerAdapter - Downloading https://repo.maven.apache.org/maven2/com/okta/commons/okta-config-check/1.3.3/okta-config-check-1.3.3.pom
2024-05-29 14:18:43,259 [Worker-25: Building] INFO  o.e.m.c.i.e.AbstractTransferListenerAdapter - Downloaded https://repo.maven.apache.org/maven2/com/okta/commons/okta-config-check/1.3.3/okta-config-check-1.3.3.pom
2024-05-29 14:18:43,305 [Worker-25: Building] INFO  o.e.m.c.i.e.AbstractTransferListenerAdapter - Downloading https://repo.maven.apache.org/maven2/com/okta/commons/okta-commons-root/1.3.3/okta-commons-root-1.3.3.pom
2024-05-29 14:18:43,309 [Worker-25: Building] INFO  o.e.m.c.i.e.AbstractTransferListenerAdapter - Downloaded https://repo.maven.apache.org/maven2/com/okta/commons/okta-commons-root/1.3.3/okta-commons-root-1.3.3.pom
2024-05-29 14:18:43,350 [Worker-25: Building] INFO  o.e.m.c.i.e.AbstractTransferListenerAdapter - Downloading https://repo.maven.apache.org/maven2/com/okta/okta-parent/27/okta-parent-27.pom
2024-05-29 14:18:43,361 [Worker-25: Building] INFO  o.e.m.c.i.e.AbstractTransferListenerAdapter - Downloaded https://repo.maven.apache.org/maven2/com/okta/okta-parent/27/okta-parent-27.pom
2024-05-29 14:18:43,421 [Worker-25: Building] INFO  o.e.m.c.i.e.AbstractTransferListenerAdapter - Downloading https://repo.maven.apache.org/maven2/com/okta/okta-aggregator/27/okta-aggregator-27.pom
2024-05-29 14:18:43,430 [Worker-25: Building] INFO  o.e.m.c.i.e.AbstractTransferListenerAdapter - Downloaded https://repo.maven.apache.org/maven2/com/okta/okta-aggregator/27/okta-aggregator-27.pom
2024-05-29 14:18:43,483 [Worker-25: Building] INFO  o.e.m.c.i.e.AbstractTransferListenerAdapter - Downloading https://repo.maven.apache.org/maven2/com/okta/commons/okta-commons-lang/1.3.3/okta-commons-lang-1.3.3.pom
2024-05-29 14:18:43,487 [Worker-25: Building] INFO  o.e.m.c.i.e.AbstractTransferListenerAdapter - Downloaded https://repo.maven.apache.org/maven2/com/okta/commons/okta-commons-lang/1.3.3/okta-commons-lang-1.3.3.pom
2024-05-29 14:18:43,801 [Worker-25: Building] INFO  o.e.m.c.i.e.AbstractTransferListenerAdapter - Downloading https://repo.maven.apache.org/maven2/com/okta/spring/okta-spring-sdk/3.0.6/okta-spring-sdk-3.0.6.pom
2024-05-29 14:18:43,806 [Worker-25: Building] INFO  o.e.m.c.i.e.AbstractTransferListenerAdapter - Downloaded https://repo.maven.apache.org/maven2/com/okta/spring/okta-spring-sdk/3.0.6/okta-spring-sdk-3.0.6.pom
2024-05-29 14:18:44,061 [Worker-25: Building] INFO  o.e.m.c.i.e.AbstractTransferListenerAdapter - Downloading https://repo.maven.apache.org/maven2/com/okta/spring/okta-spring-boot-starter/3.0.6/okta-spring-boot-starter-3.0.6.jar
2024-05-29 14:18:44,075 [Worker-25: Building] INFO  o.e.m.c.i.e.AbstractTransferListenerAdapter - Downloaded https://repo.maven.apache.org/maven2/com/okta/spring/okta-spring-boot-starter/3.0.6/okta-spring-boot-starter-3.0.6.jar
2024-05-29 14:18:44,100 [BasicRepositoryConnector-repo.maven.apache.org-0-0] INFO  o.e.m.c.i.e.AbstractTransferListenerAdapter - Downloading https://repo.maven.apache.org/maven2/com/okta/spring/okta-spring-security-oauth2/3.0.6/okta-spring-security-oauth2-3.0.6.jar
2024-05-29 14:18:44,115 [BasicRepositoryConnector-repo.maven.apache.org-0-0] INFO  o.e.m.c.i.e.AbstractTransferListenerAdapter - Downloaded https://repo.maven.apache.org/maven2/com/okta/spring/okta-spring-security-oauth2/3.0.6/okta-spring-security-oauth2-3.0.6.jar
2024-05-29 14:18:44,157 [BasicRepositoryConnector-repo.maven.apache.org-0-2] INFO  o.e.m.c.i.e.AbstractTransferListenerAdapter - Downloading https://repo.maven.apache.org/maven2/com/okta/commons/okta-commons-lang/1.3.3/okta-commons-lang-1.3.3.jar
2024-05-29 14:18:44,172 [BasicRepositoryConnector-repo.maven.apache.org-0-3] INFO  o.e.m.c.i.e.AbstractTransferListenerAdapter - Downloading https://repo.maven.apache.org/maven2/com/okta/spring/okta-spring-sdk/3.0.6/okta-spring-sdk-3.0.6.jar
2024-05-29 14:18:44,174 [BasicRepositoryConnector-repo.maven.apache.org-0-1] INFO  o.e.m.c.i.e.AbstractTransferListenerAdapter - Downloading https://repo.maven.apache.org/maven2/com/okta/commons/okta-config-check/1.3.3/okta-config-check-1.3.3.jar
2024-05-29 14:18:44,184 [BasicRepositoryConnector-repo.maven.apache.org-0-3] INFO  o.e.m.c.i.e.AbstractTransferListenerAdapter - Downloaded https://repo.maven.apache.org/maven2/com/okta/spring/okta-spring-sdk/3.0.6/okta-spring-sdk-3.0.6.jar
2024-05-29 14:18:44,188 [BasicRepositoryConnector-repo.maven.apache.org-0-2] INFO  o.e.m.c.i.e.AbstractTransferListenerAdapter - Downloaded https://repo.maven.apache.org/maven2/com/okta/commons/okta-commons-lang/1.3.3/okta-commons-lang-1.3.3.jar
2024-05-29 14:18:44,188 [BasicRepositoryConnector-repo.maven.apache.org-0-1] INFO  o.e.m.c.i.e.AbstractTransferListenerAdapter - Downloaded https://repo.maven.apache.org/maven2/com/okta/commons/okta-config-check/1.3.3/okta-config-check-1.3.3.jar
2024-05-29 14:18:45,922 [Worker-25: Building] INFO  o.a.m.s.f.DefaultMavenResourcesFiltering - Copying 1 resource from src\main\resources to target\classes
2024-05-29 14:18:46,261 [Worker-25: Building] INFO  o.a.m.s.f.DefaultMavenResourcesFiltering - Copying 0 resource from src\main\resources to target\classes
2024-05-29 14:18:46,271 [Worker-25: Building] INFO  o.a.m.s.f.DefaultMavenResourcesFiltering - skip non existing resourceDirectory C:\Users\USER\Desktop\react project\library-app\02-backend\spring-boot-library\src\test\resources
2024-05-29 14:18:46,630 [Worker-29: Download sources and javadoc] INFO  o.e.m.c.i.e.AbstractTransferListenerAdapter - Downloaded https://repo.maven.apache.org/maven2/com/okta/spring/okta-spring-boot-starter/3.0.6/okta-spring-boot-starter-3.0.6-sources.jar
2024-05-29 14:18:46,636 [Worker-29: Download sources and javadoc] ERROR o.e.m.j.internal.DownloadSourcesJob - Could not download sources for com.okta.spring:okta-spring-boot-starter:3.0.6
org.eclipse.core.runtime.CoreException: Could not resolve artifact com.okta.spring:okta-spring-boot-starter:jar:sources:3.0.6
	at org.eclipse.m2e.core.internal.embedder.MavenImpl.lambda$6(MavenImpl.java:584)
	at org.eclipse.m2e.core.internal.embedder.MavenExecutionContext.executeBare(MavenExecutionContext.java:394)
	at org.eclipse.m2e.core.internal.embedder.MavenExecutionContext.execute(MavenExecutionContext.java:228)
	at org.eclipse.m2e.core.internal.embedder.MavenExecutionContext.execute(MavenExecutionContext.java:214)
	at org.eclipse.m2e.core.internal.embedder.MavenImpl.resolve(MavenImpl.java:553)
	at org.eclipse.m2e.core.internal.embedder.MavenImpl.resolve(MavenImpl.java:538)
	at org.eclipse.m2e.jdt.internal.DownloadSourcesJob.download(DownloadSourcesJob.java:308)
	at org.eclipse.m2e.jdt.internal.DownloadSourcesJob.downloadAttachments(DownloadSourcesJob.java:282)
	at org.eclipse.m2e.jdt.internal.DownloadSourcesJob.downloadMaven(DownloadSourcesJob.java:252)
	at org.eclipse.m2e.jdt.internal.DownloadSourcesJob.downloadFilesAndPopulateToUpdate(DownloadSourcesJob.java:220)
	at org.eclipse.m2e.jdt.internal.DownloadSourcesJob.lambda$0(DownloadSourcesJob.java:149)
	at org.eclipse.m2e.core.internal.embedder.MavenExecutionContext.executeBare(MavenExecutionContext.java:394)
	at org.eclipse.m2e.core.internal.embedder.MavenExecutionContext.execute(MavenExecutionContext.java:275)
	at org.eclipse.m2e.core.internal.embedder.MavenExecutionContext.execute(MavenExecutionContext.java:214)
	at org.eclipse.m2e.core.embedder.IMaven.execute(IMaven.java:294)
	at org.eclipse.m2e.jdt.internal.DownloadSourcesJob.run(DownloadSourcesJob.java:149)
	at org.eclipse.core.internal.jobs.Worker.run(Worker.java:63)
2024-05-29 14:18:46,820 [Worker-29: Download sources and javadoc] INFO  o.e.m.c.i.e.AbstractTransferListenerAdapter - Downloading https://repo.maven.apache.org/maven2/com/okta/spring/okta-spring-security-oauth2/3.0.6/okta-spring-security-oauth2-3.0.6-sources.jar
2024-05-29 14:18:46,845 [Worker-29: Download sources and javadoc] INFO  o.e.m.c.i.e.AbstractTransferListenerAdapter - Downloaded https://repo.maven.apache.org/maven2/com/okta/spring/okta-spring-security-oauth2/3.0.6/okta-spring-security-oauth2-3.0.6-sources.jar
2024-05-29 14:18:46,851 [Worker-29: Download sources and javadoc] INFO  o.e.m.j.internal.DownloadSourcesJob - Downloaded sources for com.okta.spring:okta-spring-security-oauth2:3.0.6
2024-05-29 14:18:46,938 [Worker-29: Download sources and javadoc] INFO  o.e.m.c.i.e.AbstractTransferListenerAdapter - Downloading https://repo.maven.apache.org/maven2/com/okta/commons/okta-config-check/1.3.3/okta-config-check-1.3.3-sources.jar
2024-05-29 14:18:46,944 [Worker-29: Download sources and javadoc] INFO  o.e.m.c.i.e.AbstractTransferListenerAdapter - Downloaded https://repo.maven.apache.org/maven2/com/okta/commons/okta-config-check/1.3.3/okta-config-check-1.3.3-sources.jar
2024-05-29 14:18:46,950 [Worker-29: Download sources and javadoc] INFO  o.e.m.j.internal.DownloadSourcesJob - Downloaded sources for com.okta.commons:okta-config-check:1.3.3
2024-05-29 14:18:47,142 [Worker-29: Download sources and javadoc] INFO  o.e.m.c.i.e.AbstractTransferListenerAdapter - Downloading https://repo.maven.apache.org/maven2/com/okta/commons/okta-commons-lang/1.3.3/okta-commons-lang-1.3.3-sources.jar
2024-05-29 14:18:47,152 [Worker-29: Download sources and javadoc] INFO  o.e.m.c.i.e.AbstractTransferListenerAdapter - Downloaded https://repo.maven.apache.org/maven2/com/okta/commons/okta-commons-lang/1.3.3/okta-commons-lang-1.3.3-sources.jar
2024-05-29 14:18:47,158 [Worker-29: Download sources and javadoc] INFO  o.e.m.j.internal.DownloadSourcesJob - Downloaded sources for com.okta.commons:okta-commons-lang:1.3.3
2024-05-29 14:18:47,241 [Worker-29: Download sources and javadoc] INFO  o.e.m.c.i.e.AbstractTransferListenerAdapter - Downloading https://repo.maven.apache.org/maven2/com/okta/spring/okta-spring-sdk/3.0.6/okta-spring-sdk-3.0.6-sources.jar
2024-05-29 14:18:47,251 [Worker-29: Download sources and javadoc] INFO  o.e.m.c.i.e.AbstractTransferListenerAdapter - Downloaded https://repo.maven.apache.org/maven2/com/okta/spring/okta-spring-sdk/3.0.6/okta-spring-sdk-3.0.6-sources.jar
2024-05-29 14:18:47,260 [Worker-29: Download sources and javadoc] INFO  o.e.m.j.internal.DownloadSourcesJob - Downloaded sources for com.okta.spring:okta-spring-sdk:3.0.6
2024-05-29 14:18:48,259 [Worker-26: Updating Maven Project] INFO  o.e.m.c.i.p.ProjectConfigurationManager - Update started
2024-05-29 14:18:48,742 [Worker-26: Updating Maven Project] INFO  o.e.m.c.i.l.LifecycleMappingFactory - Using org.eclipse.m2e.jdt.JarLifecycleMapping lifecycle mapping for MavenProject: com.snccreations:spring-boot-library:2.7.3 @ C:\Users\USER\Desktop\react project\library-app\02-backend\spring-boot-library\pom.xml.
2024-05-29 14:18:49,802 [Worker-26: Updating Maven Project] INFO  o.e.m.j.i.AbstractJavaProjectConfigurator - Adding source folder /spring-boot-library/src/main/java
2024-05-29 14:18:49,802 [Worker-26: Updating Maven Project] INFO  o.e.m.j.i.AbstractJavaProjectConfigurator - Adding resource folder /spring-boot-library/src/main/resources
2024-05-29 14:18:49,802 [Worker-26: Updating Maven Project] INFO  o.e.m.j.i.AbstractJavaProjectConfigurator - Adding resource folder /spring-boot-library/src/main/resources
2024-05-29 14:18:49,804 [Worker-26: Updating Maven Project] INFO  o.e.m.j.i.AbstractJavaProjectConfigurator - Adding source folder /spring-boot-library/src/test/java
2024-05-29 14:18:49,804 [Worker-26: Updating Maven Project] INFO  o.e.m.j.i.AbstractJavaProjectConfigurator - Adding resource folder /spring-boot-library/src/test/resources
2024-05-29 14:18:51,018 [Worker-26: Updating Maven Project] INFO  o.e.m.c.i.p.ProjectConfigurationManager - Update completed for 1 poms: local refresh takes 0.00 sec, refresh facades takes 1.00 sec, update config takes 1.00 sec 
2024-05-29 14:18:51,029 [Worker-21: Download sources and javadoc] INFO  o.e.m.c.i.e.AbstractTransferListenerAdapter - Downloaded https://repo.maven.apache.org/maven2/com/okta/spring/okta-spring-boot-starter/3.0.6/okta-spring-boot-starter-3.0.6-javadoc.jar
2024-05-29 14:18:51,033 [Worker-21: Download sources and javadoc] ERROR o.e.m.j.internal.DownloadSourcesJob - Could not download javadoc for com.okta.spring:okta-spring-boot-starter:3.0.6
org.eclipse.core.runtime.CoreException: Could not resolve artifact com.okta.spring:okta-spring-boot-starter:jar:javadoc:3.0.6
	at org.eclipse.m2e.core.internal.embedder.MavenImpl.lambda$6(MavenImpl.java:584)
	at org.eclipse.m2e.core.internal.embedder.MavenExecutionContext.executeBare(MavenExecutionContext.java:394)
	at org.eclipse.m2e.core.internal.embedder.MavenExecutionContext.execute(MavenExecutionContext.java:228)
	at org.eclipse.m2e.core.internal.embedder.MavenExecutionContext.execute(MavenExecutionContext.java:214)
	at org.eclipse.m2e.core.internal.embedder.MavenImpl.resolve(MavenImpl.java:553)
	at org.eclipse.m2e.core.internal.embedder.MavenImpl.resolve(MavenImpl.java:538)
	at org.eclipse.m2e.jdt.internal.DownloadSourcesJob.download(DownloadSourcesJob.java:308)
	at org.eclipse.m2e.jdt.internal.DownloadSourcesJob.downloadAttachments(DownloadSourcesJob.java:294)
	at org.eclipse.m2e.jdt.internal.DownloadSourcesJob.downloadMaven(DownloadSourcesJob.java:252)
	at org.eclipse.m2e.jdt.internal.DownloadSourcesJob.downloadFilesAndPopulateToUpdate(DownloadSourcesJob.java:220)
	at org.eclipse.m2e.jdt.internal.DownloadSourcesJob.lambda$0(DownloadSourcesJob.java:149)
	at org.eclipse.m2e.core.internal.embedder.MavenExecutionContext.executeBare(MavenExecutionContext.java:394)
	at org.eclipse.m2e.core.internal.embedder.MavenExecutionContext.execute(MavenExecutionContext.java:275)
	at org.eclipse.m2e.core.internal.embedder.MavenExecutionContext.execute(MavenExecutionContext.java:214)
	at org.eclipse.m2e.core.embedder.IMaven.execute(IMaven.java:294)
	at org.eclipse.m2e.jdt.internal.DownloadSourcesJob.run(DownloadSourcesJob.java:149)
	at org.eclipse.core.internal.jobs.Worker.run(Worker.java:63)
2024-05-29 14:18:51,804 [Worker-25: Building] INFO  o.a.m.s.f.DefaultMavenResourcesFiltering - Copying 1 resource from src\main\resources to target\classes
2024-05-29 14:18:51,838 [Worker-25: Building] INFO  o.a.m.s.f.DefaultMavenResourcesFiltering - Copying 0 resource from src\main\resources to target\classes
2024-05-29 14:18:51,847 [Worker-25: Building] INFO  o.a.m.s.f.DefaultMavenResourcesFiltering - skip non existing resourceDirectory C:\Users\USER\Desktop\react project\library-app\02-backend\spring-boot-library\src\test\resources
2024-05-29 14:23:14,146 [Worker-33: Building] INFO  o.a.m.s.f.DefaultMavenResourcesFiltering - Copying 1 resource from src\main\resources to target\classes
2024-05-29 14:23:14,159 [Worker-33: Building] INFO  o.a.m.s.f.DefaultMavenResourcesFiltering - Copying 0 resource from src\main\resources to target\classes
2024-05-29 14:23:14,165 [Worker-33: Building] INFO  o.a.m.s.f.DefaultMavenResourcesFiltering - skip non existing resourceDirectory C:\Users\USER\Desktop\react project\library-app\02-backend\spring-boot-library\src\test\resources
2024-05-29 14:35:40,658 [Worker-37: Building] INFO  o.a.m.s.f.DefaultMavenResourcesFiltering - Copying 1 resource from src\main\resources to target\classes
2024-05-29 14:35:40,671 [Worker-37: Building] INFO  o.a.m.s.f.DefaultMavenResourcesFiltering - Copying 0 resource from src\main\resources to target\classes
2024-05-29 14:35:40,676 [Worker-37: Building] INFO  o.a.m.s.f.DefaultMavenResourcesFiltering - skip non existing resourceDirectory C:\Users\USER\Desktop\react project\library-app\02-backend\spring-boot-library\src\test\resources
2024-05-29 14:37:14,429 [Worker-34: Building] INFO  o.a.m.s.f.DefaultMavenResourcesFiltering - Copying 1 resource from src\main\resources to target\classes
2024-05-29 14:37:14,468 [Worker-34: Building] INFO  o.a.m.s.f.DefaultMavenResourcesFiltering - Copying 0 resource from src\main\resources to target\classes
2024-05-29 14:37:14,504 [Worker-34: Building] INFO  o.a.m.s.f.DefaultMavenResourcesFiltering - skip non existing resourceDirectory C:\Users\USER\Desktop\react project\library-app\02-backend\spring-boot-library\src\test\resources
2024-05-29 14:37:58,787 [Worker-40: Building] INFO  o.a.m.s.f.DefaultMavenResourcesFiltering - Copying 1 resource from src\main\resources to target\classes
2024-05-29 14:37:58,797 [Worker-40: Building] INFO  o.a.m.s.f.DefaultMavenResourcesFiltering - Copying 0 resource from src\main\resources to target\classes
2024-05-29 14:37:58,804 [Worker-40: Building] INFO  o.a.m.s.f.DefaultMavenResourcesFiltering - skip non existing resourceDirectory C:\Users\USER\Desktop\react project\library-app\02-backend\spring-boot-library\src\test\resources
2024-05-29 14:38:06,622 [Worker-28: Building] INFO  o.a.m.s.f.DefaultMavenResourcesFiltering - Copying 1 resource from src\main\resources to target\classes
2024-05-29 14:38:06,633 [Worker-28: Building] INFO  o.a.m.s.f.DefaultMavenResourcesFiltering - Copying 0 resource from src\main\resources to target\classes
2024-05-29 14:38:06,638 [Worker-28: Building] INFO  o.a.m.s.f.DefaultMavenResourcesFiltering - skip non existing resourceDirectory C:\Users\USER\Desktop\react project\library-app\02-backend\spring-boot-library\src\test\resources
2024-05-29 14:42:47,901 [Worker-42: Building] INFO  o.a.m.s.f.DefaultMavenResourcesFiltering - Copying 1 resource from src\main\resources to target\classes
2024-05-29 14:42:47,914 [Worker-42: Building] INFO  o.a.m.s.f.DefaultMavenResourcesFiltering - Copying 0 resource from src\main\resources to target\classes
2024-05-29 14:42:47,920 [Worker-42: Building] INFO  o.a.m.s.f.DefaultMavenResourcesFiltering - skip non existing resourceDirectory C:\Users\USER\Desktop\react project\library-app\02-backend\spring-boot-library\src\test\resources
2024-05-29 14:44:09,273 [Worker-44: Building] INFO  o.a.m.s.f.DefaultMavenResourcesFiltering - Copying 1 resource from src\main\resources to target\classes
2024-05-29 14:44:09,303 [Worker-44: Building] INFO  o.a.m.s.f.DefaultMavenResourcesFiltering - Copying 0 resource from src\main\resources to target\classes
2024-05-29 14:44:09,318 [Worker-44: Building] INFO  o.a.m.s.f.DefaultMavenResourcesFiltering - skip non existing resourceDirectory C:\Users\USER\Desktop\react project\library-app\02-backend\spring-boot-library\src\test\resources
2024-05-29 14:50:56,542 [Worker-49: Building] INFO  o.a.m.s.f.DefaultMavenResourcesFiltering - Copying 1 resource from src\main\resources to target\classes
2024-05-29 14:50:56,556 [Worker-49: Building] INFO  o.a.m.s.f.DefaultMavenResourcesFiltering - Copying 0 resource from src\main\resources to target\classes
2024-05-29 14:50:56,563 [Worker-49: Building] INFO  o.a.m.s.f.DefaultMavenResourcesFiltering - skip non existing resourceDirectory C:\Users\USER\Desktop\react project\library-app\02-backend\spring-boot-library\src\test\resources
2024-05-29 14:51:34,645 [Worker-28: Building] INFO  o.a.m.s.f.DefaultMavenResourcesFiltering - Copying 1 resource from src\main\resources to target\classes
2024-05-29 14:51:34,654 [Worker-28: Building] INFO  o.a.m.s.f.DefaultMavenResourcesFiltering - Copying 0 resource from src\main\resources to target\classes
2024-05-29 14:51:34,658 [Worker-28: Building] INFO  o.a.m.s.f.DefaultMavenResourcesFiltering - skip non existing resourceDirectory C:\Users\USER\Desktop\react project\library-app\02-backend\spring-boot-library\src\test\resources
2024-05-29 14:52:58,461 [Worker-51: Building] INFO  o.a.m.s.f.DefaultMavenResourcesFiltering - Copying 1 resource from src\main\resources to target\classes
2024-05-29 14:52:58,472 [Worker-51: Building] INFO  o.a.m.s.f.DefaultMavenResourcesFiltering - Copying 0 resource from src\main\resources to target\classes
2024-05-29 14:52:58,479 [Worker-51: Building] INFO  o.a.m.s.f.DefaultMavenResourcesFiltering - skip non existing resourceDirectory C:\Users\USER\Desktop\react project\library-app\02-backend\spring-boot-library\src\test\resources
2024-05-29 14:53:54,176 [Worker-49: Updating Maven Project] INFO  o.e.m.c.i.p.ProjectConfigurationManager - Update started
2024-05-29 14:53:54,720 [Worker-49: Updating Maven Project] INFO  o.e.m.c.i.l.LifecycleMappingFactory - Using org.eclipse.m2e.jdt.JarLifecycleMapping lifecycle mapping for MavenProject: com.snccreations:spring-boot-library:2.7.3 @ C:\Users\USER\Desktop\react project\library-app\02-backend\spring-boot-library\pom.xml.
2024-05-29 14:53:55,656 [Worker-49: Updating Maven Project] INFO  o.e.m.j.i.AbstractJavaProjectConfigurator - Adding source folder /spring-boot-library/src/main/java
2024-05-29 14:53:55,656 [Worker-49: Updating Maven Project] INFO  o.e.m.j.i.AbstractJavaProjectConfigurator - Adding resource folder /spring-boot-library/src/main/resources
2024-05-29 14:53:55,656 [Worker-49: Updating Maven Project] INFO  o.e.m.j.i.AbstractJavaProjectConfigurator - Adding resource folder /spring-boot-library/src/main/resources
2024-05-29 14:53:55,657 [Worker-49: Updating Maven Project] INFO  o.e.m.j.i.AbstractJavaProjectConfigurator - Adding source folder /spring-boot-library/src/test/java
2024-05-29 14:53:55,657 [Worker-49: Updating Maven Project] INFO  o.e.m.j.i.AbstractJavaProjectConfigurator - Adding resource folder /spring-boot-library/src/test/resources
2024-05-29 14:53:56,568 [Worker-49: Updating Maven Project] INFO  o.e.m.c.i.p.ProjectConfigurationManager - Update completed for 1 poms: local refresh takes 0.00 sec, refresh facades takes 1.00 sec, update config takes 0.00 sec 
2024-05-29 14:53:57,418 [Worker-42: Building] INFO  o.a.m.s.f.DefaultMavenResourcesFiltering - Copying 1 resource from src\main\resources to target\classes
2024-05-29 14:53:57,448 [Worker-42: Building] INFO  o.a.m.s.f.DefaultMavenResourcesFiltering - Copying 0 resource from src\main\resources to target\classes
2024-05-29 14:53:57,453 [Worker-42: Building] INFO  o.a.m.s.f.DefaultMavenResourcesFiltering - skip non existing resourceDirectory C:\Users\USER\Desktop\react project\library-app\02-backend\spring-boot-library\src\test\resources
2024-05-29 14:57:45,969 [Worker-66: Building] INFO  o.a.m.s.f.DefaultMavenResourcesFiltering - Copying 1 resource from src\main\resources to target\classes
2024-05-29 14:57:45,979 [Worker-66: Building] INFO  o.a.m.s.f.DefaultMavenResourcesFiltering - Copying 0 resource from src\main\resources to target\classes
2024-05-29 14:57:45,983 [Worker-66: Building] INFO  o.a.m.s.f.DefaultMavenResourcesFiltering - skip non existing resourceDirectory C:\Users\USER\Desktop\react project\library-app\02-backend\spring-boot-library\src\test\resources
2024-05-29 14:58:08,537 [Worker-67: Building] INFO  o.a.m.s.f.DefaultMavenResourcesFiltering - Copying 1 resource from src\main\resources to target\classes
2024-05-29 14:58:08,552 [Worker-67: Building] INFO  o.a.m.s.f.DefaultMavenResourcesFiltering - Copying 0 resource from src\main\resources to target\classes
2024-05-29 14:58:08,559 [Worker-67: Building] INFO  o.a.m.s.f.DefaultMavenResourcesFiltering - skip non existing resourceDirectory C:\Users\USER\Desktop\react project\library-app\02-backend\spring-boot-library\src\test\resources
2024-05-29 14:59:52,789 [Worker-65: Building] INFO  o.a.m.s.f.DefaultMavenResourcesFiltering - Copying 1 resource from src\main\resources to target\classes
2024-05-29 14:59:52,809 [Worker-65: Building] INFO  o.a.m.s.f.DefaultMavenResourcesFiltering - Copying 0 resource from src\main\resources to target\classes
2024-05-29 14:59:52,821 [Worker-65: Building] INFO  o.a.m.s.f.DefaultMavenResourcesFiltering - skip non existing resourceDirectory C:\Users\USER\Desktop\react project\library-app\02-backend\spring-boot-library\src\test\resources
2024-05-29 15:00:41,648 [Worker-65: Building] INFO  o.a.m.s.f.DefaultMavenResourcesFiltering - Copying 1 resource from src\main\resources to target\classes
2024-05-29 15:00:41,654 [Worker-65: Building] INFO  o.a.m.s.f.DefaultMavenResourcesFiltering - Copying 0 resource from src\main\resources to target\classes
2024-05-29 15:00:41,658 [Worker-65: Building] INFO  o.a.m.s.f.DefaultMavenResourcesFiltering - skip non existing resourceDirectory C:\Users\USER\Desktop\react project\library-app\02-backend\spring-boot-library\src\test\resources
2024-05-29 15:00:56,723 [Worker-65: Building] INFO  o.a.m.s.f.DefaultMavenResourcesFiltering - Copying 1 resource from src\main\resources to target\classes
2024-05-29 15:00:56,732 [Worker-65: Building] INFO  o.a.m.s.f.DefaultMavenResourcesFiltering - Copying 0 resource from src\main\resources to target\classes
2024-05-29 15:00:56,737 [Worker-65: Building] INFO  o.a.m.s.f.DefaultMavenResourcesFiltering - skip non existing resourceDirectory C:\Users\USER\Desktop\react project\library-app\02-backend\spring-boot-library\src\test\resources
2024-05-29 15:02:57,332 [Worker-74: Building] INFO  o.a.m.s.f.DefaultMavenResourcesFiltering - Copying 1 resource from src\main\resources to target\classes
2024-05-29 15:02:57,341 [Worker-74: Building] INFO  o.a.m.s.f.DefaultMavenResourcesFiltering - Copying 0 resource from src\main\resources to target\classes
2024-05-29 15:02:57,348 [Worker-74: Building] INFO  o.a.m.s.f.DefaultMavenResourcesFiltering - skip non existing resourceDirectory C:\Users\USER\Desktop\react project\library-app\02-backend\spring-boot-library\src\test\resources
2024-05-29 15:04:33,564 [Worker-73: Building] INFO  o.a.m.s.f.DefaultMavenResourcesFiltering - Copying 1 resource from src\main\resources to target\classes
2024-05-29 15:04:33,573 [Worker-73: Building] INFO  o.a.m.s.f.DefaultMavenResourcesFiltering - Copying 0 resource from src\main\resources to target\classes
2024-05-29 15:04:33,579 [Worker-73: Building] INFO  o.a.m.s.f.DefaultMavenResourcesFiltering - skip non existing resourceDirectory C:\Users\USER\Desktop\react project\library-app\02-backend\spring-boot-library\src\test\resources
2024-05-29 15:05:42,487 [Worker-80: Building] INFO  o.a.m.s.f.DefaultMavenResourcesFiltering - Copying 1 resource from src\main\resources to target\classes
2024-05-29 15:05:42,505 [Worker-80: Building] INFO  o.a.m.s.f.DefaultMavenResourcesFiltering - Copying 0 resource from src\main\resources to target\classes
2024-05-29 15:05:42,510 [Worker-80: Building] INFO  o.a.m.s.f.DefaultMavenResourcesFiltering - skip non existing resourceDirectory C:\Users\USER\Desktop\react project\library-app\02-backend\spring-boot-library\src\test\resources
2024-05-29 15:07:27,900 [Worker-76: Building] INFO  o.a.m.s.f.DefaultMavenResourcesFiltering - Copying 1 resource from src\main\resources to target\classes
2024-05-29 15:07:27,921 [Worker-76: Building] INFO  o.a.m.s.f.DefaultMavenResourcesFiltering - Copying 0 resource from src\main\resources to target\classes
2024-05-29 15:07:27,925 [Worker-76: Building] INFO  o.a.m.s.f.DefaultMavenResourcesFiltering - skip non existing resourceDirectory C:\Users\USER\Desktop\react project\library-app\02-backend\spring-boot-library\src\test\resources
2024-05-29 15:16:43,776 [Worker-84: Building] INFO  o.a.m.s.f.DefaultMavenResourcesFiltering - Copying 1 resource from src\main\resources to target\classes
2024-05-29 15:16:43,793 [Worker-84: Building] INFO  o.a.m.s.f.DefaultMavenResourcesFiltering - Copying 0 resource from src\main\resources to target\classes
2024-05-29 15:16:43,797 [Worker-84: Building] INFO  o.a.m.s.f.DefaultMavenResourcesFiltering - skip non existing resourceDirectory C:\Users\USER\Desktop\react project\library-app\02-backend\spring-boot-library\src\test\resources
2024-05-29 15:18:08,251 [Worker-77: Building] INFO  o.a.m.s.f.DefaultMavenResourcesFiltering - Copying 1 resource from src\main\resources to target\classes
2024-05-29 15:18:08,270 [Worker-77: Building] INFO  o.a.m.s.f.DefaultMavenResourcesFiltering - Copying 0 resource from src\main\resources to target\classes
2024-05-29 15:18:08,279 [Worker-77: Building] INFO  o.a.m.s.f.DefaultMavenResourcesFiltering - skip non existing resourceDirectory C:\Users\USER\Desktop\react project\library-app\02-backend\spring-boot-library\src\test\resources
2024-05-29 15:18:24,789 [Worker-88: Building] INFO  o.a.m.s.f.DefaultMavenResourcesFiltering - Copying 1 resource from src\main\resources to target\classes
2024-05-29 15:18:24,803 [Worker-88: Building] INFO  o.a.m.s.f.DefaultMavenResourcesFiltering - Copying 0 resource from src\main\resources to target\classes
2024-05-29 15:18:24,809 [Worker-88: Building] INFO  o.a.m.s.f.DefaultMavenResourcesFiltering - skip non existing resourceDirectory C:\Users\USER\Desktop\react project\library-app\02-backend\spring-boot-library\src\test\resources
2024-05-29 15:18:33,467 [Worker-87: Building] INFO  o.a.m.s.f.DefaultMavenResourcesFiltering - Copying 1 resource from src\main\resources to target\classes
2024-05-29 15:18:33,505 [Worker-87: Building] INFO  o.a.m.s.f.DefaultMavenResourcesFiltering - Copying 0 resource from src\main\resources to target\classes
2024-05-29 15:18:33,510 [Worker-87: Building] INFO  o.a.m.s.f.DefaultMavenResourcesFiltering - skip non existing resourceDirectory C:\Users\USER\Desktop\react project\library-app\02-backend\spring-boot-library\src\test\resources
2024-05-29 15:18:49,993 [Worker-76: Building] INFO  o.a.m.s.f.DefaultMavenResourcesFiltering - Copying 1 resource from src\main\resources to target\classes
2024-05-29 15:18:50,000 [Worker-76: Building] INFO  o.a.m.s.f.DefaultMavenResourcesFiltering - Copying 0 resource from src\main\resources to target\classes
2024-05-29 15:18:50,004 [Worker-76: Building] INFO  o.a.m.s.f.DefaultMavenResourcesFiltering - skip non existing resourceDirectory C:\Users\USER\Desktop\react project\library-app\02-backend\spring-boot-library\src\test\resources
2024-05-29 15:19:14,106 [Worker-84: Building] INFO  o.a.m.s.f.DefaultMavenResourcesFiltering - Copying 1 resource from src\main\resources to target\classes
2024-05-29 15:19:14,115 [Worker-84: Building] INFO  o.a.m.s.f.DefaultMavenResourcesFiltering - Copying 0 resource from src\main\resources to target\classes
2024-05-29 15:19:14,120 [Worker-84: Building] INFO  o.a.m.s.f.DefaultMavenResourcesFiltering - skip non existing resourceDirectory C:\Users\USER\Desktop\react project\library-app\02-backend\spring-boot-library\src\test\resources
2024-05-29 15:19:35,004 [Worker-88: Building] INFO  o.a.m.s.f.DefaultMavenResourcesFiltering - Copying 1 resource from src\main\resources to target\classes
2024-05-29 15:19:35,013 [Worker-88: Building] INFO  o.a.m.s.f.DefaultMavenResourcesFiltering - Copying 0 resource from src\main\resources to target\classes
2024-05-29 15:19:35,018 [Worker-88: Building] INFO  o.a.m.s.f.DefaultMavenResourcesFiltering - skip non existing resourceDirectory C:\Users\USER\Desktop\react project\library-app\02-backend\spring-boot-library\src\test\resources
2024-05-29 15:19:48,910 [Worker-86: Building] INFO  o.a.m.s.f.DefaultMavenResourcesFiltering - Copying 1 resource from src\main\resources to target\classes
2024-05-29 15:19:48,947 [Worker-86: Building] INFO  o.a.m.s.f.DefaultMavenResourcesFiltering - Copying 0 resource from src\main\resources to target\classes
2024-05-29 15:19:48,954 [Worker-86: Building] INFO  o.a.m.s.f.DefaultMavenResourcesFiltering - skip non existing resourceDirectory C:\Users\USER\Desktop\react project\library-app\02-backend\spring-boot-library\src\test\resources
2024-05-29 15:21:44,185 [Worker-87: Building] INFO  o.a.m.s.f.DefaultMavenResourcesFiltering - Copying 1 resource from src\main\resources to target\classes
2024-05-29 15:21:44,193 [Worker-87: Building] INFO  o.a.m.s.f.DefaultMavenResourcesFiltering - Copying 0 resource from src\main\resources to target\classes
2024-05-29 15:21:44,198 [Worker-87: Building] INFO  o.a.m.s.f.DefaultMavenResourcesFiltering - skip non existing resourceDirectory C:\Users\USER\Desktop\react project\library-app\02-backend\spring-boot-library\src\test\resources
2024-05-29 15:21:49,479 [Worker-84: Building] INFO  o.a.m.s.f.DefaultMavenResourcesFiltering - Copying 1 resource from src\main\resources to target\classes
2024-05-29 15:21:49,491 [Worker-84: Building] INFO  o.a.m.s.f.DefaultMavenResourcesFiltering - Copying 0 resource from src\main\resources to target\classes
2024-05-29 15:21:49,496 [Worker-84: Building] INFO  o.a.m.s.f.DefaultMavenResourcesFiltering - skip non existing resourceDirectory C:\Users\USER\Desktop\react project\library-app\02-backend\spring-boot-library\src\test\resources
2024-05-29 15:25:22,750 [Worker-89: Building] INFO  o.a.m.s.f.DefaultMavenResourcesFiltering - Copying 1 resource from src\main\resources to target\classes
2024-05-29 15:25:22,764 [Worker-89: Building] INFO  o.a.m.s.f.DefaultMavenResourcesFiltering - Copying 0 resource from src\main\resources to target\classes
2024-05-29 15:25:22,772 [Worker-89: Building] INFO  o.a.m.s.f.DefaultMavenResourcesFiltering - skip non existing resourceDirectory C:\Users\USER\Desktop\react project\library-app\02-backend\spring-boot-library\src\test\resources
2024-05-29 15:25:44,839 [Worker-90: Building] INFO  o.a.m.s.f.DefaultMavenResourcesFiltering - Copying 1 resource from src\main\resources to target\classes
2024-05-29 15:25:44,853 [Worker-90: Building] INFO  o.a.m.s.f.DefaultMavenResourcesFiltering - Copying 0 resource from src\main\resources to target\classes
2024-05-29 15:25:44,859 [Worker-90: Building] INFO  o.a.m.s.f.DefaultMavenResourcesFiltering - skip non existing resourceDirectory C:\Users\USER\Desktop\react project\library-app\02-backend\spring-boot-library\src\test\resources
2024-05-29 15:29:49,136 [Worker-89: Building] INFO  o.a.m.s.f.DefaultMavenResourcesFiltering - Copying 1 resource from src\main\resources to target\classes
2024-05-29 15:29:49,149 [Worker-89: Building] INFO  o.a.m.s.f.DefaultMavenResourcesFiltering - Copying 0 resource from src\main\resources to target\classes
2024-05-29 15:29:49,154 [Worker-89: Building] INFO  o.a.m.s.f.DefaultMavenResourcesFiltering - skip non existing resourceDirectory C:\Users\USER\Desktop\react project\library-app\02-backend\spring-boot-library\src\test\resources
2024-05-29 15:30:46,199 [Worker-86: Building] INFO  o.a.m.s.f.DefaultMavenResourcesFiltering - Copying 1 resource from src\main\resources to target\classes
2024-05-29 15:30:46,207 [Worker-86: Building] INFO  o.a.m.s.f.DefaultMavenResourcesFiltering - Copying 0 resource from src\main\resources to target\classes
2024-05-29 15:30:46,211 [Worker-86: Building] INFO  o.a.m.s.f.DefaultMavenResourcesFiltering - skip non existing resourceDirectory C:\Users\USER\Desktop\react project\library-app\02-backend\spring-boot-library\src\test\resources
2024-05-29 15:33:01,931 [Worker-86: Building] INFO  o.a.m.s.f.DefaultMavenResourcesFiltering - Copying 1 resource from src\main\resources to target\classes
2024-05-29 15:33:01,944 [Worker-86: Building] INFO  o.a.m.s.f.DefaultMavenResourcesFiltering - Copying 0 resource from src\main\resources to target\classes
2024-05-29 15:33:01,947 [Worker-86: Building] INFO  o.a.m.s.f.DefaultMavenResourcesFiltering - skip non existing resourceDirectory C:\Users\USER\Desktop\react project\library-app\02-backend\spring-boot-library\src\test\resources
2024-05-29 15:52:59,976 [Worker-94: Building] INFO  o.a.m.s.f.DefaultMavenResourcesFiltering - Copying 1 resource from src\main\resources to target\classes
2024-05-29 15:52:59,993 [Worker-94: Building] INFO  o.a.m.s.f.DefaultMavenResourcesFiltering - Copying 0 resource from src\main\resources to target\classes
2024-05-29 15:52:59,997 [Worker-94: Building] INFO  o.a.m.s.f.DefaultMavenResourcesFiltering - skip non existing resourceDirectory C:\Users\USER\Desktop\react project\library-app\02-backend\spring-boot-library\src\test\resources
2024-05-29 15:56:14,920 [Worker-97: Building] INFO  o.a.m.s.f.DefaultMavenResourcesFiltering - Copying 1 resource from src\main\resources to target\classes
2024-05-29 15:56:14,930 [Worker-97: Building] INFO  o.a.m.s.f.DefaultMavenResourcesFiltering - Copying 0 resource from src\main\resources to target\classes
2024-05-29 15:56:14,935 [Worker-97: Building] INFO  o.a.m.s.f.DefaultMavenResourcesFiltering - skip non existing resourceDirectory C:\Users\USER\Desktop\react project\library-app\02-backend\spring-boot-library\src\test\resources
2024-05-29 15:59:50,456 [Worker-106: Building] INFO  o.a.m.s.f.DefaultMavenResourcesFiltering - Copying 1 resource from src\main\resources to target\classes
2024-05-29 15:59:50,466 [Worker-106: Building] INFO  o.a.m.s.f.DefaultMavenResourcesFiltering - Copying 0 resource from src\main\resources to target\classes
2024-05-29 15:59:50,471 [Worker-106: Building] INFO  o.a.m.s.f.DefaultMavenResourcesFiltering - skip non existing resourceDirectory C:\Users\USER\Desktop\react project\library-app\02-backend\spring-boot-library\src\test\resources
2024-05-29 16:02:10,068 [Worker-107: Building] INFO  o.a.m.s.f.DefaultMavenResourcesFiltering - Copying 1 resource from src\main\resources to target\classes
2024-05-29 16:02:10,077 [Worker-107: Building] INFO  o.a.m.s.f.DefaultMavenResourcesFiltering - Copying 0 resource from src\main\resources to target\classes
2024-05-29 16:02:10,080 [Worker-107: Building] INFO  o.a.m.s.f.DefaultMavenResourcesFiltering - skip non existing resourceDirectory C:\Users\USER\Desktop\react project\library-app\02-backend\spring-boot-library\src\test\resources
2024-05-29 16:04:23,678 [Worker-109: Building] INFO  o.a.m.s.f.DefaultMavenResourcesFiltering - Copying 1 resource from src\main\resources to target\classes
2024-05-29 16:04:23,696 [Worker-109: Building] INFO  o.a.m.s.f.DefaultMavenResourcesFiltering - Copying 0 resource from src\main\resources to target\classes
2024-05-29 16:04:23,736 [Worker-109: Building] INFO  o.a.m.s.f.DefaultMavenResourcesFiltering - skip non existing resourceDirectory C:\Users\USER\Desktop\react project\library-app\02-backend\spring-boot-library\src\test\resources
2024-05-29 16:09:20,175 [Worker-107: Building] INFO  o.a.m.s.f.DefaultMavenResourcesFiltering - Copying 1 resource from src\main\resources to target\classes
2024-05-29 16:09:20,185 [Worker-107: Building] INFO  o.a.m.s.f.DefaultMavenResourcesFiltering - Copying 0 resource from src\main\resources to target\classes
2024-05-29 16:09:20,189 [Worker-107: Building] INFO  o.a.m.s.f.DefaultMavenResourcesFiltering - skip non existing resourceDirectory C:\Users\USER\Desktop\react project\library-app\02-backend\spring-boot-library\src\test\resources
2024-05-29 16:13:07,186 [Worker-104: Building] INFO  o.a.m.s.f.DefaultMavenResourcesFiltering - Copying 1 resource from src\main\resources to target\classes
2024-05-29 16:13:07,192 [Worker-104: Building] INFO  o.a.m.s.f.DefaultMavenResourcesFiltering - Copying 0 resource from src\main\resources to target\classes
2024-05-29 16:13:07,199 [Worker-104: Building] INFO  o.a.m.s.f.DefaultMavenResourcesFiltering - skip non existing resourceDirectory C:\Users\USER\Desktop\react project\library-app\02-backend\spring-boot-library\src\test\resources
2024-05-29 16:15:00,754 [Worker-104: Building] INFO  o.a.m.s.f.DefaultMavenResourcesFiltering - Copying 1 resource from src\main\resources to target\classes
2024-05-29 16:15:00,765 [Worker-104: Building] INFO  o.a.m.s.f.DefaultMavenResourcesFiltering - Copying 0 resource from src\main\resources to target\classes
2024-05-29 16:15:00,768 [Worker-104: Building] INFO  o.a.m.s.f.DefaultMavenResourcesFiltering - skip non existing resourceDirectory C:\Users\USER\Desktop\react project\library-app\02-backend\spring-boot-library\src\test\resources
2024-05-29 16:16:12,936 [Worker-104: Building] INFO  o.a.m.s.f.DefaultMavenResourcesFiltering - Copying 1 resource from src\main\resources to target\classes
2024-05-29 16:16:12,987 [Worker-104: Building] INFO  o.a.m.s.f.DefaultMavenResourcesFiltering - Copying 0 resource from src\main\resources to target\classes
2024-05-29 16:16:13,020 [Worker-104: Building] INFO  o.a.m.s.f.DefaultMavenResourcesFiltering - skip non existing resourceDirectory C:\Users\USER\Desktop\react project\library-app\02-backend\spring-boot-library\src\test\resources
2024-05-29 16:21:26,572 [Worker-111: Building] INFO  o.a.m.s.f.DefaultMavenResourcesFiltering - Copying 1 resource from src\main\resources to target\classes
2024-05-29 16:21:26,582 [Worker-111: Building] INFO  o.a.m.s.f.DefaultMavenResourcesFiltering - Copying 0 resource from src\main\resources to target\classes
2024-05-29 16:21:26,586 [Worker-111: Building] INFO  o.a.m.s.f.DefaultMavenResourcesFiltering - skip non existing resourceDirectory C:\Users\USER\Desktop\react project\library-app\02-backend\spring-boot-library\src\test\resources
2024-05-29 16:22:12,600 [Worker-116: Building] INFO  o.a.m.s.f.DefaultMavenResourcesFiltering - Copying 1 resource from src\main\resources to target\classes
2024-05-29 16:22:12,610 [Worker-116: Building] INFO  o.a.m.s.f.DefaultMavenResourcesFiltering - Copying 0 resource from src\main\resources to target\classes
2024-05-29 16:22:12,614 [Worker-116: Building] INFO  o.a.m.s.f.DefaultMavenResourcesFiltering - skip non existing resourceDirectory C:\Users\USER\Desktop\react project\library-app\02-backend\spring-boot-library\src\test\resources
2024-05-29 16:23:24,673 [Worker-114: Building] INFO  o.a.m.s.f.DefaultMavenResourcesFiltering - Copying 1 resource from src\main\resources to target\classes
2024-05-29 16:23:24,684 [Worker-114: Building] INFO  o.a.m.s.f.DefaultMavenResourcesFiltering - Copying 0 resource from src\main\resources to target\classes
2024-05-29 16:23:24,689 [Worker-114: Building] INFO  o.a.m.s.f.DefaultMavenResourcesFiltering - skip non existing resourceDirectory C:\Users\USER\Desktop\react project\library-app\02-backend\spring-boot-library\src\test\resources
2024-05-29 16:23:31,871 [Worker-118: Building] INFO  o.a.m.s.f.DefaultMavenResourcesFiltering - Copying 1 resource from src\main\resources to target\classes
2024-05-29 16:23:31,879 [Worker-118: Building] INFO  o.a.m.s.f.DefaultMavenResourcesFiltering - Copying 0 resource from src\main\resources to target\classes
2024-05-29 16:23:31,882 [Worker-118: Building] INFO  o.a.m.s.f.DefaultMavenResourcesFiltering - skip non existing resourceDirectory C:\Users\USER\Desktop\react project\library-app\02-backend\spring-boot-library\src\test\resources
2024-05-29 17:29:13,313 [Worker-137: Building] INFO  o.a.m.s.f.DefaultMavenResourcesFiltering - Copying 1 resource from src\main\resources to target\classes
2024-05-29 17:29:13,473 [Worker-137: Building] INFO  o.a.m.s.f.DefaultMavenResourcesFiltering - Copying 0 resource from src\main\resources to target\classes
2024-05-29 17:29:13,482 [Worker-137: Building] INFO  o.a.m.s.f.DefaultMavenResourcesFiltering - skip non existing resourceDirectory C:\Users\USER\Desktop\react project\library-app\02-backend\spring-boot-library\src\test\resources
2024-05-29 17:29:23,697 [Worker-121: Building] INFO  o.a.m.s.f.DefaultMavenResourcesFiltering - Copying 1 resource from src\main\resources to target\classes
2024-05-29 17:29:23,717 [Worker-121: Building] INFO  o.a.m.s.f.DefaultMavenResourcesFiltering - Copying 0 resource from src\main\resources to target\classes
2024-05-29 17:29:23,720 [Worker-121: Building] INFO  o.a.m.s.f.DefaultMavenResourcesFiltering - skip non existing resourceDirectory C:\Users\USER\Desktop\react project\library-app\02-backend\spring-boot-library\src\test\resources
2024-05-29 17:35:29,605 [Worker-137: Building] INFO  o.a.m.s.f.DefaultMavenResourcesFiltering - Copying 1 resource from src\main\resources to target\classes
2024-05-29 17:35:29,615 [Worker-137: Building] INFO  o.a.m.s.f.DefaultMavenResourcesFiltering - Copying 0 resource from src\main\resources to target\classes
2024-05-29 17:35:29,621 [Worker-137: Building] INFO  o.a.m.s.f.DefaultMavenResourcesFiltering - skip non existing resourceDirectory C:\Users\USER\Desktop\react project\library-app\02-backend\spring-boot-library\src\test\resources
2024-05-29 17:35:46,726 [Worker-141: Building] INFO  o.a.m.s.f.DefaultMavenResourcesFiltering - Copying 1 resource from src\main\resources to target\classes
2024-05-29 17:35:46,743 [Worker-141: Building] INFO  o.a.m.s.f.DefaultMavenResourcesFiltering - Copying 0 resource from src\main\resources to target\classes
2024-05-29 17:35:46,750 [Worker-141: Building] INFO  o.a.m.s.f.DefaultMavenResourcesFiltering - skip non existing resourceDirectory C:\Users\USER\Desktop\react project\library-app\02-backend\spring-boot-library\src\test\resources
2024-06-02 11:20:34,313 [Worker-1: Loading available Gradle versions] INFO  o.e.b.c.i.u.g.PublishedGradleVersions - Gradle version information cache is out-of-date. Trying to update.
2024-06-02 11:21:18,809 [Worker-7: Updating Maven Project] INFO  o.e.m.c.i.p.ProjectConfigurationManager - Update started
2024-06-02 11:21:29,054 [Worker-7: Updating Maven Project] INFO  o.e.m.c.i.l.LifecycleMappingFactory - Using org.eclipse.m2e.jdt.JarLifecycleMapping lifecycle mapping for MavenProject: com.snccreations:spring-boot-library:2.7.3 @ C:\Users\USER\Desktop\react project\library-app\02-backend\spring-boot-library\pom.xml.
2024-06-02 11:21:32,191 [Worker-7: Updating Maven Project] INFO  o.e.m.j.i.AbstractJavaProjectConfigurator - Adding source folder /spring-boot-library/src/main/java
2024-06-02 11:21:32,192 [Worker-7: Updating Maven Project] INFO  o.e.m.j.i.AbstractJavaProjectConfigurator - Adding resource folder /spring-boot-library/src/main/resources
2024-06-02 11:21:32,193 [Worker-7: Updating Maven Project] INFO  o.e.m.j.i.AbstractJavaProjectConfigurator - Adding resource folder /spring-boot-library/src/main/resources
2024-06-02 11:21:32,194 [Worker-7: Updating Maven Project] INFO  o.e.m.j.i.AbstractJavaProjectConfigurator - Adding source folder /spring-boot-library/src/test/java
2024-06-02 11:21:32,194 [Worker-7: Updating Maven Project] INFO  o.e.m.j.i.AbstractJavaProjectConfigurator - Adding resource folder /spring-boot-library/src/test/resources
2024-06-02 11:21:34,318 [Worker-7: Updating Maven Project] INFO  o.e.m.c.i.p.ProjectConfigurationManager - Update completed for 1 poms: local refresh takes 0.00 sec, refresh facades takes 12.00 sec, update config takes 2.00 sec 
2024-06-02 11:21:35,891 [Worker-6: Building] INFO  o.a.m.s.f.DefaultMavenResourcesFiltering - Copying 1 resource from src\main\resources to target\classes
2024-06-02 11:21:35,968 [Worker-6: Building] INFO  o.a.m.s.f.DefaultMavenResourcesFiltering - Copying 0 resource from src\main\resources to target\classes
2024-06-02 11:21:35,992 [Worker-6: Building] INFO  o.a.m.s.f.DefaultMavenResourcesFiltering - skip non existing resourceDirectory C:\Users\USER\Desktop\react project\library-app\02-backend\spring-boot-library\src\test\resources
2024-06-02 11:45:51,422 [Worker-31: Building] INFO  o.a.m.s.f.DefaultMavenResourcesFiltering - Copying 1 resource from src\main\resources to target\classes
2024-06-02 11:45:51,580 [Worker-31: Building] INFO  o.a.m.s.f.DefaultMavenResourcesFiltering - Copying 0 resource from src\main\resources to target\classes
2024-06-02 11:45:51,588 [Worker-31: Building] INFO  o.a.m.s.f.DefaultMavenResourcesFiltering - skip non existing resourceDirectory C:\Users\USER\Desktop\react project\library-app\02-backend\spring-boot-library\src\test\resources
2024-06-02 11:46:04,689 [Worker-31: Building] INFO  o.a.m.s.f.DefaultMavenResourcesFiltering - Copying 1 resource from src\main\resources to target\classes
2024-06-02 11:46:04,701 [Worker-31: Building] INFO  o.a.m.s.f.DefaultMavenResourcesFiltering - Copying 0 resource from src\main\resources to target\classes
2024-06-02 11:46:04,705 [Worker-31: Building] INFO  o.a.m.s.f.DefaultMavenResourcesFiltering - skip non existing resourceDirectory C:\Users\USER\Desktop\react project\library-app\02-backend\spring-boot-library\src\test\resources
2024-06-02 11:48:48,301 [Worker-33: Building] INFO  o.a.m.s.f.DefaultMavenResourcesFiltering - Copying 1 resource from src\main\resources to target\classes
2024-06-02 11:48:48,311 [Worker-33: Building] INFO  o.a.m.s.f.DefaultMavenResourcesFiltering - Copying 0 resource from src\main\resources to target\classes
2024-06-02 11:48:48,316 [Worker-33: Building] INFO  o.a.m.s.f.DefaultMavenResourcesFiltering - skip non existing resourceDirectory C:\Users\USER\Desktop\react project\library-app\02-backend\spring-boot-library\src\test\resources
2024-06-02 11:48:59,484 [Worker-30: Building] INFO  o.a.m.s.f.DefaultMavenResourcesFiltering - Copying 1 resource from src\main\resources to target\classes
2024-06-02 11:48:59,492 [Worker-30: Building] INFO  o.a.m.s.f.DefaultMavenResourcesFiltering - Copying 0 resource from src\main\resources to target\classes
2024-06-02 11:48:59,498 [Worker-30: Building] INFO  o.a.m.s.f.DefaultMavenResourcesFiltering - skip non existing resourceDirectory C:\Users\USER\Desktop\react project\library-app\02-backend\spring-boot-library\src\test\resources
2024-06-02 11:49:27,018 [Worker-29: Building] INFO  o.a.m.s.f.DefaultMavenResourcesFiltering - Copying 1 resource from src\main\resources to target\classes
2024-06-02 11:49:27,027 [Worker-29: Building] INFO  o.a.m.s.f.DefaultMavenResourcesFiltering - Copying 0 resource from src\main\resources to target\classes
2024-06-02 11:49:27,034 [Worker-29: Building] INFO  o.a.m.s.f.DefaultMavenResourcesFiltering - skip non existing resourceDirectory C:\Users\USER\Desktop\react project\library-app\02-backend\spring-boot-library\src\test\resources
2024-06-02 11:49:41,196 [Worker-22: Building] INFO  o.a.m.s.f.DefaultMavenResourcesFiltering - Copying 1 resource from src\main\resources to target\classes
2024-06-02 11:49:41,204 [Worker-22: Building] INFO  o.a.m.s.f.DefaultMavenResourcesFiltering - Copying 0 resource from src\main\resources to target\classes
2024-06-02 11:49:41,209 [Worker-22: Building] INFO  o.a.m.s.f.DefaultMavenResourcesFiltering - skip non existing resourceDirectory C:\Users\USER\Desktop\react project\library-app\02-backend\spring-boot-library\src\test\resources
2024-06-02 11:49:56,000 [Worker-30: Building] INFO  o.a.m.s.f.DefaultMavenResourcesFiltering - Copying 1 resource from src\main\resources to target\classes
2024-06-02 11:49:56,012 [Worker-30: Building] INFO  o.a.m.s.f.DefaultMavenResourcesFiltering - Copying 0 resource from src\main\resources to target\classes
2024-06-02 11:49:56,024 [Worker-30: Building] INFO  o.a.m.s.f.DefaultMavenResourcesFiltering - skip non existing resourceDirectory C:\Users\USER\Desktop\react project\library-app\02-backend\spring-boot-library\src\test\resources
2024-06-02 11:51:31,558 [Worker-22: Building] INFO  o.a.m.s.f.DefaultMavenResourcesFiltering - Copying 1 resource from src\main\resources to target\classes
2024-06-02 11:51:31,600 [Worker-22: Building] INFO  o.a.m.s.f.DefaultMavenResourcesFiltering - Copying 0 resource from src\main\resources to target\classes
2024-06-02 11:51:31,613 [Worker-22: Building] INFO  o.a.m.s.f.DefaultMavenResourcesFiltering - skip non existing resourceDirectory C:\Users\USER\Desktop\react project\library-app\02-backend\spring-boot-library\src\test\resources
2024-06-02 11:52:51,712 [Worker-33: Updating Maven Project] INFO  o.e.m.c.i.p.ProjectConfigurationManager - Update started
2024-06-02 11:52:52,295 [Worker-33: Updating Maven Project] INFO  o.e.m.c.i.l.LifecycleMappingFactory - Using org.eclipse.m2e.jdt.JarLifecycleMapping lifecycle mapping for MavenProject: com.snccreations:spring-boot-library:2.7.3 @ C:\Users\USER\Desktop\react project\library-app\02-backend\spring-boot-library\pom.xml.
2024-06-02 11:52:53,591 [Worker-33: Updating Maven Project] INFO  o.e.m.j.i.AbstractJavaProjectConfigurator - Adding source folder /spring-boot-library/src/main/java
2024-06-02 11:52:53,592 [Worker-33: Updating Maven Project] INFO  o.e.m.j.i.AbstractJavaProjectConfigurator - Adding resource folder /spring-boot-library/src/main/resources
2024-06-02 11:52:53,592 [Worker-33: Updating Maven Project] INFO  o.e.m.j.i.AbstractJavaProjectConfigurator - Adding resource folder /spring-boot-library/src/main/resources
2024-06-02 11:52:53,592 [Worker-33: Updating Maven Project] INFO  o.e.m.j.i.AbstractJavaProjectConfigurator - Adding source folder /spring-boot-library/src/test/java
2024-06-02 11:52:53,592 [Worker-33: Updating Maven Project] INFO  o.e.m.j.i.AbstractJavaProjectConfigurator - Adding resource folder /spring-boot-library/src/test/resources
2024-06-02 11:52:54,258 [Worker-33: Updating Maven Project] INFO  o.e.m.c.i.p.ProjectConfigurationManager - Update completed for 1 poms: local refresh takes 0.00 sec, refresh facades takes 1.00 sec, update config takes 0.00 sec 
2024-06-02 11:52:55,165 [Worker-41: Building] INFO  o.a.m.s.f.DefaultMavenResourcesFiltering - Copying 1 resource from src\main\resources to target\classes
2024-06-02 11:52:55,194 [Worker-41: Building] INFO  o.a.m.s.f.DefaultMavenResourcesFiltering - Copying 0 resource from src\main\resources to target\classes
2024-06-02 11:52:55,202 [Worker-41: Building] INFO  o.a.m.s.f.DefaultMavenResourcesFiltering - skip non existing resourceDirectory C:\Users\USER\Desktop\react project\library-app\02-backend\spring-boot-library\src\test\resources
2024-06-02 12:01:41,771 [Worker-35: Building] INFO  o.e.m.c.i.l.LifecycleMappingFactory - Using org.eclipse.m2e.jdt.JarLifecycleMapping lifecycle mapping for MavenProject: com.snccreations:spring-boot-library:2.7.3 @ C:\Users\USER\Desktop\react project\library-app\02-backend\spring-boot-library\pom.xml.
2024-06-02 12:01:45,576 [Worker-35: Building] INFO  o.a.m.s.f.DefaultMavenResourcesFiltering - Copying 0 resource from src\main\resources to target\classes
2024-06-02 12:01:45,578 [Worker-35: Building] INFO  o.a.m.s.f.DefaultMavenResourcesFiltering - Copying 0 resource from src\main\resources to target\classes
2024-06-02 12:01:45,586 [Worker-35: Building] INFO  o.a.m.s.f.DefaultMavenResourcesFiltering - skip non existing resourceDirectory C:\Users\USER\Desktop\react project\library-app\02-backend\spring-boot-library\src\test\resources
2024-06-02 12:01:50,696 [Worker-51: Updating Maven Project] INFO  o.e.m.c.i.p.ProjectConfigurationManager - Update started
2024-06-02 12:01:51,174 [Worker-51: Updating Maven Project] INFO  o.e.m.c.i.l.LifecycleMappingFactory - Using org.eclipse.m2e.jdt.JarLifecycleMapping lifecycle mapping for MavenProject: com.snccreations:spring-boot-library:2.7.3 @ C:\Users\USER\Desktop\react project\library-app\02-backend\spring-boot-library\pom.xml.
2024-06-02 12:01:52,608 [Worker-51: Updating Maven Project] INFO  o.e.m.j.i.AbstractJavaProjectConfigurator - Adding source folder /spring-boot-library/src/main/java
2024-06-02 12:01:52,609 [Worker-51: Updating Maven Project] INFO  o.e.m.j.i.AbstractJavaProjectConfigurator - Adding resource folder /spring-boot-library/src/main/resources
2024-06-02 12:01:52,609 [Worker-51: Updating Maven Project] INFO  o.e.m.j.i.AbstractJavaProjectConfigurator - Adding resource folder /spring-boot-library/src/main/resources
2024-06-02 12:01:52,609 [Worker-51: Updating Maven Project] INFO  o.e.m.j.i.AbstractJavaProjectConfigurator - Adding source folder /spring-boot-library/src/test/java
2024-06-02 12:01:52,609 [Worker-51: Updating Maven Project] INFO  o.e.m.j.i.AbstractJavaProjectConfigurator - Adding resource folder /spring-boot-library/src/test/resources
2024-06-02 12:01:53,274 [Worker-51: Updating Maven Project] INFO  o.e.m.c.i.p.ProjectConfigurationManager - Update completed for 1 poms: local refresh takes 0.00 sec, refresh facades takes 1.00 sec, update config takes 0.00 sec 
2024-06-02 12:01:53,891 [Worker-52: Building] INFO  o.a.m.s.f.DefaultMavenResourcesFiltering - Copying 1 resource from src\main\resources to target\classes
2024-06-02 12:01:53,915 [Worker-52: Building] INFO  o.a.m.s.f.DefaultMavenResourcesFiltering - Copying 0 resource from src\main\resources to target\classes
2024-06-02 12:01:53,921 [Worker-52: Building] INFO  o.a.m.s.f.DefaultMavenResourcesFiltering - skip non existing resourceDirectory C:\Users\USER\Desktop\react project\library-app\02-backend\spring-boot-library\src\test\resources
2024-06-02 12:02:12,255 [Worker-52: Updating Maven Project] INFO  o.e.m.c.i.p.ProjectConfigurationManager - Update started
2024-06-02 12:02:12,667 [Worker-52: Updating Maven Project] INFO  o.e.m.c.i.l.LifecycleMappingFactory - Using org.eclipse.m2e.jdt.JarLifecycleMapping lifecycle mapping for MavenProject: com.snccreations:spring-boot-library:2.7.3 @ C:\Users\USER\Desktop\react project\library-app\02-backend\spring-boot-library\pom.xml.
2024-06-02 12:02:13,569 [Worker-52: Updating Maven Project] INFO  o.e.m.j.i.AbstractJavaProjectConfigurator - Adding source folder /spring-boot-library/src/main/java
2024-06-02 12:02:13,569 [Worker-52: Updating Maven Project] INFO  o.e.m.j.i.AbstractJavaProjectConfigurator - Adding resource folder /spring-boot-library/src/main/resources
2024-06-02 12:02:13,569 [Worker-52: Updating Maven Project] INFO  o.e.m.j.i.AbstractJavaProjectConfigurator - Adding resource folder /spring-boot-library/src/main/resources
2024-06-02 12:02:13,569 [Worker-52: Updating Maven Project] INFO  o.e.m.j.i.AbstractJavaProjectConfigurator - Adding source folder /spring-boot-library/src/test/java
2024-06-02 12:02:13,569 [Worker-52: Updating Maven Project] INFO  o.e.m.j.i.AbstractJavaProjectConfigurator - Adding resource folder /spring-boot-library/src/test/resources
2024-06-02 12:02:14,231 [Worker-52: Updating Maven Project] INFO  o.e.m.c.i.p.ProjectConfigurationManager - Update completed for 1 poms: local refresh takes 0.00 sec, refresh facades takes 1.00 sec, update config takes 0.00 sec 
2024-06-02 12:02:14,883 [Worker-56: Building] INFO  o.a.m.s.f.DefaultMavenResourcesFiltering - Copying 1 resource from src\main\resources to target\classes
2024-06-02 12:02:14,911 [Worker-56: Building] INFO  o.a.m.s.f.DefaultMavenResourcesFiltering - Copying 0 resource from src\main\resources to target\classes
2024-06-02 12:02:14,918 [Worker-56: Building] INFO  o.a.m.s.f.DefaultMavenResourcesFiltering - skip non existing resourceDirectory C:\Users\USER\Desktop\react project\library-app\02-backend\spring-boot-library\src\test\resources
2024-06-02 12:04:15,633 [Worker-62: Building] INFO  o.a.m.s.f.DefaultMavenResourcesFiltering - Copying 1 resource from src\main\resources to target\classes
2024-06-02 12:04:15,651 [Worker-62: Building] INFO  o.a.m.s.f.DefaultMavenResourcesFiltering - Copying 0 resource from src\main\resources to target\classes
2024-06-02 12:04:15,656 [Worker-62: Building] INFO  o.a.m.s.f.DefaultMavenResourcesFiltering - skip non existing resourceDirectory C:\Users\USER\Desktop\react project\library-app\02-backend\spring-boot-library\src\test\resources
2024-06-02 12:04:40,763 [Worker-63: Building] INFO  o.a.m.s.f.DefaultMavenResourcesFiltering - Copying 1 resource from src\main\resources to target\classes
2024-06-02 12:04:40,776 [Worker-63: Building] INFO  o.a.m.s.f.DefaultMavenResourcesFiltering - Copying 0 resource from src\main\resources to target\classes
2024-06-02 12:04:40,780 [Worker-63: Building] INFO  o.a.m.s.f.DefaultMavenResourcesFiltering - skip non existing resourceDirectory C:\Users\USER\Desktop\react project\library-app\02-backend\spring-boot-library\src\test\resources
2024-06-02 12:05:55,159 [Worker-35: Building] INFO  o.a.m.s.f.DefaultMavenResourcesFiltering - Copying 1 resource from src\main\resources to target\classes
2024-06-02 12:05:55,166 [Worker-35: Building] INFO  o.a.m.s.f.DefaultMavenResourcesFiltering - Copying 0 resource from src\main\resources to target\classes
2024-06-02 12:05:55,170 [Worker-35: Building] INFO  o.a.m.s.f.DefaultMavenResourcesFiltering - skip non existing resourceDirectory C:\Users\USER\Desktop\react project\library-app\02-backend\spring-boot-library\src\test\resources
2024-06-02 12:06:42,914 [Worker-61: Building] INFO  o.a.m.s.f.DefaultMavenResourcesFiltering - Copying 1 resource from src\main\resources to target\classes
2024-06-02 12:06:42,924 [Worker-61: Building] INFO  o.a.m.s.f.DefaultMavenResourcesFiltering - Copying 0 resource from src\main\resources to target\classes
2024-06-02 12:06:42,928 [Worker-61: Building] INFO  o.a.m.s.f.DefaultMavenResourcesFiltering - skip non existing resourceDirectory C:\Users\USER\Desktop\react project\library-app\02-backend\spring-boot-library\src\test\resources
2024-06-02 12:07:02,975 [main] INFO  o.e.m2e.actions.ExecutePomAction - Creating new launch configuration
2024-06-02 12:08:46,083 [Worker-35: Building] INFO  o.a.m.s.f.DefaultMavenResourcesFiltering - Copying 1 resource from src\main\resources to target\classes
2024-06-02 12:08:46,092 [Worker-35: Building] INFO  o.a.m.s.f.DefaultMavenResourcesFiltering - Copying 0 resource from src\main\resources to target\classes
2024-06-02 12:08:46,097 [Worker-35: Building] INFO  o.a.m.s.f.DefaultMavenResourcesFiltering - skip non existing resourceDirectory C:\Users\USER\Desktop\react project\library-app\02-backend\spring-boot-library\src\test\resources
2024-06-02 12:09:11,190 [Worker-63: Building] INFO  o.a.m.s.f.DefaultMavenResourcesFiltering - Copying 1 resource from src\main\resources to target\classes
2024-06-02 12:09:11,203 [Worker-63: Building] INFO  o.a.m.s.f.DefaultMavenResourcesFiltering - Copying 0 resource from src\main\resources to target\classes
2024-06-02 12:09:11,207 [Worker-63: Building] INFO  o.a.m.s.f.DefaultMavenResourcesFiltering - skip non existing resourceDirectory C:\Users\USER\Desktop\react project\library-app\02-backend\spring-boot-library\src\test\resources
2024-06-02 12:09:38,202 [Worker-65: Building] INFO  o.a.m.s.f.DefaultMavenResourcesFiltering - Copying 1 resource from src\main\resources to target\classes
2024-06-02 12:09:38,220 [Worker-65: Building] INFO  o.a.m.s.f.DefaultMavenResourcesFiltering - Copying 0 resource from src\main\resources to target\classes
2024-06-02 12:09:38,231 [Worker-65: Building] INFO  o.a.m.s.f.DefaultMavenResourcesFiltering - skip non existing resourceDirectory C:\Users\USER\Desktop\react project\library-app\02-backend\spring-boot-library\src\test\resources
2024-06-02 12:10:06,206 [Worker-47: Building] INFO  o.a.m.s.f.DefaultMavenResourcesFiltering - Copying 1 resource from src\main\resources to target\classes
2024-06-02 12:10:06,216 [Worker-47: Building] INFO  o.a.m.s.f.DefaultMavenResourcesFiltering - Copying 0 resource from src\main\resources to target\classes
2024-06-02 12:10:06,219 [Worker-47: Building] INFO  o.a.m.s.f.DefaultMavenResourcesFiltering - skip non existing resourceDirectory C:\Users\USER\Desktop\react project\library-app\02-backend\spring-boot-library\src\test\resources
2024-06-02 12:11:46,864 [Worker-64: Building] INFO  o.a.m.s.f.DefaultMavenResourcesFiltering - Copying 1 resource from src\main\resources to target\classes
2024-06-02 12:11:46,873 [Worker-64: Building] INFO  o.a.m.s.f.DefaultMavenResourcesFiltering - Copying 0 resource from src\main\resources to target\classes
2024-06-02 12:11:46,877 [Worker-64: Building] INFO  o.a.m.s.f.DefaultMavenResourcesFiltering - skip non existing resourceDirectory C:\Users\USER\Desktop\react project\library-app\02-backend\spring-boot-library\src\test\resources
2024-06-02 12:12:06,401 [Worker-63: Updating Maven Project] INFO  o.e.m.c.i.p.ProjectConfigurationManager - Update started
2024-06-02 12:12:06,876 [Worker-63: Updating Maven Project] INFO  o.e.m.c.i.l.LifecycleMappingFactory - Using org.eclipse.m2e.jdt.JarLifecycleMapping lifecycle mapping for MavenProject: com.snccreations:spring-boot-library:2.7.3 @ C:\Users\USER\Desktop\react project\library-app\02-backend\spring-boot-library\pom.xml.
2024-06-02 12:12:07,993 [Worker-63: Updating Maven Project] INFO  o.e.m.j.i.AbstractJavaProjectConfigurator - Adding source folder /spring-boot-library/src/main/java
2024-06-02 12:12:07,993 [Worker-63: Updating Maven Project] INFO  o.e.m.j.i.AbstractJavaProjectConfigurator - Adding resource folder /spring-boot-library/src/main/resources
2024-06-02 12:12:07,993 [Worker-63: Updating Maven Project] INFO  o.e.m.j.i.AbstractJavaProjectConfigurator - Adding resource folder /spring-boot-library/src/main/resources
2024-06-02 12:12:07,994 [Worker-63: Updating Maven Project] INFO  o.e.m.j.i.AbstractJavaProjectConfigurator - Adding source folder /spring-boot-library/src/test/java
2024-06-02 12:12:07,994 [Worker-63: Updating Maven Project] INFO  o.e.m.j.i.AbstractJavaProjectConfigurator - Adding resource folder /spring-boot-library/src/test/resources
2024-06-02 12:12:08,582 [Worker-63: Updating Maven Project] INFO  o.e.m.c.i.p.ProjectConfigurationManager - Update completed for 1 poms: local refresh takes 0.00 sec, refresh facades takes 1.00 sec, update config takes 0.00 sec 
2024-06-02 12:12:09,304 [Worker-61: Building] INFO  o.a.m.s.f.DefaultMavenResourcesFiltering - Copying 1 resource from src\main\resources to target\classes
2024-06-02 12:12:09,358 [Worker-61: Building] INFO  o.a.m.s.f.DefaultMavenResourcesFiltering - Copying 0 resource from src\main\resources to target\classes
2024-06-02 12:12:09,366 [Worker-61: Building] INFO  o.a.m.s.f.DefaultMavenResourcesFiltering - skip non existing resourceDirectory C:\Users\USER\Desktop\react project\library-app\02-backend\spring-boot-library\src\test\resources
2024-06-02 12:20:57,238 [Worker-70: Building] INFO  o.a.m.s.f.DefaultMavenResourcesFiltering - Copying 1 resource from src\main\resources to target\classes
2024-06-02 12:20:57,478 [Worker-70: Building] INFO  o.a.m.s.f.DefaultMavenResourcesFiltering - Copying 0 resource from src\main\resources to target\classes
2024-06-02 12:20:57,484 [Worker-70: Building] INFO  o.a.m.s.f.DefaultMavenResourcesFiltering - skip non existing resourceDirectory C:\Users\USER\Desktop\react project\library-app\02-backend\spring-boot-library\src\test\resources
2024-06-02 12:23:01,654 [Worker-61: Building] INFO  o.a.m.s.f.DefaultMavenResourcesFiltering - Copying 1 resource from src\main\resources to target\classes
2024-06-02 12:23:01,736 [Worker-61: Building] INFO  o.a.m.s.f.DefaultMavenResourcesFiltering - Copying 0 resource from src\main\resources to target\classes
2024-06-02 12:23:01,739 [Worker-61: Building] INFO  o.a.m.s.f.DefaultMavenResourcesFiltering - skip non existing resourceDirectory C:\Users\USER\Desktop\react project\library-app\02-backend\spring-boot-library\src\test\resources
2024-06-02 12:28:22,390 [Worker-72: Building] INFO  o.a.m.s.f.DefaultMavenResourcesFiltering - Copying 1 resource from src\main\resources to target\classes
2024-06-02 12:28:22,399 [Worker-72: Building] INFO  o.a.m.s.f.DefaultMavenResourcesFiltering - Copying 0 resource from src\main\resources to target\classes
2024-06-02 12:28:22,402 [Worker-72: Building] INFO  o.a.m.s.f.DefaultMavenResourcesFiltering - skip non existing resourceDirectory C:\Users\USER\Desktop\react project\library-app\02-backend\spring-boot-library\src\test\resources
2024-06-02 12:29:37,790 [Worker-79: Building] INFO  o.a.m.s.f.DefaultMavenResourcesFiltering - Copying 1 resource from src\main\resources to target\classes
2024-06-02 12:29:37,926 [Worker-79: Building] INFO  o.a.m.s.f.DefaultMavenResourcesFiltering - Copying 0 resource from src\main\resources to target\classes
2024-06-02 12:29:37,932 [Worker-79: Building] INFO  o.a.m.s.f.DefaultMavenResourcesFiltering - skip non existing resourceDirectory C:\Users\USER\Desktop\react project\library-app\02-backend\spring-boot-library\src\test\resources
2024-06-02 12:30:04,125 [Worker-77: Building] INFO  o.a.m.s.f.DefaultMavenResourcesFiltering - Copying 1 resource from src\main\resources to target\classes
2024-06-02 12:30:04,147 [Worker-77: Building] INFO  o.a.m.s.f.DefaultMavenResourcesFiltering - Copying 0 resource from src\main\resources to target\classes
2024-06-02 12:30:04,154 [Worker-77: Building] INFO  o.a.m.s.f.DefaultMavenResourcesFiltering - skip non existing resourceDirectory C:\Users\USER\Desktop\react project\library-app\02-backend\spring-boot-library\src\test\resources
2024-06-02 12:30:29,272 [Worker-78: Building] INFO  o.a.m.s.f.DefaultMavenResourcesFiltering - Copying 1 resource from src\main\resources to target\classes
2024-06-02 12:30:29,280 [Worker-78: Building] INFO  o.a.m.s.f.DefaultMavenResourcesFiltering - Copying 0 resource from src\main\resources to target\classes
2024-06-02 12:30:29,283 [Worker-78: Building] INFO  o.a.m.s.f.DefaultMavenResourcesFiltering - skip non existing resourceDirectory C:\Users\USER\Desktop\react project\library-app\02-backend\spring-boot-library\src\test\resources
2024-06-02 12:53:05,437 [Worker-84: Building] INFO  o.a.m.s.f.DefaultMavenResourcesFiltering - Copying 1 resource from src\main\resources to target\classes
2024-06-02 12:53:05,516 [Worker-84: Building] INFO  o.a.m.s.f.DefaultMavenResourcesFiltering - Copying 0 resource from src\main\resources to target\classes
2024-06-02 12:53:05,521 [Worker-84: Building] INFO  o.a.m.s.f.DefaultMavenResourcesFiltering - skip non existing resourceDirectory C:\Users\USER\Desktop\react project\library-app\02-backend\spring-boot-library\src\test\resources
2024-06-02 12:55:57,631 [Worker-87: Building] INFO  o.a.m.s.f.DefaultMavenResourcesFiltering - Copying 1 resource from src\main\resources to target\classes
2024-06-02 12:55:57,641 [Worker-87: Building] INFO  o.a.m.s.f.DefaultMavenResourcesFiltering - Copying 0 resource from src\main\resources to target\classes
2024-06-02 12:55:57,644 [Worker-87: Building] INFO  o.a.m.s.f.DefaultMavenResourcesFiltering - skip non existing resourceDirectory C:\Users\USER\Desktop\react project\library-app\02-backend\spring-boot-library\src\test\resources
2024-06-02 12:56:23,392 [Worker-92: Building] INFO  o.a.m.s.f.DefaultMavenResourcesFiltering - Copying 1 resource from src\main\resources to target\classes
2024-06-02 12:56:23,507 [Worker-92: Building] INFO  o.a.m.s.f.DefaultMavenResourcesFiltering - Copying 0 resource from src\main\resources to target\classes
2024-06-02 12:56:23,511 [Worker-92: Building] INFO  o.a.m.s.f.DefaultMavenResourcesFiltering - skip non existing resourceDirectory C:\Users\USER\Desktop\react project\library-app\02-backend\spring-boot-library\src\test\resources
2024-06-02 14:26:04,209 [Worker-107: Building] INFO  o.a.m.s.f.DefaultMavenResourcesFiltering - Copying 1 resource from src\main\resources to target\classes
2024-06-02 14:26:04,265 [Worker-107: Building] INFO  o.a.m.s.f.DefaultMavenResourcesFiltering - Copying 0 resource from src\main\resources to target\classes
2024-06-02 14:26:04,271 [Worker-107: Building] INFO  o.a.m.s.f.DefaultMavenResourcesFiltering - skip non existing resourceDirectory C:\Users\USER\Desktop\react project\library-app\02-backend\spring-boot-library\src\test\resources
2024-06-02 14:26:34,595 [Worker-104: Building] INFO  o.a.m.s.f.DefaultMavenResourcesFiltering - Copying 1 resource from src\main\resources to target\classes
2024-06-02 14:26:34,640 [Worker-104: Building] INFO  o.a.m.s.f.DefaultMavenResourcesFiltering - Copying 0 resource from src\main\resources to target\classes
2024-06-02 14:26:34,645 [Worker-104: Building] INFO  o.a.m.s.f.DefaultMavenResourcesFiltering - skip non existing resourceDirectory C:\Users\USER\Desktop\react project\library-app\02-backend\spring-boot-library\src\test\resources
2024-06-03 13:54:00,029 [Worker-5: Loading available Gradle versions] INFO  o.e.b.c.i.u.g.PublishedGradleVersions - Gradle version information cache is out-of-date. Trying to update.
2024-06-03 15:23:20,256 [Worker-21: Building] INFO  o.a.m.s.f.DefaultMavenResourcesFiltering - Copying 1 resource from src\main\resources to target\classes
2024-06-03 15:23:20,341 [Worker-21: Building] INFO  o.a.m.s.f.DefaultMavenResourcesFiltering - Copying 0 resource from src\main\resources to target\classes
2024-06-03 15:23:20,346 [Worker-21: Building] INFO  o.a.m.s.f.DefaultMavenResourcesFiltering - skip non existing resourceDirectory C:\Users\USER\Desktop\react project\library-app\02-backend\spring-boot-library\src\test\resources
2024-06-03 15:25:08,277 [Worker-21: Building] INFO  o.a.m.s.f.DefaultMavenResourcesFiltering - Copying 1 resource from src\main\resources to target\classes
2024-06-03 15:25:08,296 [Worker-21: Building] INFO  o.a.m.s.f.DefaultMavenResourcesFiltering - Copying 0 resource from src\main\resources to target\classes
2024-06-03 15:25:08,306 [Worker-21: Building] INFO  o.a.m.s.f.DefaultMavenResourcesFiltering - skip non existing resourceDirectory C:\Users\USER\Desktop\react project\library-app\02-backend\spring-boot-library\src\test\resources
2024-06-03 15:26:52,944 [Worker-21: Building] INFO  o.a.m.s.f.DefaultMavenResourcesFiltering - Copying 1 resource from src\main\resources to target\classes
2024-06-03 15:26:52,955 [Worker-21: Building] INFO  o.a.m.s.f.DefaultMavenResourcesFiltering - Copying 0 resource from src\main\resources to target\classes
2024-06-03 15:26:52,960 [Worker-21: Building] INFO  o.a.m.s.f.DefaultMavenResourcesFiltering - skip non existing resourceDirectory C:\Users\USER\Desktop\react project\library-app\02-backend\spring-boot-library\src\test\resources
2024-06-03 15:27:53,253 [Worker-19: Building] INFO  o.a.m.s.f.DefaultMavenResourcesFiltering - Copying 1 resource from src\main\resources to target\classes
2024-06-03 15:27:53,291 [Worker-19: Building] INFO  o.a.m.s.f.DefaultMavenResourcesFiltering - Copying 0 resource from src\main\resources to target\classes
2024-06-03 15:27:53,314 [Worker-19: Building] INFO  o.a.m.s.f.DefaultMavenResourcesFiltering - skip non existing resourceDirectory C:\Users\USER\Desktop\react project\library-app\02-backend\spring-boot-library\src\test\resources
2024-06-03 15:31:07,053 [Worker-21: Building] INFO  o.a.m.s.f.DefaultMavenResourcesFiltering - Copying 1 resource from src\main\resources to target\classes
2024-06-03 15:31:07,063 [Worker-21: Building] INFO  o.a.m.s.f.DefaultMavenResourcesFiltering - Copying 0 resource from src\main\resources to target\classes
2024-06-03 15:31:07,066 [Worker-21: Building] INFO  o.a.m.s.f.DefaultMavenResourcesFiltering - skip non existing resourceDirectory C:\Users\USER\Desktop\react project\library-app\02-backend\spring-boot-library\src\test\resources
2024-06-03 15:40:59,707 [Worker-25: Building] INFO  o.a.m.s.f.DefaultMavenResourcesFiltering - Copying 1 resource from src\main\resources to target\classes
2024-06-03 15:40:59,718 [Worker-25: Building] INFO  o.a.m.s.f.DefaultMavenResourcesFiltering - Copying 0 resource from src\main\resources to target\classes
2024-06-03 15:40:59,722 [Worker-25: Building] INFO  o.a.m.s.f.DefaultMavenResourcesFiltering - skip non existing resourceDirectory C:\Users\USER\Desktop\react project\library-app\02-backend\spring-boot-library\src\test\resources
2024-06-03 15:43:14,754 [Worker-26: Building] INFO  o.a.m.s.f.DefaultMavenResourcesFiltering - Copying 1 resource from src\main\resources to target\classes
2024-06-03 15:43:14,764 [Worker-26: Building] INFO  o.a.m.s.f.DefaultMavenResourcesFiltering - Copying 0 resource from src\main\resources to target\classes
2024-06-03 15:43:14,771 [Worker-26: Building] INFO  o.a.m.s.f.DefaultMavenResourcesFiltering - skip non existing resourceDirectory C:\Users\USER\Desktop\react project\library-app\02-backend\spring-boot-library\src\test\resources
2024-06-03 15:43:44,288 [Worker-20: Building] INFO  o.a.m.s.f.DefaultMavenResourcesFiltering - Copying 1 resource from src\main\resources to target\classes
2024-06-03 15:43:44,324 [Worker-20: Building] INFO  o.a.m.s.f.DefaultMavenResourcesFiltering - Copying 0 resource from src\main\resources to target\classes
2024-06-03 15:43:44,330 [Worker-20: Building] INFO  o.a.m.s.f.DefaultMavenResourcesFiltering - skip non existing resourceDirectory C:\Users\USER\Desktop\react project\library-app\02-backend\spring-boot-library\src\test\resources
2024-06-03 15:44:09,960 [Worker-25: Building] INFO  o.a.m.s.f.DefaultMavenResourcesFiltering - Copying 1 resource from src\main\resources to target\classes
2024-06-03 15:44:09,966 [Worker-25: Building] INFO  o.a.m.s.f.DefaultMavenResourcesFiltering - Copying 0 resource from src\main\resources to target\classes
2024-06-03 15:44:09,970 [Worker-25: Building] INFO  o.a.m.s.f.DefaultMavenResourcesFiltering - skip non existing resourceDirectory C:\Users\USER\Desktop\react project\library-app\02-backend\spring-boot-library\src\test\resources
2024-06-03 15:44:59,542 [Worker-25: Building] INFO  o.a.m.s.f.DefaultMavenResourcesFiltering - Copying 1 resource from src\main\resources to target\classes
2024-06-03 15:44:59,559 [Worker-25: Building] INFO  o.a.m.s.f.DefaultMavenResourcesFiltering - Copying 0 resource from src\main\resources to target\classes
2024-06-03 15:44:59,563 [Worker-25: Building] INFO  o.a.m.s.f.DefaultMavenResourcesFiltering - skip non existing resourceDirectory C:\Users\USER\Desktop\react project\library-app\02-backend\spring-boot-library\src\test\resources
2024-06-03 15:48:09,354 [Worker-29: Building] INFO  o.a.m.s.f.DefaultMavenResourcesFiltering - Copying 1 resource from src\main\resources to target\classes
2024-06-03 15:48:09,361 [Worker-29: Building] INFO  o.a.m.s.f.DefaultMavenResourcesFiltering - Copying 0 resource from src\main\resources to target\classes
2024-06-03 15:48:09,366 [Worker-29: Building] INFO  o.a.m.s.f.DefaultMavenResourcesFiltering - skip non existing resourceDirectory C:\Users\USER\Desktop\react project\library-app\02-backend\spring-boot-library\src\test\resources
2024-06-03 15:48:51,797 [Worker-28: Building] INFO  o.a.m.s.f.DefaultMavenResourcesFiltering - Copying 1 resource from src\main\resources to target\classes
2024-06-03 15:48:51,806 [Worker-28: Building] INFO  o.a.m.s.f.DefaultMavenResourcesFiltering - Copying 0 resource from src\main\resources to target\classes
2024-06-03 15:48:51,810 [Worker-28: Building] INFO  o.a.m.s.f.DefaultMavenResourcesFiltering - skip non existing resourceDirectory C:\Users\USER\Desktop\react project\library-app\02-backend\spring-boot-library\src\test\resources
2024-06-03 15:49:50,032 [Worker-22: Building] INFO  o.a.m.s.f.DefaultMavenResourcesFiltering - Copying 1 resource from src\main\resources to target\classes
2024-06-03 15:49:50,042 [Worker-22: Building] INFO  o.a.m.s.f.DefaultMavenResourcesFiltering - Copying 0 resource from src\main\resources to target\classes
2024-06-03 15:49:50,047 [Worker-22: Building] INFO  o.a.m.s.f.DefaultMavenResourcesFiltering - skip non existing resourceDirectory C:\Users\USER\Desktop\react project\library-app\02-backend\spring-boot-library\src\test\resources
2024-06-03 15:50:15,624 [Worker-21: Building] INFO  o.a.m.s.f.DefaultMavenResourcesFiltering - Copying 1 resource from src\main\resources to target\classes
2024-06-03 15:50:15,633 [Worker-21: Building] INFO  o.a.m.s.f.DefaultMavenResourcesFiltering - Copying 0 resource from src\main\resources to target\classes
2024-06-03 15:50:15,640 [Worker-21: Building] INFO  o.a.m.s.f.DefaultMavenResourcesFiltering - skip non existing resourceDirectory C:\Users\USER\Desktop\react project\library-app\02-backend\spring-boot-library\src\test\resources
2024-06-03 15:51:26,901 [Worker-31: Building] INFO  o.a.m.s.f.DefaultMavenResourcesFiltering - Copying 1 resource from src\main\resources to target\classes
2024-06-03 15:51:26,906 [Worker-31: Building] INFO  o.a.m.s.f.DefaultMavenResourcesFiltering - Copying 0 resource from src\main\resources to target\classes
2024-06-03 15:51:26,906 [Worker-31: Building] INFO  o.a.m.s.f.DefaultMavenResourcesFiltering - skip non existing resourceDirectory C:\Users\USER\Desktop\react project\library-app\02-backend\spring-boot-library\src\test\resources
2024-06-03 15:52:33,950 [Worker-22: Building] INFO  o.a.m.s.f.DefaultMavenResourcesFiltering - Copying 1 resource from src\main\resources to target\classes
2024-06-03 15:52:33,958 [Worker-22: Building] INFO  o.a.m.s.f.DefaultMavenResourcesFiltering - Copying 0 resource from src\main\resources to target\classes
2024-06-03 15:52:33,963 [Worker-22: Building] INFO  o.a.m.s.f.DefaultMavenResourcesFiltering - skip non existing resourceDirectory C:\Users\USER\Desktop\react project\library-app\02-backend\spring-boot-library\src\test\resources
2024-06-03 15:53:23,078 [Worker-21: Building] INFO  o.a.m.s.f.DefaultMavenResourcesFiltering - Copying 1 resource from src\main\resources to target\classes
2024-06-03 15:53:23,094 [Worker-21: Building] INFO  o.a.m.s.f.DefaultMavenResourcesFiltering - Copying 0 resource from src\main\resources to target\classes
2024-06-03 15:53:23,100 [Worker-21: Building] INFO  o.a.m.s.f.DefaultMavenResourcesFiltering - skip non existing resourceDirectory C:\Users\USER\Desktop\react project\library-app\02-backend\spring-boot-library\src\test\resources
2024-06-03 15:54:58,960 [Worker-7: Building] INFO  o.a.m.s.f.DefaultMavenResourcesFiltering - Copying 1 resource from src\main\resources to target\classes
2024-06-03 15:54:58,969 [Worker-7: Building] INFO  o.a.m.s.f.DefaultMavenResourcesFiltering - Copying 0 resource from src\main\resources to target\classes
2024-06-03 15:54:58,977 [Worker-7: Building] INFO  o.a.m.s.f.DefaultMavenResourcesFiltering - skip non existing resourceDirectory C:\Users\USER\Desktop\react project\library-app\02-backend\spring-boot-library\src\test\resources
2024-06-03 16:04:53,033 [Worker-36: Building] INFO  o.a.m.s.f.DefaultMavenResourcesFiltering - Copying 1 resource from src\main\resources to target\classes
2024-06-03 16:04:53,041 [Worker-36: Building] INFO  o.a.m.s.f.DefaultMavenResourcesFiltering - Copying 0 resource from src\main\resources to target\classes
2024-06-03 16:04:53,044 [Worker-36: Building] INFO  o.a.m.s.f.DefaultMavenResourcesFiltering - skip non existing resourceDirectory C:\Users\USER\Desktop\react project\library-app\02-backend\spring-boot-library\src\test\resources
2024-06-03 16:05:24,359 [Worker-36: Building] INFO  o.a.m.s.f.DefaultMavenResourcesFiltering - Copying 1 resource from src\main\resources to target\classes
2024-06-03 16:05:24,367 [Worker-36: Building] INFO  o.a.m.s.f.DefaultMavenResourcesFiltering - Copying 0 resource from src\main\resources to target\classes
2024-06-03 16:05:24,373 [Worker-36: Building] INFO  o.a.m.s.f.DefaultMavenResourcesFiltering - skip non existing resourceDirectory C:\Users\USER\Desktop\react project\library-app\02-backend\spring-boot-library\src\test\resources
2024-06-03 16:19:02,835 [Worker-32: Building] INFO  o.a.m.s.f.DefaultMavenResourcesFiltering - Copying 1 resource from src\main\resources to target\classes
2024-06-03 16:19:02,843 [Worker-32: Building] INFO  o.a.m.s.f.DefaultMavenResourcesFiltering - Copying 0 resource from src\main\resources to target\classes
2024-06-03 16:19:02,848 [Worker-32: Building] INFO  o.a.m.s.f.DefaultMavenResourcesFiltering - skip non existing resourceDirectory C:\Users\USER\Desktop\react project\library-app\02-backend\spring-boot-library\src\test\resources
2024-06-03 16:19:42,260 [Worker-40: Building] INFO  o.a.m.s.f.DefaultMavenResourcesFiltering - Copying 1 resource from src\main\resources to target\classes
2024-06-03 16:19:42,269 [Worker-40: Building] INFO  o.a.m.s.f.DefaultMavenResourcesFiltering - Copying 0 resource from src\main\resources to target\classes
2024-06-03 16:19:42,273 [Worker-40: Building] INFO  o.a.m.s.f.DefaultMavenResourcesFiltering - skip non existing resourceDirectory C:\Users\USER\Desktop\react project\library-app\02-backend\spring-boot-library\src\test\resources
2024-06-03 16:24:53,312 [Worker-32: Building] INFO  o.a.m.s.f.DefaultMavenResourcesFiltering - Copying 1 resource from src\main\resources to target\classes
2024-06-03 16:24:53,322 [Worker-32: Building] INFO  o.a.m.s.f.DefaultMavenResourcesFiltering - Copying 0 resource from src\main\resources to target\classes
2024-06-03 16:24:53,326 [Worker-32: Building] INFO  o.a.m.s.f.DefaultMavenResourcesFiltering - skip non existing resourceDirectory C:\Users\USER\Desktop\react project\library-app\02-backend\spring-boot-library\src\test\resources
2024-06-03 16:25:08,308 [Worker-41: Building] INFO  o.a.m.s.f.DefaultMavenResourcesFiltering - Copying 1 resource from src\main\resources to target\classes
2024-06-03 16:25:08,318 [Worker-41: Building] INFO  o.a.m.s.f.DefaultMavenResourcesFiltering - Copying 0 resource from src\main\resources to target\classes
2024-06-03 16:25:08,322 [Worker-41: Building] INFO  o.a.m.s.f.DefaultMavenResourcesFiltering - skip non existing resourceDirectory C:\Users\USER\Desktop\react project\library-app\02-backend\spring-boot-library\src\test\resources
2024-06-03 16:29:47,591 [Worker-43: Building] INFO  o.a.m.s.f.DefaultMavenResourcesFiltering - Copying 1 resource from src\main\resources to target\classes
2024-06-03 16:29:47,600 [Worker-43: Building] INFO  o.a.m.s.f.DefaultMavenResourcesFiltering - Copying 0 resource from src\main\resources to target\classes
2024-06-03 16:29:47,604 [Worker-43: Building] INFO  o.a.m.s.f.DefaultMavenResourcesFiltering - skip non existing resourceDirectory C:\Users\USER\Desktop\react project\library-app\02-backend\spring-boot-library\src\test\resources
2024-06-04 11:41:00,784 [Worker-8: Loading available Gradle versions] INFO  o.e.b.c.i.u.g.PublishedGradleVersions - Gradle version information cache is up-to-date. Trying to read.
2024-06-04 11:49:52,994 [Worker-15: Building] INFO  o.a.m.s.f.DefaultMavenResourcesFiltering - Copying 1 resource from src\main\resources to target\classes
2024-06-04 11:49:53,060 [Worker-15: Building] INFO  o.a.m.s.f.DefaultMavenResourcesFiltering - Copying 0 resource from src\main\resources to target\classes
2024-06-04 11:49:53,068 [Worker-15: Building] INFO  o.a.m.s.f.DefaultMavenResourcesFiltering - skip non existing resourceDirectory C:\Users\USER\Desktop\react project\library-app\02-backend\spring-boot-library\src\test\resources
2024-06-04 12:05:15,461 [Worker-23: Building] INFO  o.a.m.s.f.DefaultMavenResourcesFiltering - Copying 1 resource from src\main\resources to target\classes
2024-06-04 12:05:15,500 [Worker-23: Building] INFO  o.a.m.s.f.DefaultMavenResourcesFiltering - Copying 0 resource from src\main\resources to target\classes
2024-06-04 12:05:15,506 [Worker-23: Building] INFO  o.a.m.s.f.DefaultMavenResourcesFiltering - skip non existing resourceDirectory C:\Users\USER\Desktop\react project\library-app\02-backend\spring-boot-library\src\test\resources
2024-06-04 12:09:38,284 [Worker-28: Building] INFO  o.a.m.s.f.DefaultMavenResourcesFiltering - Copying 1 resource from src\main\resources to target\classes
2024-06-04 12:09:38,294 [Worker-28: Building] INFO  o.a.m.s.f.DefaultMavenResourcesFiltering - Copying 0 resource from src\main\resources to target\classes
2024-06-04 12:09:38,300 [Worker-28: Building] INFO  o.a.m.s.f.DefaultMavenResourcesFiltering - skip non existing resourceDirectory C:\Users\USER\Desktop\react project\library-app\02-backend\spring-boot-library\src\test\resources
2024-06-04 12:14:14,452 [Worker-30: Building] INFO  o.a.m.s.f.DefaultMavenResourcesFiltering - Copying 1 resource from src\main\resources to target\classes
2024-06-04 12:14:14,462 [Worker-30: Building] INFO  o.a.m.s.f.DefaultMavenResourcesFiltering - Copying 0 resource from src\main\resources to target\classes
2024-06-04 12:14:14,468 [Worker-30: Building] INFO  o.a.m.s.f.DefaultMavenResourcesFiltering - skip non existing resourceDirectory C:\Users\USER\Desktop\react project\library-app\02-backend\spring-boot-library\src\test\resources
2024-06-04 12:16:16,795 [Worker-30: Building] INFO  o.a.m.s.f.DefaultMavenResourcesFiltering - Copying 1 resource from src\main\resources to target\classes
2024-06-04 12:16:16,805 [Worker-30: Building] INFO  o.a.m.s.f.DefaultMavenResourcesFiltering - Copying 0 resource from src\main\resources to target\classes
2024-06-04 12:16:16,810 [Worker-30: Building] INFO  o.a.m.s.f.DefaultMavenResourcesFiltering - skip non existing resourceDirectory C:\Users\USER\Desktop\react project\library-app\02-backend\spring-boot-library\src\test\resources
2024-06-04 12:17:13,852 [Worker-29: Building] INFO  o.a.m.s.f.DefaultMavenResourcesFiltering - Copying 1 resource from src\main\resources to target\classes
2024-06-04 12:17:13,862 [Worker-29: Building] INFO  o.a.m.s.f.DefaultMavenResourcesFiltering - Copying 0 resource from src\main\resources to target\classes
2024-06-04 12:17:13,875 [Worker-29: Building] INFO  o.a.m.s.f.DefaultMavenResourcesFiltering - skip non existing resourceDirectory C:\Users\USER\Desktop\react project\library-app\02-backend\spring-boot-library\src\test\resources
2024-06-05 12:54:41,515 [Worker-6: Loading available Gradle versions] INFO  o.e.b.c.i.u.g.PublishedGradleVersions - Gradle version information cache is out-of-date. Trying to update.
2024-06-05 14:17:41,425 [Worker-19: Building] INFO  o.a.m.s.f.DefaultMavenResourcesFiltering - Copying 1 resource from src\main\resources to target\classes
2024-06-05 14:17:41,617 [Worker-19: Building] INFO  o.a.m.s.f.DefaultMavenResourcesFiltering - Copying 0 resource from src\main\resources to target\classes
2024-06-05 14:17:41,625 [Worker-19: Building] INFO  o.a.m.s.f.DefaultMavenResourcesFiltering - skip non existing resourceDirectory C:\Users\USER\Desktop\react project\library-app\02-backend\spring-boot-library\src\test\resources
2024-06-05 14:17:52,881 [Worker-12: Building] INFO  o.a.m.s.f.DefaultMavenResourcesFiltering - Copying 1 resource from src\main\resources to target\classes
2024-06-05 14:17:52,893 [Worker-12: Building] INFO  o.a.m.s.f.DefaultMavenResourcesFiltering - Copying 0 resource from src\main\resources to target\classes
2024-06-05 14:17:52,899 [Worker-12: Building] INFO  o.a.m.s.f.DefaultMavenResourcesFiltering - skip non existing resourceDirectory C:\Users\USER\Desktop\react project\library-app\02-backend\spring-boot-library\src\test\resources
2024-06-05 14:22:37,277 [Worker-24: Building] INFO  o.a.m.s.f.DefaultMavenResourcesFiltering - Copying 1 resource from src\main\resources to target\classes
2024-06-05 14:22:37,287 [Worker-24: Building] INFO  o.a.m.s.f.DefaultMavenResourcesFiltering - Copying 0 resource from src\main\resources to target\classes
2024-06-05 14:22:37,293 [Worker-24: Building] INFO  o.a.m.s.f.DefaultMavenResourcesFiltering - skip non existing resourceDirectory C:\Users\USER\Desktop\react project\library-app\02-backend\spring-boot-library\src\test\resources
2024-06-05 14:22:52,102 [Worker-24: Building] INFO  o.a.m.s.f.DefaultMavenResourcesFiltering - Copying 1 resource from src\main\resources to target\classes
2024-06-05 14:22:52,108 [Worker-24: Building] INFO  o.a.m.s.f.DefaultMavenResourcesFiltering - Copying 0 resource from src\main\resources to target\classes
2024-06-05 14:22:52,111 [Worker-24: Building] INFO  o.a.m.s.f.DefaultMavenResourcesFiltering - skip non existing resourceDirectory C:\Users\USER\Desktop\react project\library-app\02-backend\spring-boot-library\src\test\resources
2024-06-05 14:23:18,671 [Worker-24: Building] INFO  o.a.m.s.f.DefaultMavenResourcesFiltering - Copying 1 resource from src\main\resources to target\classes
2024-06-05 14:23:18,684 [Worker-24: Building] INFO  o.a.m.s.f.DefaultMavenResourcesFiltering - Copying 0 resource from src\main\resources to target\classes
2024-06-05 14:23:18,692 [Worker-24: Building] INFO  o.a.m.s.f.DefaultMavenResourcesFiltering - skip non existing resourceDirectory C:\Users\USER\Desktop\react project\library-app\02-backend\spring-boot-library\src\test\resources
2024-06-05 14:23:32,577 [Worker-24: Building] INFO  o.a.m.s.f.DefaultMavenResourcesFiltering - Copying 1 resource from src\main\resources to target\classes
2024-06-05 14:23:32,584 [Worker-24: Building] INFO  o.a.m.s.f.DefaultMavenResourcesFiltering - Copying 0 resource from src\main\resources to target\classes
2024-06-05 14:23:32,589 [Worker-24: Building] INFO  o.a.m.s.f.DefaultMavenResourcesFiltering - skip non existing resourceDirectory C:\Users\USER\Desktop\react project\library-app\02-backend\spring-boot-library\src\test\resources
2024-06-05 14:23:45,818 [Worker-27: Building] INFO  o.a.m.s.f.DefaultMavenResourcesFiltering - Copying 1 resource from src\main\resources to target\classes
2024-06-05 14:23:45,828 [Worker-27: Building] INFO  o.a.m.s.f.DefaultMavenResourcesFiltering - Copying 0 resource from src\main\resources to target\classes
2024-06-05 14:23:45,834 [Worker-27: Building] INFO  o.a.m.s.f.DefaultMavenResourcesFiltering - skip non existing resourceDirectory C:\Users\USER\Desktop\react project\library-app\02-backend\spring-boot-library\src\test\resources
2024-06-05 14:25:51,942 [Worker-25: Building] INFO  o.a.m.s.f.DefaultMavenResourcesFiltering - Copying 1 resource from src\main\resources to target\classes
2024-06-05 14:25:51,965 [Worker-25: Building] INFO  o.a.m.s.f.DefaultMavenResourcesFiltering - Copying 0 resource from src\main\resources to target\classes
2024-06-05 14:25:51,976 [Worker-25: Building] INFO  o.a.m.s.f.DefaultMavenResourcesFiltering - skip non existing resourceDirectory C:\Users\USER\Desktop\react project\library-app\02-backend\spring-boot-library\src\test\resources
2024-06-05 14:26:06,656 [Worker-28: Building] INFO  o.a.m.s.f.DefaultMavenResourcesFiltering - Copying 1 resource from src\main\resources to target\classes
2024-06-05 14:26:06,673 [Worker-28: Building] INFO  o.a.m.s.f.DefaultMavenResourcesFiltering - Copying 0 resource from src\main\resources to target\classes
2024-06-05 14:26:06,680 [Worker-28: Building] INFO  o.a.m.s.f.DefaultMavenResourcesFiltering - skip non existing resourceDirectory C:\Users\USER\Desktop\react project\library-app\02-backend\spring-boot-library\src\test\resources
2024-06-05 14:26:25,522 [Worker-28: Building] INFO  o.a.m.s.f.DefaultMavenResourcesFiltering - Copying 1 resource from src\main\resources to target\classes
2024-06-05 14:26:25,528 [Worker-28: Building] INFO  o.a.m.s.f.DefaultMavenResourcesFiltering - Copying 0 resource from src\main\resources to target\classes
2024-06-05 14:26:25,531 [Worker-28: Building] INFO  o.a.m.s.f.DefaultMavenResourcesFiltering - skip non existing resourceDirectory C:\Users\USER\Desktop\react project\library-app\02-backend\spring-boot-library\src\test\resources
2024-06-05 14:28:03,461 [Worker-30: Building] INFO  o.a.m.s.f.DefaultMavenResourcesFiltering - Copying 1 resource from src\main\resources to target\classes
2024-06-05 14:28:03,470 [Worker-30: Building] INFO  o.a.m.s.f.DefaultMavenResourcesFiltering - Copying 0 resource from src\main\resources to target\classes
2024-06-05 14:28:03,478 [Worker-30: Building] INFO  o.a.m.s.f.DefaultMavenResourcesFiltering - skip non existing resourceDirectory C:\Users\USER\Desktop\react project\library-app\02-backend\spring-boot-library\src\test\resources
2024-06-05 14:31:54,931 [Worker-31: Building] INFO  o.a.m.s.f.DefaultMavenResourcesFiltering - Copying 1 resource from src\main\resources to target\classes
2024-06-05 14:31:54,938 [Worker-31: Building] INFO  o.a.m.s.f.DefaultMavenResourcesFiltering - Copying 0 resource from src\main\resources to target\classes
2024-06-05 14:31:54,941 [Worker-31: Building] INFO  o.a.m.s.f.DefaultMavenResourcesFiltering - skip non existing resourceDirectory C:\Users\USER\Desktop\react project\library-app\02-backend\spring-boot-library\src\test\resources
2024-06-05 14:32:20,279 [Worker-39: Building] INFO  o.a.m.s.f.DefaultMavenResourcesFiltering - Copying 1 resource from src\main\resources to target\classes
2024-06-05 14:32:20,288 [Worker-39: Building] INFO  o.a.m.s.f.DefaultMavenResourcesFiltering - Copying 0 resource from src\main\resources to target\classes
2024-06-05 14:32:20,293 [Worker-39: Building] INFO  o.a.m.s.f.DefaultMavenResourcesFiltering - skip non existing resourceDirectory C:\Users\USER\Desktop\react project\library-app\02-backend\spring-boot-library\src\test\resources
2024-06-05 16:05:01,207 [Worker-48: Building] INFO  o.a.m.s.f.DefaultMavenResourcesFiltering - Copying 1 resource from src\main\resources to target\classes
2024-06-05 16:05:01,317 [Worker-48: Building] INFO  o.a.m.s.f.DefaultMavenResourcesFiltering - Copying 0 resource from src\main\resources to target\classes
2024-06-05 16:05:01,323 [Worker-48: Building] INFO  o.a.m.s.f.DefaultMavenResourcesFiltering - skip non existing resourceDirectory C:\Users\USER\Desktop\react project\library-app\02-backend\spring-boot-library\src\test\resources
2024-06-05 16:05:23,264 [Worker-36: Building] INFO  o.a.m.s.f.DefaultMavenResourcesFiltering - Copying 1 resource from src\main\resources to target\classes
2024-06-05 16:05:23,289 [Worker-36: Building] INFO  o.a.m.s.f.DefaultMavenResourcesFiltering - Copying 0 resource from src\main\resources to target\classes
2024-06-05 16:05:23,294 [Worker-36: Building] INFO  o.a.m.s.f.DefaultMavenResourcesFiltering - skip non existing resourceDirectory C:\Users\USER\Desktop\react project\library-app\02-backend\spring-boot-library\src\test\resources
2024-06-05 16:08:02,149 [Worker-49: Building] INFO  o.a.m.s.f.DefaultMavenResourcesFiltering - Copying 1 resource from src\main\resources to target\classes
2024-06-05 16:08:02,161 [Worker-49: Building] INFO  o.a.m.s.f.DefaultMavenResourcesFiltering - Copying 0 resource from src\main\resources to target\classes
2024-06-05 16:08:02,167 [Worker-49: Building] INFO  o.a.m.s.f.DefaultMavenResourcesFiltering - skip non existing resourceDirectory C:\Users\USER\Desktop\react project\library-app\02-backend\spring-boot-library\src\test\resources
2024-06-05 16:08:16,277 [Worker-36: Building] INFO  o.a.m.s.f.DefaultMavenResourcesFiltering - Copying 1 resource from src\main\resources to target\classes
2024-06-05 16:08:16,287 [Worker-36: Building] INFO  o.a.m.s.f.DefaultMavenResourcesFiltering - Copying 0 resource from src\main\resources to target\classes
2024-06-05 16:08:16,292 [Worker-36: Building] INFO  o.a.m.s.f.DefaultMavenResourcesFiltering - skip non existing resourceDirectory C:\Users\USER\Desktop\react project\library-app\02-backend\spring-boot-library\src\test\resources
2024-06-05 16:17:06,982 [Worker-50: Building] INFO  o.a.m.s.f.DefaultMavenResourcesFiltering - Copying 1 resource from src\main\resources to target\classes
2024-06-05 16:17:06,992 [Worker-50: Building] INFO  o.a.m.s.f.DefaultMavenResourcesFiltering - Copying 0 resource from src\main\resources to target\classes
2024-06-05 16:17:06,996 [Worker-50: Building] INFO  o.a.m.s.f.DefaultMavenResourcesFiltering - skip non existing resourceDirectory C:\Users\USER\Desktop\react project\library-app\02-backend\spring-boot-library\src\test\resources
2024-06-05 16:18:33,642 [Worker-36: Building] INFO  o.a.m.s.f.DefaultMavenResourcesFiltering - Copying 1 resource from src\main\resources to target\classes
2024-06-05 16:18:33,650 [Worker-36: Building] INFO  o.a.m.s.f.DefaultMavenResourcesFiltering - Copying 0 resource from src\main\resources to target\classes
2024-06-05 16:18:33,656 [Worker-36: Building] INFO  o.a.m.s.f.DefaultMavenResourcesFiltering - skip non existing resourceDirectory C:\Users\USER\Desktop\react project\library-app\02-backend\spring-boot-library\src\test\resources
2024-06-05 16:21:37,956 [Worker-49: Building] INFO  o.a.m.s.f.DefaultMavenResourcesFiltering - Copying 1 resource from src\main\resources to target\classes
2024-06-05 16:21:37,961 [Worker-49: Building] INFO  o.a.m.s.f.DefaultMavenResourcesFiltering - Copying 0 resource from src\main\resources to target\classes
2024-06-05 16:21:37,964 [Worker-49: Building] INFO  o.a.m.s.f.DefaultMavenResourcesFiltering - skip non existing resourceDirectory C:\Users\USER\Desktop\react project\library-app\02-backend\spring-boot-library\src\test\resources
2024-06-05 16:22:25,084 [Worker-53: Building] INFO  o.a.m.s.f.DefaultMavenResourcesFiltering - Copying 1 resource from src\main\resources to target\classes
2024-06-05 16:22:25,084 [Worker-53: Building] INFO  o.a.m.s.f.DefaultMavenResourcesFiltering - Copying 0 resource from src\main\resources to target\classes
2024-06-05 16:22:25,084 [Worker-53: Building] INFO  o.a.m.s.f.DefaultMavenResourcesFiltering - skip non existing resourceDirectory C:\Users\USER\Desktop\react project\library-app\02-backend\spring-boot-library\src\test\resources
2024-06-05 16:23:57,186 [Worker-49: Building] INFO  o.a.m.s.f.DefaultMavenResourcesFiltering - Copying 1 resource from src\main\resources to target\classes
2024-06-05 16:23:57,199 [Worker-49: Building] INFO  o.a.m.s.f.DefaultMavenResourcesFiltering - Copying 0 resource from src\main\resources to target\classes
2024-06-05 16:23:57,205 [Worker-49: Building] INFO  o.a.m.s.f.DefaultMavenResourcesFiltering - skip non existing resourceDirectory C:\Users\USER\Desktop\react project\library-app\02-backend\spring-boot-library\src\test\resources
2024-06-05 16:25:26,457 [Worker-55: Building] INFO  o.a.m.s.f.DefaultMavenResourcesFiltering - Copying 1 resource from src\main\resources to target\classes
2024-06-05 16:25:26,465 [Worker-55: Building] INFO  o.a.m.s.f.DefaultMavenResourcesFiltering - Copying 0 resource from src\main\resources to target\classes
2024-06-05 16:25:26,468 [Worker-55: Building] INFO  o.a.m.s.f.DefaultMavenResourcesFiltering - skip non existing resourceDirectory C:\Users\USER\Desktop\react project\library-app\02-backend\spring-boot-library\src\test\resources
2024-06-05 16:27:48,399 [Worker-49: Building] INFO  o.a.m.s.f.DefaultMavenResourcesFiltering - Copying 1 resource from src\main\resources to target\classes
2024-06-05 16:27:48,437 [Worker-49: Building] INFO  o.a.m.s.f.DefaultMavenResourcesFiltering - Copying 0 resource from src\main\resources to target\classes
2024-06-05 16:27:48,440 [Worker-49: Building] INFO  o.a.m.s.f.DefaultMavenResourcesFiltering - skip non existing resourceDirectory C:\Users\USER\Desktop\react project\library-app\02-backend\spring-boot-library\src\test\resources
2024-06-05 16:36:25,382 [Worker-57: Building] INFO  o.a.m.s.f.DefaultMavenResourcesFiltering - Copying 1 resource from src\main\resources to target\classes
2024-06-05 16:36:25,393 [Worker-57: Building] INFO  o.a.m.s.f.DefaultMavenResourcesFiltering - Copying 0 resource from src\main\resources to target\classes
2024-06-05 16:36:25,398 [Worker-57: Building] INFO  o.a.m.s.f.DefaultMavenResourcesFiltering - skip non existing resourceDirectory C:\Users\USER\Desktop\react project\library-app\02-backend\spring-boot-library\src\test\resources
2024-06-05 16:38:30,325 [Worker-59: Building] INFO  o.a.m.s.f.DefaultMavenResourcesFiltering - Copying 1 resource from src\main\resources to target\classes
2024-06-05 16:38:30,333 [Worker-59: Building] INFO  o.a.m.s.f.DefaultMavenResourcesFiltering - Copying 0 resource from src\main\resources to target\classes
2024-06-05 16:38:30,336 [Worker-59: Building] INFO  o.a.m.s.f.DefaultMavenResourcesFiltering - skip non existing resourceDirectory C:\Users\USER\Desktop\react project\library-app\02-backend\spring-boot-library\src\test\resources
2024-06-05 16:39:48,989 [Worker-55: Building] INFO  o.a.m.s.f.DefaultMavenResourcesFiltering - Copying 1 resource from src\main\resources to target\classes
2024-06-05 16:39:48,992 [Worker-55: Building] INFO  o.a.m.s.f.DefaultMavenResourcesFiltering - Copying 0 resource from src\main\resources to target\classes
2024-06-05 16:39:48,994 [Worker-55: Building] INFO  o.a.m.s.f.DefaultMavenResourcesFiltering - skip non existing resourceDirectory C:\Users\USER\Desktop\react project\library-app\02-backend\spring-boot-library\src\test\resources
2024-06-05 16:42:04,053 [Worker-59: Building] INFO  o.a.m.s.f.DefaultMavenResourcesFiltering - Copying 1 resource from src\main\resources to target\classes
2024-06-05 16:42:04,059 [Worker-59: Building] INFO  o.a.m.s.f.DefaultMavenResourcesFiltering - Copying 0 resource from src\main\resources to target\classes
2024-06-05 16:42:04,063 [Worker-59: Building] INFO  o.a.m.s.f.DefaultMavenResourcesFiltering - skip non existing resourceDirectory C:\Users\USER\Desktop\react project\library-app\02-backend\spring-boot-library\src\test\resources
2024-06-05 16:46:07,532 [Worker-65: Building] INFO  o.a.m.s.f.DefaultMavenResourcesFiltering - Copying 1 resource from src\main\resources to target\classes
2024-06-05 16:46:07,540 [Worker-65: Building] INFO  o.a.m.s.f.DefaultMavenResourcesFiltering - Copying 0 resource from src\main\resources to target\classes
2024-06-05 16:46:07,543 [Worker-65: Building] INFO  o.a.m.s.f.DefaultMavenResourcesFiltering - skip non existing resourceDirectory C:\Users\USER\Desktop\react project\library-app\02-backend\spring-boot-library\src\test\resources
2024-06-05 16:50:24,697 [Worker-72: Building] INFO  o.a.m.s.f.DefaultMavenResourcesFiltering - Copying 1 resource from src\main\resources to target\classes
2024-06-05 16:50:24,704 [Worker-72: Building] INFO  o.a.m.s.f.DefaultMavenResourcesFiltering - Copying 0 resource from src\main\resources to target\classes
2024-06-05 16:50:24,707 [Worker-72: Building] INFO  o.a.m.s.f.DefaultMavenResourcesFiltering - skip non existing resourceDirectory C:\Users\USER\Desktop\react project\library-app\02-backend\spring-boot-library\src\test\resources
2024-06-05 16:51:46,973 [Worker-74: Building] INFO  o.a.m.s.f.DefaultMavenResourcesFiltering - Copying 1 resource from src\main\resources to target\classes
2024-06-05 16:51:46,980 [Worker-74: Building] INFO  o.a.m.s.f.DefaultMavenResourcesFiltering - Copying 0 resource from src\main\resources to target\classes
2024-06-05 16:51:46,983 [Worker-74: Building] INFO  o.a.m.s.f.DefaultMavenResourcesFiltering - skip non existing resourceDirectory C:\Users\USER\Desktop\react project\library-app\02-backend\spring-boot-library\src\test\resources
2024-06-05 16:52:17,168 [Worker-74: Building] INFO  o.a.m.s.f.DefaultMavenResourcesFiltering - Copying 1 resource from src\main\resources to target\classes
2024-06-05 16:52:17,175 [Worker-74: Building] INFO  o.a.m.s.f.DefaultMavenResourcesFiltering - Copying 0 resource from src\main\resources to target\classes
2024-06-05 16:52:17,179 [Worker-74: Building] INFO  o.a.m.s.f.DefaultMavenResourcesFiltering - skip non existing resourceDirectory C:\Users\USER\Desktop\react project\library-app\02-backend\spring-boot-library\src\test\resources
2024-06-05 16:57:59,229 [Worker-79: Building] INFO  o.a.m.s.f.DefaultMavenResourcesFiltering - Copying 1 resource from src\main\resources to target\classes
2024-06-05 16:57:59,235 [Worker-79: Building] INFO  o.a.m.s.f.DefaultMavenResourcesFiltering - Copying 0 resource from src\main\resources to target\classes
2024-06-05 16:57:59,237 [Worker-79: Building] INFO  o.a.m.s.f.DefaultMavenResourcesFiltering - skip non existing resourceDirectory C:\Users\USER\Desktop\react project\library-app\02-backend\spring-boot-library\src\test\resources
2024-06-05 16:59:27,177 [Worker-79: Building] INFO  o.a.m.s.f.DefaultMavenResourcesFiltering - Copying 1 resource from src\main\resources to target\classes
2024-06-05 16:59:27,184 [Worker-79: Building] INFO  o.a.m.s.f.DefaultMavenResourcesFiltering - Copying 0 resource from src\main\resources to target\classes
2024-06-05 16:59:27,187 [Worker-79: Building] INFO  o.a.m.s.f.DefaultMavenResourcesFiltering - skip non existing resourceDirectory C:\Users\USER\Desktop\react project\library-app\02-backend\spring-boot-library\src\test\resources
2024-06-05 17:03:28,167 [Worker-74: Building] INFO  o.a.m.s.f.DefaultMavenResourcesFiltering - Copying 1 resource from src\main\resources to target\classes
2024-06-05 17:03:28,183 [Worker-74: Building] INFO  o.a.m.s.f.DefaultMavenResourcesFiltering - Copying 0 resource from src\main\resources to target\classes
2024-06-05 17:03:28,187 [Worker-74: Building] INFO  o.a.m.s.f.DefaultMavenResourcesFiltering - skip non existing resourceDirectory C:\Users\USER\Desktop\react project\library-app\02-backend\spring-boot-library\src\test\resources
2024-06-06 11:56:58,749 [Worker-4: Loading available Gradle versions] INFO  o.e.b.c.i.u.g.PublishedGradleVersions - Gradle version information cache is up-to-date. Trying to read.
2024-06-06 12:06:47,757 [Worker-15: Building] INFO  o.a.m.s.f.DefaultMavenResourcesFiltering - Copying 1 resource from src\main\resources to target\classes
2024-06-06 12:06:47,789 [Worker-15: Building] INFO  o.a.m.s.f.DefaultMavenResourcesFiltering - Copying 0 resource from src\main\resources to target\classes
2024-06-06 12:06:47,799 [Worker-15: Building] INFO  o.a.m.s.f.DefaultMavenResourcesFiltering - skip non existing resourceDirectory C:\Users\USER\Desktop\react project\library-app\02-backend\spring-boot-library\src\test\resources
2024-06-06 12:07:36,211 [Worker-16: Building] INFO  o.a.m.s.f.DefaultMavenResourcesFiltering - Copying 1 resource from src\main\resources to target\classes
2024-06-06 12:07:36,220 [Worker-16: Building] INFO  o.a.m.s.f.DefaultMavenResourcesFiltering - Copying 0 resource from src\main\resources to target\classes
2024-06-06 12:07:36,226 [Worker-16: Building] INFO  o.a.m.s.f.DefaultMavenResourcesFiltering - skip non existing resourceDirectory C:\Users\USER\Desktop\react project\library-app\02-backend\spring-boot-library\src\test\resources
2024-06-06 12:07:43,112 [Worker-15: Building] INFO  o.a.m.s.f.DefaultMavenResourcesFiltering - Copying 1 resource from src\main\resources to target\classes
2024-06-06 12:07:43,126 [Worker-15: Building] INFO  o.a.m.s.f.DefaultMavenResourcesFiltering - Copying 0 resource from src\main\resources to target\classes
2024-06-06 12:07:43,133 [Worker-15: Building] INFO  o.a.m.s.f.DefaultMavenResourcesFiltering - skip non existing resourceDirectory C:\Users\USER\Desktop\react project\library-app\02-backend\spring-boot-library\src\test\resources
2024-06-06 12:11:27,853 [Worker-19: Building] INFO  o.a.m.s.f.DefaultMavenResourcesFiltering - Copying 1 resource from src\main\resources to target\classes
2024-06-06 12:11:27,864 [Worker-19: Building] INFO  o.a.m.s.f.DefaultMavenResourcesFiltering - Copying 0 resource from src\main\resources to target\classes
2024-06-06 12:11:27,871 [Worker-19: Building] INFO  o.a.m.s.f.DefaultMavenResourcesFiltering - skip non existing resourceDirectory C:\Users\USER\Desktop\react project\library-app\02-backend\spring-boot-library\src\test\resources
2024-06-06 12:33:33,996 [Worker-26: Building] INFO  o.a.m.s.f.DefaultMavenResourcesFiltering - Copying 1 resource from src\main\resources to target\classes
2024-06-06 12:33:34,021 [Worker-26: Building] INFO  o.a.m.s.f.DefaultMavenResourcesFiltering - Copying 0 resource from src\main\resources to target\classes
2024-06-06 12:33:34,027 [Worker-26: Building] INFO  o.a.m.s.f.DefaultMavenResourcesFiltering - skip non existing resourceDirectory C:\Users\USER\Desktop\react project\library-app\02-backend\spring-boot-library\src\test\resources
2024-06-06 12:33:57,049 [Worker-24: Building] INFO  o.a.m.s.f.DefaultMavenResourcesFiltering - Copying 1 resource from src\main\resources to target\classes
2024-06-06 12:33:57,054 [Worker-24: Building] INFO  o.a.m.s.f.DefaultMavenResourcesFiltering - Copying 0 resource from src\main\resources to target\classes
2024-06-06 12:33:57,058 [Worker-24: Building] INFO  o.a.m.s.f.DefaultMavenResourcesFiltering - skip non existing resourceDirectory C:\Users\USER\Desktop\react project\library-app\02-backend\spring-boot-library\src\test\resources
2024-06-06 12:49:42,750 [Worker-38: Building] INFO  o.a.m.s.f.DefaultMavenResourcesFiltering - Copying 1 resource from src\main\resources to target\classes
2024-06-06 12:49:42,762 [Worker-38: Building] INFO  o.a.m.s.f.DefaultMavenResourcesFiltering - Copying 0 resource from src\main\resources to target\classes
2024-06-06 12:49:42,767 [Worker-38: Building] INFO  o.a.m.s.f.DefaultMavenResourcesFiltering - skip non existing resourceDirectory C:\Users\USER\Desktop\react project\library-app\02-backend\spring-boot-library\src\test\resources
2024-06-06 12:49:59,520 [Worker-36: Building] INFO  o.a.m.s.f.DefaultMavenResourcesFiltering - Copying 1 resource from src\main\resources to target\classes
2024-06-06 12:49:59,532 [Worker-36: Building] INFO  o.a.m.s.f.DefaultMavenResourcesFiltering - Copying 0 resource from src\main\resources to target\classes
2024-06-06 12:49:59,534 [Worker-36: Building] INFO  o.a.m.s.f.DefaultMavenResourcesFiltering - skip non existing resourceDirectory C:\Users\USER\Desktop\react project\library-app\02-backend\spring-boot-library\src\test\resources
2024-06-06 12:50:32,176 [Worker-38: Building] INFO  o.a.m.s.f.DefaultMavenResourcesFiltering - Copying 1 resource from src\main\resources to target\classes
2024-06-06 12:50:32,182 [Worker-38: Building] INFO  o.a.m.s.f.DefaultMavenResourcesFiltering - Copying 0 resource from src\main\resources to target\classes
2024-06-06 12:50:32,185 [Worker-38: Building] INFO  o.a.m.s.f.DefaultMavenResourcesFiltering - skip non existing resourceDirectory C:\Users\USER\Desktop\react project\library-app\02-backend\spring-boot-library\src\test\resources
2024-06-06 12:51:45,278 [Worker-40: Building] INFO  o.a.m.s.f.DefaultMavenResourcesFiltering - Copying 1 resource from src\main\resources to target\classes
2024-06-06 12:51:45,284 [Worker-40: Building] INFO  o.a.m.s.f.DefaultMavenResourcesFiltering - Copying 0 resource from src\main\resources to target\classes
2024-06-06 12:51:45,287 [Worker-40: Building] INFO  o.a.m.s.f.DefaultMavenResourcesFiltering - skip non existing resourceDirectory C:\Users\USER\Desktop\react project\library-app\02-backend\spring-boot-library\src\test\resources
2024-06-06 12:52:00,253 [Worker-39: Building] INFO  o.a.m.s.f.DefaultMavenResourcesFiltering - Copying 1 resource from src\main\resources to target\classes
2024-06-06 12:52:00,258 [Worker-39: Building] INFO  o.a.m.s.f.DefaultMavenResourcesFiltering - Copying 0 resource from src\main\resources to target\classes
2024-06-06 12:52:00,260 [Worker-39: Building] INFO  o.a.m.s.f.DefaultMavenResourcesFiltering - skip non existing resourceDirectory C:\Users\USER\Desktop\react project\library-app\02-backend\spring-boot-library\src\test\resources
2024-06-06 12:52:19,201 [Worker-40: Building] INFO  o.a.m.s.f.DefaultMavenResourcesFiltering - Copying 1 resource from src\main\resources to target\classes
2024-06-06 12:52:19,206 [Worker-40: Building] INFO  o.a.m.s.f.DefaultMavenResourcesFiltering - Copying 0 resource from src\main\resources to target\classes
2024-06-06 12:52:19,210 [Worker-40: Building] INFO  o.a.m.s.f.DefaultMavenResourcesFiltering - skip non existing resourceDirectory C:\Users\USER\Desktop\react project\library-app\02-backend\spring-boot-library\src\test\resources
2024-06-06 12:52:24,270 [Worker-31: Building] INFO  o.a.m.s.f.DefaultMavenResourcesFiltering - Copying 1 resource from src\main\resources to target\classes
2024-06-06 12:52:24,274 [Worker-31: Building] INFO  o.a.m.s.f.DefaultMavenResourcesFiltering - Copying 0 resource from src\main\resources to target\classes
2024-06-06 12:52:24,284 [Worker-31: Building] INFO  o.a.m.s.f.DefaultMavenResourcesFiltering - skip non existing resourceDirectory C:\Users\USER\Desktop\react project\library-app\02-backend\spring-boot-library\src\test\resources
2024-06-06 14:34:36,667 [Worker-60: Building] INFO  o.a.m.s.f.DefaultMavenResourcesFiltering - Copying 1 resource from src\main\resources to target\classes
2024-06-06 14:34:36,724 [Worker-60: Building] INFO  o.a.m.s.f.DefaultMavenResourcesFiltering - Copying 0 resource from src\main\resources to target\classes
2024-06-06 14:34:36,728 [Worker-60: Building] INFO  o.a.m.s.f.DefaultMavenResourcesFiltering - skip non existing resourceDirectory C:\Users\USER\Desktop\react project\library-app\02-backend\spring-boot-library\src\test\resources
2024-06-06 14:35:15,100 [Worker-62: Building] INFO  o.a.m.s.f.DefaultMavenResourcesFiltering - Copying 1 resource from src\main\resources to target\classes
2024-06-06 14:35:15,117 [Worker-62: Building] INFO  o.a.m.s.f.DefaultMavenResourcesFiltering - Copying 0 resource from src\main\resources to target\classes
2024-06-06 14:35:15,120 [Worker-62: Building] INFO  o.a.m.s.f.DefaultMavenResourcesFiltering - skip non existing resourceDirectory C:\Users\USER\Desktop\react project\library-app\02-backend\spring-boot-library\src\test\resources
2024-06-06 15:22:33,507 [Worker-70: Building] INFO  o.a.m.s.f.DefaultMavenResourcesFiltering - Copying 1 resource from src\main\resources to target\classes
2024-06-06 15:22:33,540 [Worker-70: Building] INFO  o.a.m.s.f.DefaultMavenResourcesFiltering - Copying 0 resource from src\main\resources to target\classes
2024-06-06 15:22:33,545 [Worker-70: Building] INFO  o.a.m.s.f.DefaultMavenResourcesFiltering - skip non existing resourceDirectory C:\Users\USER\Desktop\react project\library-app\02-backend\spring-boot-library\src\test\resources
2024-06-06 15:36:24,514 [Worker-75: Building] INFO  o.a.m.s.f.DefaultMavenResourcesFiltering - Copying 1 resource from src\main\resources to target\classes
2024-06-06 15:36:24,514 [Worker-75: Building] INFO  o.a.m.s.f.DefaultMavenResourcesFiltering - Copying 0 resource from src\main\resources to target\classes
2024-06-06 15:36:24,529 [Worker-75: Building] INFO  o.a.m.s.f.DefaultMavenResourcesFiltering - skip non existing resourceDirectory C:\Users\USER\Desktop\react project\library-app\02-backend\spring-boot-library\src\test\resources
2024-06-06 15:42:23,376 [Worker-88: Building] INFO  o.a.m.s.f.DefaultMavenResourcesFiltering - Copying 1 resource from src\main\resources to target\classes
2024-06-06 15:42:23,409 [Worker-88: Building] INFO  o.a.m.s.f.DefaultMavenResourcesFiltering - Copying 0 resource from src\main\resources to target\classes
2024-06-06 15:42:23,410 [Worker-88: Building] INFO  o.a.m.s.f.DefaultMavenResourcesFiltering - skip non existing resourceDirectory C:\Users\USER\Desktop\react project\library-app\02-backend\spring-boot-library\src\test\resources
2024-06-06 15:44:17,725 [Worker-89: Building] INFO  o.a.m.s.f.DefaultMavenResourcesFiltering - Copying 1 resource from src\main\resources to target\classes
2024-06-06 15:44:17,735 [Worker-89: Building] INFO  o.a.m.s.f.DefaultMavenResourcesFiltering - Copying 0 resource from src\main\resources to target\classes
2024-06-06 15:44:17,740 [Worker-89: Building] INFO  o.a.m.s.f.DefaultMavenResourcesFiltering - skip non existing resourceDirectory C:\Users\USER\Desktop\react project\library-app\02-backend\spring-boot-library\src\test\resources
2024-06-06 15:44:31,640 [Worker-84: Building] INFO  o.a.m.s.f.DefaultMavenResourcesFiltering - Copying 1 resource from src\main\resources to target\classes
2024-06-06 15:44:31,651 [Worker-84: Building] INFO  o.a.m.s.f.DefaultMavenResourcesFiltering - Copying 0 resource from src\main\resources to target\classes
2024-06-06 15:44:31,656 [Worker-84: Building] INFO  o.a.m.s.f.DefaultMavenResourcesFiltering - skip non existing resourceDirectory C:\Users\USER\Desktop\react project\library-app\02-backend\spring-boot-library\src\test\resources
2024-06-06 16:09:24,722 [Worker-98: Building] INFO  o.a.m.s.f.DefaultMavenResourcesFiltering - Copying 1 resource from src\main\resources to target\classes
2024-06-06 16:09:24,743 [Worker-98: Building] INFO  o.a.m.s.f.DefaultMavenResourcesFiltering - Copying 0 resource from src\main\resources to target\classes
2024-06-06 16:09:24,748 [Worker-98: Building] INFO  o.a.m.s.f.DefaultMavenResourcesFiltering - skip non existing resourceDirectory C:\Users\USER\Desktop\react project\library-app\02-backend\spring-boot-library\src\test\resources
2024-06-06 16:24:24,453 [Worker-102: Building] INFO  o.a.m.s.f.DefaultMavenResourcesFiltering - Copying 1 resource from src\main\resources to target\classes
2024-06-06 16:24:24,487 [Worker-102: Building] INFO  o.a.m.s.f.DefaultMavenResourcesFiltering - Copying 0 resource from src\main\resources to target\classes
2024-06-06 16:24:24,490 [Worker-102: Building] INFO  o.a.m.s.f.DefaultMavenResourcesFiltering - skip non existing resourceDirectory C:\Users\USER\Desktop\react project\library-app\02-backend\spring-boot-library\src\test\resources
2024-06-06 16:24:44,599 [Worker-104: Building] INFO  o.a.m.s.f.DefaultMavenResourcesFiltering - Copying 1 resource from src\main\resources to target\classes
2024-06-06 16:24:44,626 [Worker-104: Building] INFO  o.a.m.s.f.DefaultMavenResourcesFiltering - Copying 0 resource from src\main\resources to target\classes
2024-06-06 16:24:44,629 [Worker-104: Building] INFO  o.a.m.s.f.DefaultMavenResourcesFiltering - skip non existing resourceDirectory C:\Users\USER\Desktop\react project\library-app\02-backend\spring-boot-library\src\test\resources
2024-06-06 16:24:56,375 [Worker-96: Building] INFO  o.a.m.s.f.DefaultMavenResourcesFiltering - Copying 1 resource from src\main\resources to target\classes
2024-06-06 16:24:56,383 [Worker-96: Building] INFO  o.a.m.s.f.DefaultMavenResourcesFiltering - Copying 0 resource from src\main\resources to target\classes
2024-06-06 16:24:56,388 [Worker-96: Building] INFO  o.a.m.s.f.DefaultMavenResourcesFiltering - skip non existing resourceDirectory C:\Users\USER\Desktop\react project\library-app\02-backend\spring-boot-library\src\test\resources
2024-06-06 16:26:12,213 [Worker-105: Building] INFO  o.a.m.s.f.DefaultMavenResourcesFiltering - Copying 1 resource from src\main\resources to target\classes
2024-06-06 16:26:12,221 [Worker-105: Building] INFO  o.a.m.s.f.DefaultMavenResourcesFiltering - Copying 0 resource from src\main\resources to target\classes
2024-06-06 16:26:12,226 [Worker-105: Building] INFO  o.a.m.s.f.DefaultMavenResourcesFiltering - skip non existing resourceDirectory C:\Users\USER\Desktop\react project\library-app\02-backend\spring-boot-library\src\test\resources
2024-06-06 16:38:44,100 [Worker-106: Building] INFO  o.a.m.s.f.DefaultMavenResourcesFiltering - Copying 1 resource from src\main\resources to target\classes
2024-06-06 16:38:44,113 [Worker-106: Building] INFO  o.a.m.s.f.DefaultMavenResourcesFiltering - Copying 0 resource from src\main\resources to target\classes
2024-06-06 16:38:44,128 [Worker-106: Building] INFO  o.a.m.s.f.DefaultMavenResourcesFiltering - skip non existing resourceDirectory C:\Users\USER\Desktop\react project\library-app\02-backend\spring-boot-library\src\test\resources
2024-06-06 16:39:46,319 [Worker-116: Building] INFO  o.a.m.s.f.DefaultMavenResourcesFiltering - Copying 1 resource from src\main\resources to target\classes
2024-06-06 16:39:46,328 [Worker-116: Building] INFO  o.a.m.s.f.DefaultMavenResourcesFiltering - Copying 0 resource from src\main\resources to target\classes
2024-06-06 16:39:46,332 [Worker-116: Building] INFO  o.a.m.s.f.DefaultMavenResourcesFiltering - skip non existing resourceDirectory C:\Users\USER\Desktop\react project\library-app\02-backend\spring-boot-library\src\test\resources
2024-06-06 16:41:04,718 [Worker-106: Building] INFO  o.a.m.s.f.DefaultMavenResourcesFiltering - Copying 1 resource from src\main\resources to target\classes
2024-06-06 16:41:04,733 [Worker-106: Building] INFO  o.a.m.s.f.DefaultMavenResourcesFiltering - Copying 0 resource from src\main\resources to target\classes
2024-06-06 16:41:04,741 [Worker-106: Building] INFO  o.a.m.s.f.DefaultMavenResourcesFiltering - skip non existing resourceDirectory C:\Users\USER\Desktop\react project\library-app\02-backend\spring-boot-library\src\test\resources
2024-06-06 16:42:24,758 [Worker-117: Building] INFO  o.a.m.s.f.DefaultMavenResourcesFiltering - Copying 1 resource from src\main\resources to target\classes
2024-06-06 16:42:24,767 [Worker-117: Building] INFO  o.a.m.s.f.DefaultMavenResourcesFiltering - Copying 0 resource from src\main\resources to target\classes
2024-06-06 16:42:24,772 [Worker-117: Building] INFO  o.a.m.s.f.DefaultMavenResourcesFiltering - skip non existing resourceDirectory C:\Users\USER\Desktop\react project\library-app\02-backend\spring-boot-library\src\test\resources
2024-06-06 16:47:32,107 [Worker-111: Building] INFO  o.a.m.s.f.DefaultMavenResourcesFiltering - Copying 1 resource from src\main\resources to target\classes
2024-06-06 16:47:32,115 [Worker-111: Building] INFO  o.a.m.s.f.DefaultMavenResourcesFiltering - Copying 0 resource from src\main\resources to target\classes
2024-06-06 16:47:32,119 [Worker-111: Building] INFO  o.a.m.s.f.DefaultMavenResourcesFiltering - skip non existing resourceDirectory C:\Users\USER\Desktop\react project\library-app\02-backend\spring-boot-library\src\test\resources
2024-06-06 16:52:20,221 [Worker-124: Building] INFO  o.a.m.s.f.DefaultMavenResourcesFiltering - Copying 1 resource from src\main\resources to target\classes
2024-06-06 16:52:20,230 [Worker-124: Building] INFO  o.a.m.s.f.DefaultMavenResourcesFiltering - Copying 0 resource from src\main\resources to target\classes
2024-06-06 16:52:20,233 [Worker-124: Building] INFO  o.a.m.s.f.DefaultMavenResourcesFiltering - skip non existing resourceDirectory C:\Users\USER\Desktop\react project\library-app\02-backend\spring-boot-library\src\test\resources
2024-06-06 16:54:43,256 [Worker-124: Building] INFO  o.a.m.s.f.DefaultMavenResourcesFiltering - Copying 1 resource from src\main\resources to target\classes
2024-06-06 16:54:43,264 [Worker-124: Building] INFO  o.a.m.s.f.DefaultMavenResourcesFiltering - Copying 0 resource from src\main\resources to target\classes
2024-06-06 16:54:43,270 [Worker-124: Building] INFO  o.a.m.s.f.DefaultMavenResourcesFiltering - skip non existing resourceDirectory C:\Users\USER\Desktop\react project\library-app\02-backend\spring-boot-library\src\test\resources
2024-06-06 16:55:49,913 [Worker-123: Building] INFO  o.a.m.s.f.DefaultMavenResourcesFiltering - Copying 1 resource from src\main\resources to target\classes
2024-06-06 16:55:49,921 [Worker-123: Building] INFO  o.a.m.s.f.DefaultMavenResourcesFiltering - Copying 0 resource from src\main\resources to target\classes
2024-06-06 16:55:49,925 [Worker-123: Building] INFO  o.a.m.s.f.DefaultMavenResourcesFiltering - skip non existing resourceDirectory C:\Users\USER\Desktop\react project\library-app\02-backend\spring-boot-library\src\test\resources
2024-06-06 16:56:19,114 [Worker-125: Building] INFO  o.a.m.s.f.DefaultMavenResourcesFiltering - Copying 1 resource from src\main\resources to target\classes
2024-06-06 16:56:19,120 [Worker-125: Building] INFO  o.a.m.s.f.DefaultMavenResourcesFiltering - Copying 0 resource from src\main\resources to target\classes
2024-06-06 16:56:19,125 [Worker-125: Building] INFO  o.a.m.s.f.DefaultMavenResourcesFiltering - skip non existing resourceDirectory C:\Users\USER\Desktop\react project\library-app\02-backend\spring-boot-library\src\test\resources
2024-06-06 16:56:35,575 [Worker-124: Building] INFO  o.a.m.s.f.DefaultMavenResourcesFiltering - Copying 1 resource from src\main\resources to target\classes
2024-06-06 16:56:35,583 [Worker-124: Building] INFO  o.a.m.s.f.DefaultMavenResourcesFiltering - Copying 0 resource from src\main\resources to target\classes
2024-06-06 16:56:35,586 [Worker-124: Building] INFO  o.a.m.s.f.DefaultMavenResourcesFiltering - skip non existing resourceDirectory C:\Users\USER\Desktop\react project\library-app\02-backend\spring-boot-library\src\test\resources
2024-06-06 16:57:28,806 [Worker-125: Building] INFO  o.a.m.s.f.DefaultMavenResourcesFiltering - Copying 1 resource from src\main\resources to target\classes
2024-06-06 16:57:28,828 [Worker-125: Building] INFO  o.a.m.s.f.DefaultMavenResourcesFiltering - Copying 0 resource from src\main\resources to target\classes
2024-06-06 16:57:28,831 [Worker-125: Building] INFO  o.a.m.s.f.DefaultMavenResourcesFiltering - skip non existing resourceDirectory C:\Users\USER\Desktop\react project\library-app\02-backend\spring-boot-library\src\test\resources
2024-06-06 17:39:20,330 [Worker-134: Building] INFO  o.a.m.s.f.DefaultMavenResourcesFiltering - Copying 1 resource from src\main\resources to target\classes
2024-06-06 17:39:20,356 [Worker-134: Building] INFO  o.a.m.s.f.DefaultMavenResourcesFiltering - Copying 0 resource from src\main\resources to target\classes
2024-06-06 17:39:20,361 [Worker-134: Building] INFO  o.a.m.s.f.DefaultMavenResourcesFiltering - skip non existing resourceDirectory C:\Users\USER\Desktop\react project\library-app\02-backend\spring-boot-library\src\test\resources
2024-06-06 17:41:28,723 [Worker-132: Building] INFO  o.a.m.s.f.DefaultMavenResourcesFiltering - Copying 1 resource from src\main\resources to target\classes
2024-06-06 17:41:28,849 [Worker-132: Building] INFO  o.a.m.s.f.DefaultMavenResourcesFiltering - Copying 0 resource from src\main\resources to target\classes
2024-06-06 17:41:28,863 [Worker-132: Building] INFO  o.a.m.s.f.DefaultMavenResourcesFiltering - skip non existing resourceDirectory C:\Users\USER\Desktop\react project\library-app\02-backend\spring-boot-library\src\test\resources
2024-06-06 17:44:49,347 [Worker-133: Building] INFO  o.a.m.s.f.DefaultMavenResourcesFiltering - Copying 1 resource from src\main\resources to target\classes
2024-06-06 17:44:49,451 [Worker-133: Building] INFO  o.a.m.s.f.DefaultMavenResourcesFiltering - Copying 0 resource from src\main\resources to target\classes
2024-06-06 17:44:49,456 [Worker-133: Building] INFO  o.a.m.s.f.DefaultMavenResourcesFiltering - skip non existing resourceDirectory C:\Users\USER\Desktop\react project\library-app\02-backend\spring-boot-library\src\test\resources
2024-06-06 17:45:33,713 [Worker-132: Building] INFO  o.a.m.s.f.DefaultMavenResourcesFiltering - Copying 1 resource from src\main\resources to target\classes
2024-06-06 17:45:33,785 [Worker-132: Building] INFO  o.a.m.s.f.DefaultMavenResourcesFiltering - Copying 0 resource from src\main\resources to target\classes
2024-06-06 17:45:33,788 [Worker-132: Building] INFO  o.a.m.s.f.DefaultMavenResourcesFiltering - skip non existing resourceDirectory C:\Users\USER\Desktop\react project\library-app\02-backend\spring-boot-library\src\test\resources
2024-06-06 17:45:54,160 [Worker-133: Building] INFO  o.a.m.s.f.DefaultMavenResourcesFiltering - Copying 1 resource from src\main\resources to target\classes
2024-06-06 17:45:54,199 [Worker-133: Building] INFO  o.a.m.s.f.DefaultMavenResourcesFiltering - Copying 0 resource from src\main\resources to target\classes
2024-06-06 17:45:54,204 [Worker-133: Building] INFO  o.a.m.s.f.DefaultMavenResourcesFiltering - skip non existing resourceDirectory C:\Users\USER\Desktop\react project\library-app\02-backend\spring-boot-library\src\test\resources
2024-06-06 18:51:33,826 [Worker-153: Building] INFO  o.a.m.s.f.DefaultMavenResourcesFiltering - Copying 1 resource from src\main\resources to target\classes
2024-06-06 18:51:34,008 [Worker-153: Building] INFO  o.a.m.s.f.DefaultMavenResourcesFiltering - Copying 0 resource from src\main\resources to target\classes
2024-06-06 18:51:34,019 [Worker-153: Building] INFO  o.a.m.s.f.DefaultMavenResourcesFiltering - skip non existing resourceDirectory C:\Users\USER\Desktop\react project\library-app\02-backend\spring-boot-library\src\test\resources
2024-06-06 18:52:24,617 [Worker-150: Building] INFO  o.a.m.s.f.DefaultMavenResourcesFiltering - Copying 1 resource from src\main\resources to target\classes
2024-06-06 18:52:24,753 [Worker-150: Building] INFO  o.a.m.s.f.DefaultMavenResourcesFiltering - Copying 0 resource from src\main\resources to target\classes
2024-06-06 18:52:24,759 [Worker-150: Building] INFO  o.a.m.s.f.DefaultMavenResourcesFiltering - skip non existing resourceDirectory C:\Users\USER\Desktop\react project\library-app\02-backend\spring-boot-library\src\test\resources
2024-06-06 18:53:10,883 [Worker-155: Building] INFO  o.a.m.s.f.DefaultMavenResourcesFiltering - Copying 1 resource from src\main\resources to target\classes
2024-06-06 18:53:10,923 [Worker-155: Building] INFO  o.a.m.s.f.DefaultMavenResourcesFiltering - Copying 0 resource from src\main\resources to target\classes
2024-06-06 18:53:10,926 [Worker-155: Building] INFO  o.a.m.s.f.DefaultMavenResourcesFiltering - skip non existing resourceDirectory C:\Users\USER\Desktop\react project\library-app\02-backend\spring-boot-library\src\test\resources
2024-06-06 18:54:34,931 [Worker-155: Building] INFO  o.a.m.s.f.DefaultMavenResourcesFiltering - Copying 1 resource from src\main\resources to target\classes
2024-06-06 18:54:34,941 [Worker-155: Building] INFO  o.a.m.s.f.DefaultMavenResourcesFiltering - Copying 0 resource from src\main\resources to target\classes
2024-06-06 18:54:34,948 [Worker-155: Building] INFO  o.a.m.s.f.DefaultMavenResourcesFiltering - skip non existing resourceDirectory C:\Users\USER\Desktop\react project\library-app\02-backend\spring-boot-library\src\test\resources
2024-06-06 18:55:25,558 [Worker-152: Building] INFO  o.a.m.s.f.DefaultMavenResourcesFiltering - Copying 1 resource from src\main\resources to target\classes
2024-06-06 18:55:25,566 [Worker-152: Building] INFO  o.a.m.s.f.DefaultMavenResourcesFiltering - Copying 0 resource from src\main\resources to target\classes
2024-06-06 18:55:25,569 [Worker-152: Building] INFO  o.a.m.s.f.DefaultMavenResourcesFiltering - skip non existing resourceDirectory C:\Users\USER\Desktop\react project\library-app\02-backend\spring-boot-library\src\test\resources
2024-06-06 18:56:30,913 [Worker-158: Building] INFO  o.a.m.s.f.DefaultMavenResourcesFiltering - Copying 1 resource from src\main\resources to target\classes
2024-06-06 18:56:30,922 [Worker-158: Building] INFO  o.a.m.s.f.DefaultMavenResourcesFiltering - Copying 0 resource from src\main\resources to target\classes
2024-06-06 18:56:30,927 [Worker-158: Building] INFO  o.a.m.s.f.DefaultMavenResourcesFiltering - skip non existing resourceDirectory C:\Users\USER\Desktop\react project\library-app\02-backend\spring-boot-library\src\test\resources
2024-06-06 18:57:47,114 [Worker-152: Building] INFO  o.a.m.s.f.DefaultMavenResourcesFiltering - Copying 1 resource from src\main\resources to target\classes
2024-06-06 18:57:47,125 [Worker-152: Building] INFO  o.a.m.s.f.DefaultMavenResourcesFiltering - Copying 0 resource from src\main\resources to target\classes
2024-06-06 18:57:47,129 [Worker-152: Building] INFO  o.a.m.s.f.DefaultMavenResourcesFiltering - skip non existing resourceDirectory C:\Users\USER\Desktop\react project\library-app\02-backend\spring-boot-library\src\test\resources
2024-06-06 18:58:07,140 [Worker-157: Building] INFO  o.a.m.s.f.DefaultMavenResourcesFiltering - Copying 1 resource from src\main\resources to target\classes
2024-06-06 18:58:07,155 [Worker-157: Building] INFO  o.a.m.s.f.DefaultMavenResourcesFiltering - Copying 0 resource from src\main\resources to target\classes
2024-06-06 18:58:07,160 [Worker-157: Building] INFO  o.a.m.s.f.DefaultMavenResourcesFiltering - skip non existing resourceDirectory C:\Users\USER\Desktop\react project\library-app\02-backend\spring-boot-library\src\test\resources
2024-06-06 18:59:44,548 [Worker-152: Building] INFO  o.a.m.s.f.DefaultMavenResourcesFiltering - Copying 1 resource from src\main\resources to target\classes
2024-06-06 18:59:44,560 [Worker-152: Building] INFO  o.a.m.s.f.DefaultMavenResourcesFiltering - Copying 0 resource from src\main\resources to target\classes
2024-06-06 18:59:44,568 [Worker-152: Building] INFO  o.a.m.s.f.DefaultMavenResourcesFiltering - skip non existing resourceDirectory C:\Users\USER\Desktop\react project\library-app\02-backend\spring-boot-library\src\test\resources
2024-06-06 19:02:07,497 [Worker-157: Building] INFO  o.a.m.s.f.DefaultMavenResourcesFiltering - Copying 1 resource from src\main\resources to target\classes
2024-06-06 19:02:07,505 [Worker-157: Building] INFO  o.a.m.s.f.DefaultMavenResourcesFiltering - Copying 0 resource from src\main\resources to target\classes
2024-06-06 19:02:07,509 [Worker-157: Building] INFO  o.a.m.s.f.DefaultMavenResourcesFiltering - skip non existing resourceDirectory C:\Users\USER\Desktop\react project\library-app\02-backend\spring-boot-library\src\test\resources
2024-06-06 19:03:42,529 [Worker-152: Building] INFO  o.a.m.s.f.DefaultMavenResourcesFiltering - Copying 1 resource from src\main\resources to target\classes
2024-06-06 19:03:42,537 [Worker-152: Building] INFO  o.a.m.s.f.DefaultMavenResourcesFiltering - Copying 0 resource from src\main\resources to target\classes
2024-06-06 19:03:42,541 [Worker-152: Building] INFO  o.a.m.s.f.DefaultMavenResourcesFiltering - skip non existing resourceDirectory C:\Users\USER\Desktop\react project\library-app\02-backend\spring-boot-library\src\test\resources
2024-06-06 19:04:21,922 [Worker-162: Building] INFO  o.a.m.s.f.DefaultMavenResourcesFiltering - Copying 1 resource from src\main\resources to target\classes
2024-06-06 19:04:21,932 [Worker-162: Building] INFO  o.a.m.s.f.DefaultMavenResourcesFiltering - Copying 0 resource from src\main\resources to target\classes
2024-06-06 19:04:21,937 [Worker-162: Building] INFO  o.a.m.s.f.DefaultMavenResourcesFiltering - skip non existing resourceDirectory C:\Users\USER\Desktop\react project\library-app\02-backend\spring-boot-library\src\test\resources
2024-06-06 19:04:35,395 [Worker-152: Building] INFO  o.a.m.s.f.DefaultMavenResourcesFiltering - Copying 1 resource from src\main\resources to target\classes
2024-06-06 19:04:35,401 [Worker-152: Building] INFO  o.a.m.s.f.DefaultMavenResourcesFiltering - Copying 0 resource from src\main\resources to target\classes
2024-06-06 19:04:35,404 [Worker-152: Building] INFO  o.a.m.s.f.DefaultMavenResourcesFiltering - skip non existing resourceDirectory C:\Users\USER\Desktop\react project\library-app\02-backend\spring-boot-library\src\test\resources
2024-06-06 19:04:43,250 [Worker-165: Building] INFO  o.a.m.s.f.DefaultMavenResourcesFiltering - Copying 1 resource from src\main\resources to target\classes
2024-06-06 19:04:43,260 [Worker-165: Building] INFO  o.a.m.s.f.DefaultMavenResourcesFiltering - Copying 0 resource from src\main\resources to target\classes
2024-06-06 19:04:43,267 [Worker-165: Building] INFO  o.a.m.s.f.DefaultMavenResourcesFiltering - skip non existing resourceDirectory C:\Users\USER\Desktop\react project\library-app\02-backend\spring-boot-library\src\test\resources
2024-06-07 11:42:04,883 [Worker-8: Loading available Gradle versions] INFO  o.e.b.c.i.u.g.PublishedGradleVersions - Gradle version information cache is out-of-date. Trying to update.
2024-06-07 11:54:02,447 [Worker-14: Building] INFO  o.a.m.s.f.DefaultMavenResourcesFiltering - Copying 1 resource from src\main\resources to target\classes
2024-06-07 11:54:02,512 [Worker-14: Building] INFO  o.a.m.s.f.DefaultMavenResourcesFiltering - Copying 0 resource from src\main\resources to target\classes
2024-06-07 11:54:02,523 [Worker-14: Building] INFO  o.a.m.s.f.DefaultMavenResourcesFiltering - skip non existing resourceDirectory C:\Users\USER\Desktop\react project\library-app\02-backend\spring-boot-library\src\test\resources
2024-06-07 12:01:10,783 [Worker-28: Building] INFO  o.a.m.s.f.DefaultMavenResourcesFiltering - Copying 1 resource from src\main\resources to target\classes
2024-06-07 12:01:10,794 [Worker-28: Building] INFO  o.a.m.s.f.DefaultMavenResourcesFiltering - Copying 0 resource from src\main\resources to target\classes
2024-06-07 12:01:10,800 [Worker-28: Building] INFO  o.a.m.s.f.DefaultMavenResourcesFiltering - skip non existing resourceDirectory C:\Users\USER\Desktop\react project\library-app\02-backend\spring-boot-library\src\test\resources
2024-06-07 12:02:57,521 [Worker-24: Building] INFO  o.a.m.s.f.DefaultMavenResourcesFiltering - Copying 1 resource from src\main\resources to target\classes
2024-06-07 12:02:57,529 [Worker-24: Building] INFO  o.a.m.s.f.DefaultMavenResourcesFiltering - Copying 0 resource from src\main\resources to target\classes
2024-06-07 12:02:57,536 [Worker-24: Building] INFO  o.a.m.s.f.DefaultMavenResourcesFiltering - skip non existing resourceDirectory C:\Users\USER\Desktop\react project\library-app\02-backend\spring-boot-library\src\test\resources
2024-06-07 12:04:13,994 [Worker-18: Building] INFO  o.a.m.s.f.DefaultMavenResourcesFiltering - Copying 1 resource from src\main\resources to target\classes
2024-06-07 12:04:14,003 [Worker-18: Building] INFO  o.a.m.s.f.DefaultMavenResourcesFiltering - Copying 0 resource from src\main\resources to target\classes
2024-06-07 12:04:14,009 [Worker-18: Building] INFO  o.a.m.s.f.DefaultMavenResourcesFiltering - skip non existing resourceDirectory C:\Users\USER\Desktop\react project\library-app\02-backend\spring-boot-library\src\test\resources
2024-06-07 12:05:12,657 [Worker-24: Building] INFO  o.a.m.s.f.DefaultMavenResourcesFiltering - Copying 1 resource from src\main\resources to target\classes
2024-06-07 12:05:12,664 [Worker-24: Building] INFO  o.a.m.s.f.DefaultMavenResourcesFiltering - Copying 0 resource from src\main\resources to target\classes
2024-06-07 12:05:12,668 [Worker-24: Building] INFO  o.a.m.s.f.DefaultMavenResourcesFiltering - skip non existing resourceDirectory C:\Users\USER\Desktop\react project\library-app\02-backend\spring-boot-library\src\test\resources
2024-06-07 12:05:51,981 [Worker-26: Building] INFO  o.a.m.s.f.DefaultMavenResourcesFiltering - Copying 1 resource from src\main\resources to target\classes
2024-06-07 12:05:51,989 [Worker-26: Building] INFO  o.a.m.s.f.DefaultMavenResourcesFiltering - Copying 0 resource from src\main\resources to target\classes
2024-06-07 12:05:51,997 [Worker-26: Building] INFO  o.a.m.s.f.DefaultMavenResourcesFiltering - skip non existing resourceDirectory C:\Users\USER\Desktop\react project\library-app\02-backend\spring-boot-library\src\test\resources
2024-06-07 12:09:02,545 [Worker-25: Building] INFO  o.a.m.s.f.DefaultMavenResourcesFiltering - Copying 1 resource from src\main\resources to target\classes
2024-06-07 12:09:02,555 [Worker-25: Building] INFO  o.a.m.s.f.DefaultMavenResourcesFiltering - Copying 0 resource from src\main\resources to target\classes
2024-06-07 12:09:02,563 [Worker-25: Building] INFO  o.a.m.s.f.DefaultMavenResourcesFiltering - skip non existing resourceDirectory C:\Users\USER\Desktop\react project\library-app\02-backend\spring-boot-library\src\test\resources
2024-06-07 12:09:14,820 [Worker-30: Building] INFO  o.a.m.s.f.DefaultMavenResourcesFiltering - Copying 1 resource from src\main\resources to target\classes
2024-06-07 12:09:14,831 [Worker-30: Building] INFO  o.a.m.s.f.DefaultMavenResourcesFiltering - Copying 0 resource from src\main\resources to target\classes
2024-06-07 12:09:14,837 [Worker-30: Building] INFO  o.a.m.s.f.DefaultMavenResourcesFiltering - skip non existing resourceDirectory C:\Users\USER\Desktop\react project\library-app\02-backend\spring-boot-library\src\test\resources
2024-06-07 12:10:19,509 [Worker-33: Building] INFO  o.a.m.s.f.DefaultMavenResourcesFiltering - Copying 1 resource from src\main\resources to target\classes
2024-06-07 12:10:19,533 [Worker-33: Building] INFO  o.a.m.s.f.DefaultMavenResourcesFiltering - Copying 0 resource from src\main\resources to target\classes
2024-06-07 12:10:19,538 [Worker-33: Building] INFO  o.a.m.s.f.DefaultMavenResourcesFiltering - skip non existing resourceDirectory C:\Users\USER\Desktop\react project\library-app\02-backend\spring-boot-library\src\test\resources
2024-06-07 12:13:00,632 [Worker-39: Building] INFO  o.a.m.s.f.DefaultMavenResourcesFiltering - Copying 1 resource from src\main\resources to target\classes
2024-06-07 12:13:00,657 [Worker-39: Building] INFO  o.a.m.s.f.DefaultMavenResourcesFiltering - Copying 0 resource from src\main\resources to target\classes
2024-06-07 12:13:00,661 [Worker-39: Building] INFO  o.a.m.s.f.DefaultMavenResourcesFiltering - skip non existing resourceDirectory C:\Users\USER\Desktop\react project\library-app\02-backend\spring-boot-library\src\test\resources
2024-06-07 13:52:19,131 [Worker-58: Building] INFO  o.a.m.s.f.DefaultMavenResourcesFiltering - Copying 1 resource from src\main\resources to target\classes
2024-06-07 13:52:19,219 [Worker-58: Building] INFO  o.a.m.s.f.DefaultMavenResourcesFiltering - Copying 0 resource from src\main\resources to target\classes
2024-06-07 13:52:19,224 [Worker-58: Building] INFO  o.a.m.s.f.DefaultMavenResourcesFiltering - skip non existing resourceDirectory C:\Users\USER\Desktop\react project\library-app\02-backend\spring-boot-library\src\test\resources
2024-06-07 13:52:39,865 [Worker-59: Building] INFO  o.a.m.s.f.DefaultMavenResourcesFiltering - Copying 1 resource from src\main\resources to target\classes
2024-06-07 13:52:39,925 [Worker-59: Building] INFO  o.a.m.s.f.DefaultMavenResourcesFiltering - Copying 0 resource from src\main\resources to target\classes
2024-06-07 13:52:39,928 [Worker-59: Building] INFO  o.a.m.s.f.DefaultMavenResourcesFiltering - skip non existing resourceDirectory C:\Users\USER\Desktop\react project\library-app\02-backend\spring-boot-library\src\test\resources
2024-06-07 13:53:22,440 [Worker-59: Building] INFO  o.a.m.s.f.DefaultMavenResourcesFiltering - Copying 1 resource from src\main\resources to target\classes
2024-06-07 13:53:22,448 [Worker-59: Building] INFO  o.a.m.s.f.DefaultMavenResourcesFiltering - Copying 0 resource from src\main\resources to target\classes
2024-06-07 13:53:22,452 [Worker-59: Building] INFO  o.a.m.s.f.DefaultMavenResourcesFiltering - skip non existing resourceDirectory C:\Users\USER\Desktop\react project\library-app\02-backend\spring-boot-library\src\test\resources
2024-06-07 13:53:39,302 [Worker-58: Building] INFO  o.a.m.s.f.DefaultMavenResourcesFiltering - Copying 1 resource from src\main\resources to target\classes
2024-06-07 13:53:39,331 [Worker-58: Building] INFO  o.a.m.s.f.DefaultMavenResourcesFiltering - Copying 0 resource from src\main\resources to target\classes
2024-06-07 13:53:39,333 [Worker-58: Building] INFO  o.a.m.s.f.DefaultMavenResourcesFiltering - skip non existing resourceDirectory C:\Users\USER\Desktop\react project\library-app\02-backend\spring-boot-library\src\test\resources
2024-06-07 13:54:35,181 [Worker-58: Building] INFO  o.a.m.s.f.DefaultMavenResourcesFiltering - Copying 1 resource from src\main\resources to target\classes
2024-06-07 13:54:35,189 [Worker-58: Building] INFO  o.a.m.s.f.DefaultMavenResourcesFiltering - Copying 0 resource from src\main\resources to target\classes
2024-06-07 13:54:35,193 [Worker-58: Building] INFO  o.a.m.s.f.DefaultMavenResourcesFiltering - skip non existing resourceDirectory C:\Users\USER\Desktop\react project\library-app\02-backend\spring-boot-library\src\test\resources
2024-06-07 13:55:03,640 [Worker-59: Building] INFO  o.a.m.s.f.DefaultMavenResourcesFiltering - Copying 1 resource from src\main\resources to target\classes
2024-06-07 13:55:03,647 [Worker-59: Building] INFO  o.a.m.s.f.DefaultMavenResourcesFiltering - Copying 0 resource from src\main\resources to target\classes
2024-06-07 13:55:03,650 [Worker-59: Building] INFO  o.a.m.s.f.DefaultMavenResourcesFiltering - skip non existing resourceDirectory C:\Users\USER\Desktop\react project\library-app\02-backend\spring-boot-library\src\test\resources
2024-06-07 13:55:37,437 [Worker-50: Building] INFO  o.a.m.s.f.DefaultMavenResourcesFiltering - Copying 1 resource from src\main\resources to target\classes
2024-06-07 13:55:37,443 [Worker-50: Building] INFO  o.a.m.s.f.DefaultMavenResourcesFiltering - Copying 0 resource from src\main\resources to target\classes
2024-06-07 13:55:37,445 [Worker-50: Building] INFO  o.a.m.s.f.DefaultMavenResourcesFiltering - skip non existing resourceDirectory C:\Users\USER\Desktop\react project\library-app\02-backend\spring-boot-library\src\test\resources
2024-06-07 13:55:50,794 [Worker-61: Building] INFO  o.a.m.s.f.DefaultMavenResourcesFiltering - Copying 1 resource from src\main\resources to target\classes
2024-06-07 13:55:50,798 [Worker-61: Building] INFO  o.a.m.s.f.DefaultMavenResourcesFiltering - Copying 0 resource from src\main\resources to target\classes
2024-06-07 13:55:50,802 [Worker-61: Building] INFO  o.a.m.s.f.DefaultMavenResourcesFiltering - skip non existing resourceDirectory C:\Users\USER\Desktop\react project\library-app\02-backend\spring-boot-library\src\test\resources
2024-06-07 13:57:08,034 [Worker-48: Building] INFO  o.a.m.s.f.DefaultMavenResourcesFiltering - Copying 1 resource from src\main\resources to target\classes
2024-06-07 13:57:08,042 [Worker-48: Building] INFO  o.a.m.s.f.DefaultMavenResourcesFiltering - Copying 0 resource from src\main\resources to target\classes
2024-06-07 13:57:08,045 [Worker-48: Building] INFO  o.a.m.s.f.DefaultMavenResourcesFiltering - skip non existing resourceDirectory C:\Users\USER\Desktop\react project\library-app\02-backend\spring-boot-library\src\test\resources
2024-06-07 14:01:08,678 [Worker-59: Building] INFO  o.a.m.s.f.DefaultMavenResourcesFiltering - Copying 1 resource from src\main\resources to target\classes
2024-06-07 14:01:08,686 [Worker-59: Building] INFO  o.a.m.s.f.DefaultMavenResourcesFiltering - Copying 0 resource from src\main\resources to target\classes
2024-06-07 14:01:08,690 [Worker-59: Building] INFO  o.a.m.s.f.DefaultMavenResourcesFiltering - skip non existing resourceDirectory C:\Users\USER\Desktop\react project\library-app\02-backend\spring-boot-library\src\test\resources
2024-06-07 14:05:30,589 [Worker-64: Building] INFO  o.a.m.s.f.DefaultMavenResourcesFiltering - Copying 1 resource from src\main\resources to target\classes
2024-06-07 14:05:30,602 [Worker-64: Building] INFO  o.a.m.s.f.DefaultMavenResourcesFiltering - Copying 0 resource from src\main\resources to target\classes
2024-06-07 14:05:30,607 [Worker-64: Building] INFO  o.a.m.s.f.DefaultMavenResourcesFiltering - skip non existing resourceDirectory C:\Users\USER\Desktop\react project\library-app\02-backend\spring-boot-library\src\test\resources
2024-06-07 14:05:52,583 [Worker-63: Building] INFO  o.a.m.s.f.DefaultMavenResourcesFiltering - Copying 1 resource from src\main\resources to target\classes
2024-06-07 14:05:52,587 [Worker-63: Building] INFO  o.a.m.s.f.DefaultMavenResourcesFiltering - Copying 0 resource from src\main\resources to target\classes
2024-06-07 14:05:52,589 [Worker-63: Building] INFO  o.a.m.s.f.DefaultMavenResourcesFiltering - skip non existing resourceDirectory C:\Users\USER\Desktop\react project\library-app\02-backend\spring-boot-library\src\test\resources
2024-06-07 14:06:18,317 [Worker-64: Building] INFO  o.a.m.s.f.DefaultMavenResourcesFiltering - Copying 1 resource from src\main\resources to target\classes
2024-06-07 14:06:18,342 [Worker-64: Building] INFO  o.a.m.s.f.DefaultMavenResourcesFiltering - Copying 0 resource from src\main\resources to target\classes
2024-06-07 14:06:18,351 [Worker-64: Building] INFO  o.a.m.s.f.DefaultMavenResourcesFiltering - skip non existing resourceDirectory C:\Users\USER\Desktop\react project\library-app\02-backend\spring-boot-library\src\test\resources
2024-06-07 14:06:35,847 [Worker-64: Building] INFO  o.a.m.s.f.DefaultMavenResourcesFiltering - Copying 1 resource from src\main\resources to target\classes
2024-06-07 14:06:35,853 [Worker-64: Building] INFO  o.a.m.s.f.DefaultMavenResourcesFiltering - Copying 0 resource from src\main\resources to target\classes
2024-06-07 14:06:35,855 [Worker-64: Building] INFO  o.a.m.s.f.DefaultMavenResourcesFiltering - skip non existing resourceDirectory C:\Users\USER\Desktop\react project\library-app\02-backend\spring-boot-library\src\test\resources
2024-06-07 14:07:15,715 [Worker-50: Building] INFO  o.a.m.s.f.DefaultMavenResourcesFiltering - Copying 1 resource from src\main\resources to target\classes
2024-06-07 14:07:15,724 [Worker-50: Building] INFO  o.a.m.s.f.DefaultMavenResourcesFiltering - Copying 0 resource from src\main\resources to target\classes
2024-06-07 14:07:15,727 [Worker-50: Building] INFO  o.a.m.s.f.DefaultMavenResourcesFiltering - skip non existing resourceDirectory C:\Users\USER\Desktop\react project\library-app\02-backend\spring-boot-library\src\test\resources
2024-06-07 14:08:15,352 [Worker-64: Building] INFO  o.a.m.s.f.DefaultMavenResourcesFiltering - Copying 1 resource from src\main\resources to target\classes
2024-06-07 14:08:15,359 [Worker-64: Building] INFO  o.a.m.s.f.DefaultMavenResourcesFiltering - Copying 0 resource from src\main\resources to target\classes
2024-06-07 14:08:15,362 [Worker-64: Building] INFO  o.a.m.s.f.DefaultMavenResourcesFiltering - skip non existing resourceDirectory C:\Users\USER\Desktop\react project\library-app\02-backend\spring-boot-library\src\test\resources
2024-06-07 14:08:25,089 [Worker-50: Building] INFO  o.a.m.s.f.DefaultMavenResourcesFiltering - Copying 1 resource from src\main\resources to target\classes
2024-06-07 14:08:25,097 [Worker-50: Building] INFO  o.a.m.s.f.DefaultMavenResourcesFiltering - Copying 0 resource from src\main\resources to target\classes
2024-06-07 14:08:25,100 [Worker-50: Building] INFO  o.a.m.s.f.DefaultMavenResourcesFiltering - skip non existing resourceDirectory C:\Users\USER\Desktop\react project\library-app\02-backend\spring-boot-library\src\test\resources
2024-06-07 14:09:02,498 [Worker-63: Building] INFO  o.a.m.s.f.DefaultMavenResourcesFiltering - Copying 1 resource from src\main\resources to target\classes
2024-06-07 14:09:02,503 [Worker-63: Building] INFO  o.a.m.s.f.DefaultMavenResourcesFiltering - Copying 0 resource from src\main\resources to target\classes
2024-06-07 14:09:02,505 [Worker-63: Building] INFO  o.a.m.s.f.DefaultMavenResourcesFiltering - skip non existing resourceDirectory C:\Users\USER\Desktop\react project\library-app\02-backend\spring-boot-library\src\test\resources
2024-06-07 14:09:06,412 [Worker-65: Building] INFO  o.a.m.s.f.DefaultMavenResourcesFiltering - Copying 1 resource from src\main\resources to target\classes
2024-06-07 14:09:06,416 [Worker-65: Building] INFO  o.a.m.s.f.DefaultMavenResourcesFiltering - Copying 0 resource from src\main\resources to target\classes
2024-06-07 14:09:06,419 [Worker-65: Building] INFO  o.a.m.s.f.DefaultMavenResourcesFiltering - skip non existing resourceDirectory C:\Users\USER\Desktop\react project\library-app\02-backend\spring-boot-library\src\test\resources
2024-06-07 14:13:24,194 [Worker-64: Building] INFO  o.a.m.s.f.DefaultMavenResourcesFiltering - Copying 1 resource from src\main\resources to target\classes
2024-06-07 14:13:24,209 [Worker-64: Building] INFO  o.a.m.s.f.DefaultMavenResourcesFiltering - Copying 0 resource from src\main\resources to target\classes
2024-06-07 14:13:24,209 [Worker-64: Building] INFO  o.a.m.s.f.DefaultMavenResourcesFiltering - skip non existing resourceDirectory C:\Users\USER\Desktop\react project\library-app\02-backend\spring-boot-library\src\test\resources
2024-06-07 14:13:35,563 [Worker-67: Building] INFO  o.a.m.s.f.DefaultMavenResourcesFiltering - Copying 1 resource from src\main\resources to target\classes
2024-06-07 14:13:35,572 [Worker-67: Building] INFO  o.a.m.s.f.DefaultMavenResourcesFiltering - Copying 0 resource from src\main\resources to target\classes
2024-06-07 14:13:35,576 [Worker-67: Building] INFO  o.a.m.s.f.DefaultMavenResourcesFiltering - skip non existing resourceDirectory C:\Users\USER\Desktop\react project\library-app\02-backend\spring-boot-library\src\test\resources
2024-06-07 14:13:48,651 [Worker-67: Building] INFO  o.a.m.s.f.DefaultMavenResourcesFiltering - Copying 1 resource from src\main\resources to target\classes
2024-06-07 14:13:48,658 [Worker-67: Building] INFO  o.a.m.s.f.DefaultMavenResourcesFiltering - Copying 0 resource from src\main\resources to target\classes
2024-06-07 14:13:48,662 [Worker-67: Building] INFO  o.a.m.s.f.DefaultMavenResourcesFiltering - skip non existing resourceDirectory C:\Users\USER\Desktop\react project\library-app\02-backend\spring-boot-library\src\test\resources
2024-06-07 14:15:24,579 [Worker-70: Building] INFO  o.a.m.s.f.DefaultMavenResourcesFiltering - Copying 1 resource from src\main\resources to target\classes
2024-06-07 14:15:24,585 [Worker-70: Building] INFO  o.a.m.s.f.DefaultMavenResourcesFiltering - Copying 0 resource from src\main\resources to target\classes
2024-06-07 14:15:24,587 [Worker-70: Building] INFO  o.a.m.s.f.DefaultMavenResourcesFiltering - skip non existing resourceDirectory C:\Users\USER\Desktop\react project\library-app\02-backend\spring-boot-library\src\test\resources
2024-06-07 14:15:38,880 [Worker-72: Building] INFO  o.a.m.s.f.DefaultMavenResourcesFiltering - Copying 1 resource from src\main\resources to target\classes
2024-06-07 14:15:38,886 [Worker-72: Building] INFO  o.a.m.s.f.DefaultMavenResourcesFiltering - Copying 0 resource from src\main\resources to target\classes
2024-06-07 14:15:38,888 [Worker-72: Building] INFO  o.a.m.s.f.DefaultMavenResourcesFiltering - skip non existing resourceDirectory C:\Users\USER\Desktop\react project\library-app\02-backend\spring-boot-library\src\test\resources
2024-06-07 14:15:49,686 [Worker-72: Building] INFO  o.a.m.s.f.DefaultMavenResourcesFiltering - Copying 1 resource from src\main\resources to target\classes
2024-06-07 14:15:49,691 [Worker-72: Building] INFO  o.a.m.s.f.DefaultMavenResourcesFiltering - Copying 0 resource from src\main\resources to target\classes
2024-06-07 14:15:49,693 [Worker-72: Building] INFO  o.a.m.s.f.DefaultMavenResourcesFiltering - skip non existing resourceDirectory C:\Users\USER\Desktop\react project\library-app\02-backend\spring-boot-library\src\test\resources
2024-06-07 14:17:27,220 [Worker-68: Building] INFO  o.a.m.s.f.DefaultMavenResourcesFiltering - Copying 1 resource from src\main\resources to target\classes
2024-06-07 14:17:27,225 [Worker-68: Building] INFO  o.a.m.s.f.DefaultMavenResourcesFiltering - Copying 0 resource from src\main\resources to target\classes
2024-06-07 14:17:27,228 [Worker-68: Building] INFO  o.a.m.s.f.DefaultMavenResourcesFiltering - skip non existing resourceDirectory C:\Users\USER\Desktop\react project\library-app\02-backend\spring-boot-library\src\test\resources
2024-06-07 14:19:07,710 [Worker-72: Building] INFO  o.a.m.s.f.DefaultMavenResourcesFiltering - Copying 1 resource from src\main\resources to target\classes
2024-06-07 14:19:07,719 [Worker-72: Building] INFO  o.a.m.s.f.DefaultMavenResourcesFiltering - Copying 0 resource from src\main\resources to target\classes
2024-06-07 14:19:07,723 [Worker-72: Building] INFO  o.a.m.s.f.DefaultMavenResourcesFiltering - skip non existing resourceDirectory C:\Users\USER\Desktop\react project\library-app\02-backend\spring-boot-library\src\test\resources
2024-06-07 14:19:12,815 [Worker-77: Building] INFO  o.a.m.s.f.DefaultMavenResourcesFiltering - Copying 1 resource from src\main\resources to target\classes
2024-06-07 14:19:12,822 [Worker-77: Building] INFO  o.a.m.s.f.DefaultMavenResourcesFiltering - Copying 0 resource from src\main\resources to target\classes
2024-06-07 14:19:12,826 [Worker-77: Building] INFO  o.a.m.s.f.DefaultMavenResourcesFiltering - skip non existing resourceDirectory C:\Users\USER\Desktop\react project\library-app\02-backend\spring-boot-library\src\test\resources
2024-06-07 14:19:32,331 [Worker-76: Building] INFO  o.a.m.s.f.DefaultMavenResourcesFiltering - Copying 1 resource from src\main\resources to target\classes
2024-06-07 14:19:32,336 [Worker-76: Building] INFO  o.a.m.s.f.DefaultMavenResourcesFiltering - Copying 0 resource from src\main\resources to target\classes
2024-06-07 14:19:32,338 [Worker-76: Building] INFO  o.a.m.s.f.DefaultMavenResourcesFiltering - skip non existing resourceDirectory C:\Users\USER\Desktop\react project\library-app\02-backend\spring-boot-library\src\test\resources
2024-06-07 14:19:44,247 [Worker-68: Building] INFO  o.a.m.s.f.DefaultMavenResourcesFiltering - Copying 1 resource from src\main\resources to target\classes
2024-06-07 14:19:44,253 [Worker-68: Building] INFO  o.a.m.s.f.DefaultMavenResourcesFiltering - Copying 0 resource from src\main\resources to target\classes
2024-06-07 14:19:44,255 [Worker-68: Building] INFO  o.a.m.s.f.DefaultMavenResourcesFiltering - skip non existing resourceDirectory C:\Users\USER\Desktop\react project\library-app\02-backend\spring-boot-library\src\test\resources
2024-06-07 14:24:35,194 [Worker-77: Building] INFO  o.a.m.s.f.DefaultMavenResourcesFiltering - Copying 1 resource from src\main\resources to target\classes
2024-06-07 14:24:35,200 [Worker-77: Building] INFO  o.a.m.s.f.DefaultMavenResourcesFiltering - Copying 0 resource from src\main\resources to target\classes
2024-06-07 14:24:35,202 [Worker-77: Building] INFO  o.a.m.s.f.DefaultMavenResourcesFiltering - skip non existing resourceDirectory C:\Users\USER\Desktop\react project\library-app\02-backend\spring-boot-library\src\test\resources
2024-06-07 14:33:30,951 [Worker-84: Building] INFO  o.a.m.s.f.DefaultMavenResourcesFiltering - Copying 1 resource from src\main\resources to target\classes
2024-06-07 14:33:30,962 [Worker-84: Building] INFO  o.a.m.s.f.DefaultMavenResourcesFiltering - Copying 0 resource from src\main\resources to target\classes
2024-06-07 14:33:30,965 [Worker-84: Building] INFO  o.a.m.s.f.DefaultMavenResourcesFiltering - skip non existing resourceDirectory C:\Users\USER\Desktop\react project\library-app\02-backend\spring-boot-library\src\test\resources
2024-06-07 14:33:50,143 [Worker-77: Building] INFO  o.a.m.s.f.DefaultMavenResourcesFiltering - Copying 1 resource from src\main\resources to target\classes
2024-06-07 14:33:50,162 [Worker-77: Building] INFO  o.a.m.s.f.DefaultMavenResourcesFiltering - Copying 0 resource from src\main\resources to target\classes
2024-06-07 14:33:50,166 [Worker-77: Building] INFO  o.a.m.s.f.DefaultMavenResourcesFiltering - skip non existing resourceDirectory C:\Users\USER\Desktop\react project\library-app\02-backend\spring-boot-library\src\test\resources
2024-06-07 14:43:23,264 [Worker-88: Building] INFO  o.a.m.s.f.DefaultMavenResourcesFiltering - Copying 1 resource from src\main\resources to target\classes
2024-06-07 14:43:23,281 [Worker-88: Building] INFO  o.a.m.s.f.DefaultMavenResourcesFiltering - Copying 0 resource from src\main\resources to target\classes
2024-06-07 14:43:23,287 [Worker-88: Building] INFO  o.a.m.s.f.DefaultMavenResourcesFiltering - skip non existing resourceDirectory C:\Users\USER\Desktop\react project\library-app\02-backend\spring-boot-library\src\test\resources
2024-06-07 14:48:11,242 [Worker-95: Building] INFO  o.a.m.s.f.DefaultMavenResourcesFiltering - Copying 1 resource from src\main\resources to target\classes
2024-06-07 14:48:11,252 [Worker-95: Building] INFO  o.a.m.s.f.DefaultMavenResourcesFiltering - Copying 0 resource from src\main\resources to target\classes
2024-06-07 14:48:11,258 [Worker-95: Building] INFO  o.a.m.s.f.DefaultMavenResourcesFiltering - skip non existing resourceDirectory C:\Users\USER\Desktop\react project\library-app\02-backend\spring-boot-library\src\test\resources
2024-06-07 14:53:04,937 [Worker-99: Building] INFO  o.a.m.s.f.DefaultMavenResourcesFiltering - Copying 1 resource from src\main\resources to target\classes
2024-06-07 14:53:04,958 [Worker-99: Building] INFO  o.a.m.s.f.DefaultMavenResourcesFiltering - Copying 0 resource from src\main\resources to target\classes
2024-06-07 14:53:04,967 [Worker-99: Building] INFO  o.a.m.s.f.DefaultMavenResourcesFiltering - skip non existing resourceDirectory C:\Users\USER\Desktop\react project\library-app\02-backend\spring-boot-library\src\test\resources
2024-06-07 14:53:32,600 [Worker-98: Building] INFO  o.a.m.s.f.DefaultMavenResourcesFiltering - Copying 1 resource from src\main\resources to target\classes
2024-06-07 14:53:32,632 [Worker-98: Building] INFO  o.a.m.s.f.DefaultMavenResourcesFiltering - Copying 0 resource from src\main\resources to target\classes
2024-06-07 14:53:32,640 [Worker-98: Building] INFO  o.a.m.s.f.DefaultMavenResourcesFiltering - skip non existing resourceDirectory C:\Users\USER\Desktop\react project\library-app\02-backend\spring-boot-library\src\test\resources
2024-06-07 15:00:48,439 [Worker-106: Building] INFO  o.a.m.s.f.DefaultMavenResourcesFiltering - Copying 1 resource from src\main\resources to target\classes
2024-06-07 15:00:48,456 [Worker-106: Building] INFO  o.a.m.s.f.DefaultMavenResourcesFiltering - Copying 0 resource from src\main\resources to target\classes
2024-06-07 15:00:48,462 [Worker-106: Building] INFO  o.a.m.s.f.DefaultMavenResourcesFiltering - skip non existing resourceDirectory C:\Users\USER\Desktop\react project\library-app\02-backend\spring-boot-library\src\test\resources
2024-06-07 15:01:41,162 [Worker-104: Building] INFO  o.a.m.s.f.DefaultMavenResourcesFiltering - Copying 1 resource from src\main\resources to target\classes
2024-06-07 15:01:41,174 [Worker-104: Building] INFO  o.a.m.s.f.DefaultMavenResourcesFiltering - Copying 0 resource from src\main\resources to target\classes
2024-06-07 15:01:41,178 [Worker-104: Building] INFO  o.a.m.s.f.DefaultMavenResourcesFiltering - skip non existing resourceDirectory C:\Users\USER\Desktop\react project\library-app\02-backend\spring-boot-library\src\test\resources
2024-06-07 15:06:26,890 [Worker-108: Building] INFO  o.a.m.s.f.DefaultMavenResourcesFiltering - Copying 1 resource from src\main\resources to target\classes
2024-06-07 15:06:26,898 [Worker-108: Building] INFO  o.a.m.s.f.DefaultMavenResourcesFiltering - Copying 0 resource from src\main\resources to target\classes
2024-06-07 15:06:26,898 [Worker-108: Building] INFO  o.a.m.s.f.DefaultMavenResourcesFiltering - skip non existing resourceDirectory C:\Users\USER\Desktop\react project\library-app\02-backend\spring-boot-library\src\test\resources
2024-06-07 15:07:38,642 [Worker-108: Building] INFO  o.a.m.s.f.DefaultMavenResourcesFiltering - Copying 1 resource from src\main\resources to target\classes
2024-06-07 15:07:38,650 [Worker-108: Building] INFO  o.a.m.s.f.DefaultMavenResourcesFiltering - Copying 0 resource from src\main\resources to target\classes
2024-06-07 15:07:38,654 [Worker-108: Building] INFO  o.a.m.s.f.DefaultMavenResourcesFiltering - skip non existing resourceDirectory C:\Users\USER\Desktop\react project\library-app\02-backend\spring-boot-library\src\test\resources
2024-06-07 15:07:52,723 [Worker-108: Building] INFO  o.a.m.s.f.DefaultMavenResourcesFiltering - Copying 1 resource from src\main\resources to target\classes
2024-06-07 15:07:52,734 [Worker-108: Building] INFO  o.a.m.s.f.DefaultMavenResourcesFiltering - Copying 0 resource from src\main\resources to target\classes
2024-06-07 15:07:52,738 [Worker-108: Building] INFO  o.a.m.s.f.DefaultMavenResourcesFiltering - skip non existing resourceDirectory C:\Users\USER\Desktop\react project\library-app\02-backend\spring-boot-library\src\test\resources
2024-06-07 15:07:56,609 [Worker-109: Building] INFO  o.a.m.s.f.DefaultMavenResourcesFiltering - Copying 1 resource from src\main\resources to target\classes
2024-06-07 15:07:56,623 [Worker-109: Building] INFO  o.a.m.s.f.DefaultMavenResourcesFiltering - Copying 0 resource from src\main\resources to target\classes
2024-06-07 15:07:56,628 [Worker-109: Building] INFO  o.a.m.s.f.DefaultMavenResourcesFiltering - skip non existing resourceDirectory C:\Users\USER\Desktop\react project\library-app\02-backend\spring-boot-library\src\test\resources
2024-06-07 15:08:16,977 [Worker-111: Building] INFO  o.a.m.s.f.DefaultMavenResourcesFiltering - Copying 1 resource from src\main\resources to target\classes
2024-06-07 15:08:17,037 [Worker-111: Building] INFO  o.a.m.s.f.DefaultMavenResourcesFiltering - Copying 0 resource from src\main\resources to target\classes
2024-06-07 15:08:17,043 [Worker-111: Building] INFO  o.a.m.s.f.DefaultMavenResourcesFiltering - skip non existing resourceDirectory C:\Users\USER\Desktop\react project\library-app\02-backend\spring-boot-library\src\test\resources
2024-06-07 15:11:55,931 [Worker-114: Building] INFO  o.a.m.s.f.DefaultMavenResourcesFiltering - Copying 1 resource from src\main\resources to target\classes
2024-06-07 15:11:55,941 [Worker-114: Building] INFO  o.a.m.s.f.DefaultMavenResourcesFiltering - Copying 0 resource from src\main\resources to target\classes
2024-06-07 15:11:55,947 [Worker-114: Building] INFO  o.a.m.s.f.DefaultMavenResourcesFiltering - skip non existing resourceDirectory C:\Users\USER\Desktop\react project\library-app\02-backend\spring-boot-library\src\test\resources
2024-06-07 15:12:07,836 [Worker-113: Building] INFO  o.a.m.s.f.DefaultMavenResourcesFiltering - Copying 1 resource from src\main\resources to target\classes
2024-06-07 15:12:07,855 [Worker-113: Building] INFO  o.a.m.s.f.DefaultMavenResourcesFiltering - Copying 0 resource from src\main\resources to target\classes
2024-06-07 15:12:07,862 [Worker-113: Building] INFO  o.a.m.s.f.DefaultMavenResourcesFiltering - skip non existing resourceDirectory C:\Users\USER\Desktop\react project\library-app\02-backend\spring-boot-library\src\test\resources
2024-06-07 15:12:42,331 [Worker-113: Building] INFO  o.a.m.s.f.DefaultMavenResourcesFiltering - Copying 1 resource from src\main\resources to target\classes
2024-06-07 15:12:42,338 [Worker-113: Building] INFO  o.a.m.s.f.DefaultMavenResourcesFiltering - Copying 0 resource from src\main\resources to target\classes
2024-06-07 15:12:42,341 [Worker-113: Building] INFO  o.a.m.s.f.DefaultMavenResourcesFiltering - skip non existing resourceDirectory C:\Users\USER\Desktop\react project\library-app\02-backend\spring-boot-library\src\test\resources
2024-06-07 15:17:16,777 [Worker-119: Building] INFO  o.a.m.s.f.DefaultMavenResourcesFiltering - Copying 1 resource from src\main\resources to target\classes
2024-06-07 15:17:16,786 [Worker-119: Building] INFO  o.a.m.s.f.DefaultMavenResourcesFiltering - Copying 0 resource from src\main\resources to target\classes
2024-06-07 15:17:16,789 [Worker-119: Building] INFO  o.a.m.s.f.DefaultMavenResourcesFiltering - skip non existing resourceDirectory C:\Users\USER\Desktop\react project\library-app\02-backend\spring-boot-library\src\test\resources
2024-06-07 15:18:04,777 [Worker-112: Building] INFO  o.a.m.s.f.DefaultMavenResourcesFiltering - Copying 1 resource from src\main\resources to target\classes
2024-06-07 15:18:04,785 [Worker-112: Building] INFO  o.a.m.s.f.DefaultMavenResourcesFiltering - Copying 0 resource from src\main\resources to target\classes
2024-06-07 15:18:04,789 [Worker-112: Building] INFO  o.a.m.s.f.DefaultMavenResourcesFiltering - skip non existing resourceDirectory C:\Users\USER\Desktop\react project\library-app\02-backend\spring-boot-library\src\test\resources
2024-06-07 15:18:49,159 [Worker-119: Building] INFO  o.a.m.s.f.DefaultMavenResourcesFiltering - Copying 1 resource from src\main\resources to target\classes
2024-06-07 15:18:49,172 [Worker-119: Building] INFO  o.a.m.s.f.DefaultMavenResourcesFiltering - Copying 0 resource from src\main\resources to target\classes
2024-06-07 15:18:49,178 [Worker-119: Building] INFO  o.a.m.s.f.DefaultMavenResourcesFiltering - skip non existing resourceDirectory C:\Users\USER\Desktop\react project\library-app\02-backend\spring-boot-library\src\test\resources
2024-06-07 15:19:48,754 [Worker-114: Building] INFO  o.a.m.s.f.DefaultMavenResourcesFiltering - Copying 1 resource from src\main\resources to target\classes
2024-06-07 15:19:48,766 [Worker-114: Building] INFO  o.a.m.s.f.DefaultMavenResourcesFiltering - Copying 0 resource from src\main\resources to target\classes
2024-06-07 15:19:48,772 [Worker-114: Building] INFO  o.a.m.s.f.DefaultMavenResourcesFiltering - skip non existing resourceDirectory C:\Users\USER\Desktop\react project\library-app\02-backend\spring-boot-library\src\test\resources
2024-06-07 15:21:14,143 [Worker-123: Building] INFO  o.a.m.s.f.DefaultMavenResourcesFiltering - Copying 1 resource from src\main\resources to target\classes
2024-06-07 15:21:14,151 [Worker-123: Building] INFO  o.a.m.s.f.DefaultMavenResourcesFiltering - Copying 0 resource from src\main\resources to target\classes
2024-06-07 15:21:14,155 [Worker-123: Building] INFO  o.a.m.s.f.DefaultMavenResourcesFiltering - skip non existing resourceDirectory C:\Users\USER\Desktop\react project\library-app\02-backend\spring-boot-library\src\test\resources
2024-06-07 15:21:49,186 [Worker-120: Building] INFO  o.a.m.s.f.DefaultMavenResourcesFiltering - Copying 1 resource from src\main\resources to target\classes
2024-06-07 15:21:49,196 [Worker-120: Building] INFO  o.a.m.s.f.DefaultMavenResourcesFiltering - Copying 0 resource from src\main\resources to target\classes
2024-06-07 15:21:49,201 [Worker-120: Building] INFO  o.a.m.s.f.DefaultMavenResourcesFiltering - skip non existing resourceDirectory C:\Users\USER\Desktop\react project\library-app\02-backend\spring-boot-library\src\test\resources
2024-06-07 15:23:46,281 [Worker-124: Building] INFO  o.a.m.s.f.DefaultMavenResourcesFiltering - Copying 1 resource from src\main\resources to target\classes
2024-06-07 15:23:46,297 [Worker-124: Building] INFO  o.a.m.s.f.DefaultMavenResourcesFiltering - Copying 0 resource from src\main\resources to target\classes
2024-06-07 15:23:46,303 [Worker-124: Building] INFO  o.a.m.s.f.DefaultMavenResourcesFiltering - skip non existing resourceDirectory C:\Users\USER\Desktop\react project\library-app\02-backend\spring-boot-library\src\test\resources
2024-06-07 15:24:46,472 [Worker-129: Building] INFO  o.a.m.s.f.DefaultMavenResourcesFiltering - Copying 1 resource from src\main\resources to target\classes
2024-06-07 15:24:46,480 [Worker-129: Building] INFO  o.a.m.s.f.DefaultMavenResourcesFiltering - Copying 0 resource from src\main\resources to target\classes
2024-06-07 15:24:46,485 [Worker-129: Building] INFO  o.a.m.s.f.DefaultMavenResourcesFiltering - skip non existing resourceDirectory C:\Users\USER\Desktop\react project\library-app\02-backend\spring-boot-library\src\test\resources
2024-06-07 15:29:44,430 [Worker-126: Building] INFO  o.a.m.s.f.DefaultMavenResourcesFiltering - Copying 1 resource from src\main\resources to target\classes
2024-06-07 15:29:44,447 [Worker-126: Building] INFO  o.a.m.s.f.DefaultMavenResourcesFiltering - Copying 0 resource from src\main\resources to target\classes
2024-06-07 15:29:44,455 [Worker-126: Building] INFO  o.a.m.s.f.DefaultMavenResourcesFiltering - skip non existing resourceDirectory C:\Users\USER\Desktop\react project\library-app\02-backend\spring-boot-library\src\test\resources
2024-06-07 15:30:00,182 [Worker-131: Building] INFO  o.a.m.s.f.DefaultMavenResourcesFiltering - Copying 1 resource from src\main\resources to target\classes
2024-06-07 15:30:00,200 [Worker-131: Building] INFO  o.a.m.s.f.DefaultMavenResourcesFiltering - Copying 0 resource from src\main\resources to target\classes
2024-06-07 15:30:00,207 [Worker-131: Building] INFO  o.a.m.s.f.DefaultMavenResourcesFiltering - skip non existing resourceDirectory C:\Users\USER\Desktop\react project\library-app\02-backend\spring-boot-library\src\test\resources
2024-06-07 15:30:16,002 [Worker-132: Building] INFO  o.a.m.s.f.DefaultMavenResourcesFiltering - Copying 1 resource from src\main\resources to target\classes
2024-06-07 15:30:16,009 [Worker-132: Building] INFO  o.a.m.s.f.DefaultMavenResourcesFiltering - Copying 0 resource from src\main\resources to target\classes
2024-06-07 15:30:16,012 [Worker-132: Building] INFO  o.a.m.s.f.DefaultMavenResourcesFiltering - skip non existing resourceDirectory C:\Users\USER\Desktop\react project\library-app\02-backend\spring-boot-library\src\test\resources
2024-06-07 15:30:28,290 [Worker-132: Building] INFO  o.a.m.s.f.DefaultMavenResourcesFiltering - Copying 1 resource from src\main\resources to target\classes
2024-06-07 15:30:28,298 [Worker-132: Building] INFO  o.a.m.s.f.DefaultMavenResourcesFiltering - Copying 0 resource from src\main\resources to target\classes
2024-06-07 15:30:28,301 [Worker-132: Building] INFO  o.a.m.s.f.DefaultMavenResourcesFiltering - skip non existing resourceDirectory C:\Users\USER\Desktop\react project\library-app\02-backend\spring-boot-library\src\test\resources
2024-06-07 15:30:32,093 [Worker-132: Building] INFO  o.a.m.s.f.DefaultMavenResourcesFiltering - Copying 1 resource from src\main\resources to target\classes
2024-06-07 15:30:32,101 [Worker-132: Building] INFO  o.a.m.s.f.DefaultMavenResourcesFiltering - Copying 0 resource from src\main\resources to target\classes
2024-06-07 15:30:32,104 [Worker-132: Building] INFO  o.a.m.s.f.DefaultMavenResourcesFiltering - skip non existing resourceDirectory C:\Users\USER\Desktop\react project\library-app\02-backend\spring-boot-library\src\test\resources
2024-06-07 15:30:50,323 [Worker-130: Building] INFO  o.a.m.s.f.DefaultMavenResourcesFiltering - Copying 1 resource from src\main\resources to target\classes
2024-06-07 15:30:50,329 [Worker-130: Building] INFO  o.a.m.s.f.DefaultMavenResourcesFiltering - Copying 0 resource from src\main\resources to target\classes
2024-06-07 15:30:50,332 [Worker-130: Building] INFO  o.a.m.s.f.DefaultMavenResourcesFiltering - skip non existing resourceDirectory C:\Users\USER\Desktop\react project\library-app\02-backend\spring-boot-library\src\test\resources
2024-06-07 15:35:43,161 [Worker-126: Building] INFO  o.a.m.s.f.DefaultMavenResourcesFiltering - Copying 1 resource from src\main\resources to target\classes
2024-06-07 15:35:43,171 [Worker-126: Building] INFO  o.a.m.s.f.DefaultMavenResourcesFiltering - Copying 0 resource from src\main\resources to target\classes
2024-06-07 15:35:43,174 [Worker-126: Building] INFO  o.a.m.s.f.DefaultMavenResourcesFiltering - skip non existing resourceDirectory C:\Users\USER\Desktop\react project\library-app\02-backend\spring-boot-library\src\test\resources
2024-06-07 15:59:56,728 [Worker-147: Building] INFO  o.a.m.s.f.DefaultMavenResourcesFiltering - Copying 1 resource from src\main\resources to target\classes
2024-06-07 15:59:56,759 [Worker-147: Building] INFO  o.a.m.s.f.DefaultMavenResourcesFiltering - Copying 0 resource from src\main\resources to target\classes
2024-06-07 15:59:56,765 [Worker-147: Building] INFO  o.a.m.s.f.DefaultMavenResourcesFiltering - skip non existing resourceDirectory C:\Users\USER\Desktop\react project\library-app\02-backend\spring-boot-library\src\test\resources
2024-06-07 16:05:16,181 [Worker-151: Building] INFO  o.a.m.s.f.DefaultMavenResourcesFiltering - Copying 1 resource from src\main\resources to target\classes
2024-06-07 16:05:16,190 [Worker-151: Building] INFO  o.a.m.s.f.DefaultMavenResourcesFiltering - Copying 0 resource from src\main\resources to target\classes
2024-06-07 16:05:16,194 [Worker-151: Building] INFO  o.a.m.s.f.DefaultMavenResourcesFiltering - skip non existing resourceDirectory C:\Users\USER\Desktop\react project\library-app\02-backend\spring-boot-library\src\test\resources
2024-06-07 16:06:51,180 [Worker-151: Building] INFO  o.a.m.s.f.DefaultMavenResourcesFiltering - Copying 1 resource from src\main\resources to target\classes
2024-06-07 16:06:51,212 [Worker-151: Building] INFO  o.a.m.s.f.DefaultMavenResourcesFiltering - Copying 0 resource from src\main\resources to target\classes
2024-06-07 16:06:51,212 [Worker-151: Building] INFO  o.a.m.s.f.DefaultMavenResourcesFiltering - skip non existing resourceDirectory C:\Users\USER\Desktop\react project\library-app\02-backend\spring-boot-library\src\test\resources
2024-06-07 16:22:07,140 [Worker-157: Building] INFO  o.a.m.s.f.DefaultMavenResourcesFiltering - Copying 1 resource from src\main\resources to target\classes
2024-06-07 16:22:07,161 [Worker-157: Building] INFO  o.a.m.s.f.DefaultMavenResourcesFiltering - Copying 0 resource from src\main\resources to target\classes
2024-06-07 16:22:07,164 [Worker-157: Building] INFO  o.a.m.s.f.DefaultMavenResourcesFiltering - skip non existing resourceDirectory C:\Users\USER\Desktop\react project\library-app\02-backend\spring-boot-library\src\test\resources
2024-06-07 16:25:57,987 [Worker-169: Building] INFO  o.a.m.s.f.DefaultMavenResourcesFiltering - Copying 1 resource from src\main\resources to target\classes
2024-06-07 16:25:58,003 [Worker-169: Building] INFO  o.a.m.s.f.DefaultMavenResourcesFiltering - Copying 0 resource from src\main\resources to target\classes
2024-06-07 16:25:58,006 [Worker-169: Building] INFO  o.a.m.s.f.DefaultMavenResourcesFiltering - skip non existing resourceDirectory C:\Users\USER\Desktop\react project\library-app\02-backend\spring-boot-library\src\test\resources
2024-06-07 16:29:14,937 [Worker-173: Building] INFO  o.a.m.s.f.DefaultMavenResourcesFiltering - Copying 1 resource from src\main\resources to target\classes
2024-06-07 16:29:14,945 [Worker-173: Building] INFO  o.a.m.s.f.DefaultMavenResourcesFiltering - Copying 0 resource from src\main\resources to target\classes
2024-06-07 16:29:14,950 [Worker-173: Building] INFO  o.a.m.s.f.DefaultMavenResourcesFiltering - skip non existing resourceDirectory C:\Users\USER\Desktop\react project\library-app\02-backend\spring-boot-library\src\test\resources
2024-06-07 16:31:10,142 [Worker-171: Building] INFO  o.a.m.s.f.DefaultMavenResourcesFiltering - Copying 1 resource from src\main\resources to target\classes
2024-06-07 16:31:10,175 [Worker-171: Building] INFO  o.a.m.s.f.DefaultMavenResourcesFiltering - Copying 0 resource from src\main\resources to target\classes
2024-06-07 16:31:10,179 [Worker-171: Building] INFO  o.a.m.s.f.DefaultMavenResourcesFiltering - skip non existing resourceDirectory C:\Users\USER\Desktop\react project\library-app\02-backend\spring-boot-library\src\test\resources
2024-06-07 16:32:36,461 [Worker-166: Building] INFO  o.a.m.s.f.DefaultMavenResourcesFiltering - Copying 1 resource from src\main\resources to target\classes
2024-06-07 16:32:36,472 [Worker-166: Building] INFO  o.a.m.s.f.DefaultMavenResourcesFiltering - Copying 0 resource from src\main\resources to target\classes
2024-06-07 16:32:36,482 [Worker-166: Building] INFO  o.a.m.s.f.DefaultMavenResourcesFiltering - skip non existing resourceDirectory C:\Users\USER\Desktop\react project\library-app\02-backend\spring-boot-library\src\test\resources
2024-06-07 16:35:11,293 [Worker-177: Building] INFO  o.a.m.s.f.DefaultMavenResourcesFiltering - Copying 1 resource from src\main\resources to target\classes
2024-06-07 16:35:11,302 [Worker-177: Building] INFO  o.a.m.s.f.DefaultMavenResourcesFiltering - Copying 0 resource from src\main\resources to target\classes
2024-06-07 16:35:11,308 [Worker-177: Building] INFO  o.a.m.s.f.DefaultMavenResourcesFiltering - skip non existing resourceDirectory C:\Users\USER\Desktop\react project\library-app\02-backend\spring-boot-library\src\test\resources
2024-06-07 16:41:05,772 [Worker-182: Building] INFO  o.a.m.s.f.DefaultMavenResourcesFiltering - Copying 1 resource from src\main\resources to target\classes
2024-06-07 16:41:05,781 [Worker-182: Building] INFO  o.a.m.s.f.DefaultMavenResourcesFiltering - Copying 0 resource from src\main\resources to target\classes
2024-06-07 16:41:05,784 [Worker-182: Building] INFO  o.a.m.s.f.DefaultMavenResourcesFiltering - skip non existing resourceDirectory C:\Users\USER\Desktop\react project\library-app\02-backend\spring-boot-library\src\test\resources
2024-06-07 16:41:24,247 [Worker-176: Building] INFO  o.a.m.s.f.DefaultMavenResourcesFiltering - Copying 1 resource from src\main\resources to target\classes
2024-06-07 16:41:24,263 [Worker-176: Building] INFO  o.a.m.s.f.DefaultMavenResourcesFiltering - Copying 0 resource from src\main\resources to target\classes
2024-06-07 16:41:24,269 [Worker-176: Building] INFO  o.a.m.s.f.DefaultMavenResourcesFiltering - skip non existing resourceDirectory C:\Users\USER\Desktop\react project\library-app\02-backend\spring-boot-library\src\test\resources
2024-06-07 16:43:49,698 [Worker-185: Building] INFO  o.a.m.s.f.DefaultMavenResourcesFiltering - Copying 1 resource from src\main\resources to target\classes
2024-06-07 16:43:49,706 [Worker-185: Building] INFO  o.a.m.s.f.DefaultMavenResourcesFiltering - Copying 0 resource from src\main\resources to target\classes
2024-06-07 16:43:49,709 [Worker-185: Building] INFO  o.a.m.s.f.DefaultMavenResourcesFiltering - skip non existing resourceDirectory C:\Users\USER\Desktop\react project\library-app\02-backend\spring-boot-library\src\test\resources
2024-06-07 16:44:39,028 [Worker-186: Building] INFO  o.a.m.s.f.DefaultMavenResourcesFiltering - Copying 1 resource from src\main\resources to target\classes
2024-06-07 16:44:39,040 [Worker-186: Building] INFO  o.a.m.s.f.DefaultMavenResourcesFiltering - Copying 0 resource from src\main\resources to target\classes
2024-06-07 16:44:39,045 [Worker-186: Building] INFO  o.a.m.s.f.DefaultMavenResourcesFiltering - skip non existing resourceDirectory C:\Users\USER\Desktop\react project\library-app\02-backend\spring-boot-library\src\test\resources
2024-06-10 11:41:02,208 [Worker-8: Loading available Gradle versions] INFO  o.e.b.c.i.u.g.PublishedGradleVersions - Gradle version information cache is out-of-date. Trying to update.
2024-06-10 12:15:02,075 [Worker-13: Building] INFO  o.e.m.c.i.l.LifecycleMappingFactory - Using org.eclipse.m2e.jdt.JarLifecycleMapping lifecycle mapping for MavenProject: com.snccreations:spring-boot-library:2.7.3 @ C:\Users\USER\Desktop\react project\library-app\02-backend\spring-boot-library\pom.xml.
2024-06-10 12:15:03,282 [Worker-13: Building] INFO  o.e.m.c.i.e.AbstractTransferListenerAdapter - Downloading https://repo.maven.apache.org/maven2/com/stripe/stripe-java/25.0.0/stripe-java-25.0.0.pom
2024-06-10 12:15:03,298 [Worker-13: Building] INFO  o.e.m.c.i.e.AbstractTransferListenerAdapter - Downloaded https://repo.maven.apache.org/maven2/com/stripe/stripe-java/25.0.0/stripe-java-25.0.0.pom
2024-06-10 12:15:03,368 [Worker-13: Building] INFO  o.e.m.c.i.e.AbstractTransferListenerAdapter - Downloading https://repo.maven.apache.org/maven2/com/google/code/gson/gson/2.10.1/gson-2.10.1.pom
2024-06-10 12:15:03,376 [Worker-13: Building] INFO  o.e.m.c.i.e.AbstractTransferListenerAdapter - Downloaded https://repo.maven.apache.org/maven2/com/google/code/gson/gson/2.10.1/gson-2.10.1.pom
2024-06-10 12:15:03,414 [Worker-13: Building] INFO  o.e.m.c.i.e.AbstractTransferListenerAdapter - Downloading https://repo.maven.apache.org/maven2/com/google/code/gson/gson-parent/2.10.1/gson-parent-2.10.1.pom
2024-06-10 12:15:03,430 [Worker-13: Building] INFO  o.e.m.c.i.e.AbstractTransferListenerAdapter - Downloaded https://repo.maven.apache.org/maven2/com/google/code/gson/gson-parent/2.10.1/gson-parent-2.10.1.pom
2024-06-10 12:15:03,677 [Worker-13: Building] INFO  o.e.m.c.i.e.AbstractTransferListenerAdapter - Downloading https://repo.maven.apache.org/maven2/com/stripe/stripe-java/25.0.0/stripe-java-25.0.0.jar
2024-06-10 12:15:07,620 [Worker-13: Building] INFO  o.e.m.c.i.e.AbstractTransferListenerAdapter - Downloaded https://repo.maven.apache.org/maven2/com/stripe/stripe-java/25.0.0/stripe-java-25.0.0.jar
2024-06-10 12:15:07,650 [BasicRepositoryConnector-repo.maven.apache.org-0-0] INFO  o.e.m.c.i.e.AbstractTransferListenerAdapter - Downloading https://repo.maven.apache.org/maven2/com/google/code/gson/gson/2.10.1/gson-2.10.1.jar
2024-06-10 12:15:07,702 [BasicRepositoryConnector-repo.maven.apache.org-0-0] INFO  o.e.m.c.i.e.AbstractTransferListenerAdapter - Downloaded https://repo.maven.apache.org/maven2/com/google/code/gson/gson/2.10.1/gson-2.10.1.jar
2024-06-10 12:15:15,310 [Worker-13: Building] INFO  o.a.m.s.f.DefaultMavenResourcesFiltering - Copying 1 resource from src\main\resources to target\classes
2024-06-10 12:15:15,338 [Worker-13: Building] INFO  o.a.m.s.f.DefaultMavenResourcesFiltering - Copying 0 resource from src\main\resources to target\classes
2024-06-10 12:15:15,343 [Worker-13: Building] INFO  o.a.m.s.f.DefaultMavenResourcesFiltering - skip non existing resourceDirectory C:\Users\USER\Desktop\react project\library-app\02-backend\spring-boot-library\src\test\resources
2024-06-10 12:15:15,659 [Worker-16: Download sources and javadoc] INFO  o.e.m.c.i.e.AbstractTransferListenerAdapter - Downloading https://repo.maven.apache.org/maven2/com/stripe/stripe-java/25.0.0/stripe-java-25.0.0-sources.jar
2024-06-10 12:15:16,301 [Worker-16: Download sources and javadoc] INFO  o.e.m.c.i.e.AbstractTransferListenerAdapter - Downloaded https://repo.maven.apache.org/maven2/com/stripe/stripe-java/25.0.0/stripe-java-25.0.0-sources.jar
2024-06-10 12:15:16,308 [Worker-16: Download sources and javadoc] INFO  o.e.m.j.internal.DownloadSourcesJob - Downloaded sources for com.stripe:stripe-java:25.0.0
2024-06-10 12:15:16,475 [Worker-16: Download sources and javadoc] INFO  o.e.m.c.i.e.AbstractTransferListenerAdapter - Downloading https://repo.maven.apache.org/maven2/com/google/code/gson/gson/2.10.1/gson-2.10.1-sources.jar
2024-06-10 12:15:16,525 [Worker-16: Download sources and javadoc] INFO  o.e.m.c.i.e.AbstractTransferListenerAdapter - Downloaded https://repo.maven.apache.org/maven2/com/google/code/gson/gson/2.10.1/gson-2.10.1-sources.jar
2024-06-10 12:15:16,530 [Worker-16: Download sources and javadoc] INFO  o.e.m.j.internal.DownloadSourcesJob - Downloaded sources for com.google.code.gson:gson:2.10.1
2024-06-10 12:15:50,127 [Worker-16: Building] INFO  o.e.m.c.i.l.LifecycleMappingFactory - Using org.eclipse.m2e.jdt.JarLifecycleMapping lifecycle mapping for MavenProject: com.snccreations:spring-boot-library:2.7.3 @ C:\Users\USER\Desktop\react project\library-app\02-backend\spring-boot-library\pom.xml.
2024-06-10 12:15:51,149 [Worker-16: Building] INFO  o.a.m.s.f.DefaultMavenResourcesFiltering - Copying 1 resource from src\main\resources to target\classes
2024-06-10 12:15:51,180 [Worker-16: Building] INFO  o.a.m.s.f.DefaultMavenResourcesFiltering - Copying 0 resource from src\main\resources to target\classes
2024-06-10 12:15:51,187 [Worker-16: Building] INFO  o.a.m.s.f.DefaultMavenResourcesFiltering - skip non existing resourceDirectory C:\Users\USER\Desktop\react project\library-app\02-backend\spring-boot-library\src\test\resources
2024-06-10 12:16:00,101 [Worker-15: Updating Maven Project] INFO  o.e.m.c.i.p.ProjectConfigurationManager - Update started
2024-06-10 12:16:00,568 [Worker-15: Updating Maven Project] INFO  o.e.m.c.i.l.LifecycleMappingFactory - Using org.eclipse.m2e.jdt.JarLifecycleMapping lifecycle mapping for MavenProject: com.snccreations:spring-boot-library:2.7.3 @ C:\Users\USER\Desktop\react project\library-app\02-backend\spring-boot-library\pom.xml.
2024-06-10 12:16:01,525 [Worker-15: Updating Maven Project] INFO  o.e.m.j.i.AbstractJavaProjectConfigurator - Adding source folder /spring-boot-library/src/main/java
2024-06-10 12:16:01,526 [Worker-15: Updating Maven Project] INFO  o.e.m.j.i.AbstractJavaProjectConfigurator - Adding resource folder /spring-boot-library/src/main/resources
2024-06-10 12:16:01,526 [Worker-15: Updating Maven Project] INFO  o.e.m.j.i.AbstractJavaProjectConfigurator - Adding resource folder /spring-boot-library/src/main/resources
2024-06-10 12:16:01,527 [Worker-15: Updating Maven Project] INFO  o.e.m.j.i.AbstractJavaProjectConfigurator - Adding source folder /spring-boot-library/src/test/java
2024-06-10 12:16:01,527 [Worker-15: Updating Maven Project] INFO  o.e.m.j.i.AbstractJavaProjectConfigurator - Adding resource folder /spring-boot-library/src/test/resources
2024-06-10 12:16:02,528 [Worker-15: Updating Maven Project] INFO  o.e.m.c.i.p.ProjectConfigurationManager - Update completed for 1 poms: local refresh takes 0.00 sec, refresh facades takes 1.00 sec, update config takes 0.00 sec 
2024-06-10 12:16:03,550 [Worker-26: Building] INFO  o.a.m.s.f.DefaultMavenResourcesFiltering - Copying 1 resource from src\main\resources to target\classes
2024-06-10 12:16:03,573 [Worker-26: Building] INFO  o.a.m.s.f.DefaultMavenResourcesFiltering - Copying 0 resource from src\main\resources to target\classes
2024-06-10 12:16:03,579 [Worker-26: Building] INFO  o.a.m.s.f.DefaultMavenResourcesFiltering - skip non existing resourceDirectory C:\Users\USER\Desktop\react project\library-app\02-backend\spring-boot-library\src\test\resources
2024-06-10 12:22:33,977 [Worker-22: Building] INFO  o.a.m.s.f.DefaultMavenResourcesFiltering - Copying 1 resource from src\main\resources to target\classes
2024-06-10 12:22:34,007 [Worker-22: Building] INFO  o.a.m.s.f.DefaultMavenResourcesFiltering - Copying 0 resource from src\main\resources to target\classes
2024-06-10 12:22:34,014 [Worker-22: Building] INFO  o.a.m.s.f.DefaultMavenResourcesFiltering - skip non existing resourceDirectory C:\Users\USER\Desktop\react project\library-app\02-backend\spring-boot-library\src\test\resources
2024-06-10 12:23:19,514 [Worker-32: Updating Maven Project] INFO  o.e.m.c.i.p.ProjectConfigurationManager - Update started
2024-06-10 12:23:19,997 [Worker-32: Updating Maven Project] INFO  o.e.m.c.i.l.LifecycleMappingFactory - Using org.eclipse.m2e.jdt.JarLifecycleMapping lifecycle mapping for MavenProject: com.snccreations:spring-boot-library:2.7.3 @ C:\Users\USER\Desktop\react project\library-app\02-backend\spring-boot-library\pom.xml.
2024-06-10 12:23:20,914 [Worker-32: Updating Maven Project] INFO  o.e.m.j.i.AbstractJavaProjectConfigurator - Adding source folder /spring-boot-library/src/main/java
2024-06-10 12:23:20,915 [Worker-32: Updating Maven Project] INFO  o.e.m.j.i.AbstractJavaProjectConfigurator - Adding resource folder /spring-boot-library/src/main/resources
2024-06-10 12:23:20,916 [Worker-32: Updating Maven Project] INFO  o.e.m.j.i.AbstractJavaProjectConfigurator - Adding resource folder /spring-boot-library/src/main/resources
2024-06-10 12:23:20,916 [Worker-32: Updating Maven Project] INFO  o.e.m.j.i.AbstractJavaProjectConfigurator - Adding source folder /spring-boot-library/src/test/java
2024-06-10 12:23:20,916 [Worker-32: Updating Maven Project] INFO  o.e.m.j.i.AbstractJavaProjectConfigurator - Adding resource folder /spring-boot-library/src/test/resources
2024-06-10 12:23:21,700 [Worker-32: Updating Maven Project] INFO  o.e.m.c.i.p.ProjectConfigurationManager - Update completed for 1 poms: local refresh takes 0.00 sec, refresh facades takes 1.00 sec, update config takes 0.00 sec 
2024-06-10 12:23:22,832 [Worker-33: Building] INFO  o.a.m.s.f.DefaultMavenResourcesFiltering - Copying 1 resource from src\main\resources to target\classes
2024-06-10 12:23:22,866 [Worker-33: Building] INFO  o.a.m.s.f.DefaultMavenResourcesFiltering - Copying 0 resource from src\main\resources to target\classes
2024-06-10 12:23:22,873 [Worker-33: Building] INFO  o.a.m.s.f.DefaultMavenResourcesFiltering - skip non existing resourceDirectory C:\Users\USER\Desktop\react project\library-app\02-backend\spring-boot-library\src\test\resources
2024-06-10 12:28:27,667 [Worker-44: Building] INFO  o.a.m.s.f.DefaultMavenResourcesFiltering - Copying 1 resource from src\main\resources to target\classes
2024-06-10 12:28:27,682 [Worker-44: Building] INFO  o.a.m.s.f.DefaultMavenResourcesFiltering - Copying 0 resource from src\main\resources to target\classes
2024-06-10 12:28:27,688 [Worker-44: Building] INFO  o.a.m.s.f.DefaultMavenResourcesFiltering - skip non existing resourceDirectory C:\Users\USER\Desktop\react project\library-app\02-backend\spring-boot-library\src\test\resources
2024-06-10 12:31:05,111 [Worker-34: Building] INFO  o.a.m.s.f.DefaultMavenResourcesFiltering - Copying 1 resource from src\main\resources to target\classes
2024-06-10 12:31:05,123 [Worker-34: Building] INFO  o.a.m.s.f.DefaultMavenResourcesFiltering - Copying 0 resource from src\main\resources to target\classes
2024-06-10 12:31:05,128 [Worker-34: Building] INFO  o.a.m.s.f.DefaultMavenResourcesFiltering - skip non existing resourceDirectory C:\Users\USER\Desktop\react project\library-app\02-backend\spring-boot-library\src\test\resources
2024-06-10 12:32:54,336 [Worker-45: Building] INFO  o.a.m.s.f.DefaultMavenResourcesFiltering - Copying 1 resource from src\main\resources to target\classes
2024-06-10 12:32:54,344 [Worker-45: Building] INFO  o.a.m.s.f.DefaultMavenResourcesFiltering - Copying 0 resource from src\main\resources to target\classes
2024-06-10 12:32:54,348 [Worker-45: Building] INFO  o.a.m.s.f.DefaultMavenResourcesFiltering - skip non existing resourceDirectory C:\Users\USER\Desktop\react project\library-app\02-backend\spring-boot-library\src\test\resources
2024-06-10 12:33:20,614 [Worker-45: Building] INFO  o.a.m.s.f.DefaultMavenResourcesFiltering - Copying 1 resource from src\main\resources to target\classes
2024-06-10 12:33:20,624 [Worker-45: Building] INFO  o.a.m.s.f.DefaultMavenResourcesFiltering - Copying 0 resource from src\main\resources to target\classes
2024-06-10 12:33:20,628 [Worker-45: Building] INFO  o.a.m.s.f.DefaultMavenResourcesFiltering - skip non existing resourceDirectory C:\Users\USER\Desktop\react project\library-app\02-backend\spring-boot-library\src\test\resources
2024-06-10 12:34:17,083 [Worker-43: Building] INFO  o.a.m.s.f.DefaultMavenResourcesFiltering - Copying 1 resource from src\main\resources to target\classes
2024-06-10 12:34:17,091 [Worker-43: Building] INFO  o.a.m.s.f.DefaultMavenResourcesFiltering - Copying 0 resource from src\main\resources to target\classes
2024-06-10 12:34:17,097 [Worker-43: Building] INFO  o.a.m.s.f.DefaultMavenResourcesFiltering - skip non existing resourceDirectory C:\Users\USER\Desktop\react project\library-app\02-backend\spring-boot-library\src\test\resources
2024-06-10 12:35:44,684 [Worker-44: Building] INFO  o.a.m.s.f.DefaultMavenResourcesFiltering - Copying 1 resource from src\main\resources to target\classes
2024-06-10 12:35:44,693 [Worker-44: Building] INFO  o.a.m.s.f.DefaultMavenResourcesFiltering - Copying 0 resource from src\main\resources to target\classes
2024-06-10 12:35:44,697 [Worker-44: Building] INFO  o.a.m.s.f.DefaultMavenResourcesFiltering - skip non existing resourceDirectory C:\Users\USER\Desktop\react project\library-app\02-backend\spring-boot-library\src\test\resources
2024-06-10 12:36:58,212 [Worker-44: Building] INFO  o.a.m.s.f.DefaultMavenResourcesFiltering - Copying 1 resource from src\main\resources to target\classes
2024-06-10 12:36:58,220 [Worker-44: Building] INFO  o.a.m.s.f.DefaultMavenResourcesFiltering - Copying 0 resource from src\main\resources to target\classes
2024-06-10 12:36:58,230 [Worker-44: Building] INFO  o.a.m.s.f.DefaultMavenResourcesFiltering - skip non existing resourceDirectory C:\Users\USER\Desktop\react project\library-app\02-backend\spring-boot-library\src\test\resources
2024-06-10 12:38:05,442 [Worker-47: Building] INFO  o.a.m.s.f.DefaultMavenResourcesFiltering - Copying 1 resource from src\main\resources to target\classes
2024-06-10 12:38:05,451 [Worker-47: Building] INFO  o.a.m.s.f.DefaultMavenResourcesFiltering - Copying 0 resource from src\main\resources to target\classes
2024-06-10 12:38:05,456 [Worker-47: Building] INFO  o.a.m.s.f.DefaultMavenResourcesFiltering - skip non existing resourceDirectory C:\Users\USER\Desktop\react project\library-app\02-backend\spring-boot-library\src\test\resources
2024-06-10 12:39:00,066 [Worker-45: Building] INFO  o.a.m.s.f.DefaultMavenResourcesFiltering - Copying 1 resource from src\main\resources to target\classes
2024-06-10 12:39:00,075 [Worker-45: Building] INFO  o.a.m.s.f.DefaultMavenResourcesFiltering - Copying 0 resource from src\main\resources to target\classes
2024-06-10 12:39:00,080 [Worker-45: Building] INFO  o.a.m.s.f.DefaultMavenResourcesFiltering - skip non existing resourceDirectory C:\Users\USER\Desktop\react project\library-app\02-backend\spring-boot-library\src\test\resources
2024-06-10 12:43:43,978 [Worker-46: Building] INFO  o.a.m.s.f.DefaultMavenResourcesFiltering - Copying 1 resource from src\main\resources to target\classes
2024-06-10 12:43:43,987 [Worker-46: Building] INFO  o.a.m.s.f.DefaultMavenResourcesFiltering - Copying 0 resource from src\main\resources to target\classes
2024-06-10 12:43:43,992 [Worker-46: Building] INFO  o.a.m.s.f.DefaultMavenResourcesFiltering - skip non existing resourceDirectory C:\Users\USER\Desktop\react project\library-app\02-backend\spring-boot-library\src\test\resources
2024-06-10 12:51:42,791 [Worker-46: Building] INFO  o.a.m.s.f.DefaultMavenResourcesFiltering - Copying 1 resource from src\main\resources to target\classes
2024-06-10 12:51:42,798 [Worker-46: Building] INFO  o.a.m.s.f.DefaultMavenResourcesFiltering - Copying 0 resource from src\main\resources to target\classes
2024-06-10 12:51:42,801 [Worker-46: Building] INFO  o.a.m.s.f.DefaultMavenResourcesFiltering - skip non existing resourceDirectory C:\Users\USER\Desktop\react project\library-app\02-backend\spring-boot-library\src\test\resources
2024-06-10 12:52:07,991 [Worker-49: Building] INFO  o.a.m.s.f.DefaultMavenResourcesFiltering - Copying 1 resource from src\main\resources to target\classes
2024-06-10 12:52:08,000 [Worker-49: Building] INFO  o.a.m.s.f.DefaultMavenResourcesFiltering - Copying 0 resource from src\main\resources to target\classes
2024-06-10 12:52:08,003 [Worker-49: Building] INFO  o.a.m.s.f.DefaultMavenResourcesFiltering - skip non existing resourceDirectory C:\Users\USER\Desktop\react project\library-app\02-backend\spring-boot-library\src\test\resources
2024-06-10 12:52:34,656 [Worker-50: Building] INFO  o.a.m.s.f.DefaultMavenResourcesFiltering - Copying 1 resource from src\main\resources to target\classes
2024-06-10 12:52:34,665 [Worker-50: Building] INFO  o.a.m.s.f.DefaultMavenResourcesFiltering - Copying 0 resource from src\main\resources to target\classes
2024-06-10 12:52:34,673 [Worker-50: Building] INFO  o.a.m.s.f.DefaultMavenResourcesFiltering - skip non existing resourceDirectory C:\Users\USER\Desktop\react project\library-app\02-backend\spring-boot-library\src\test\resources
2024-06-10 12:58:17,188 [Worker-46: Building] INFO  o.a.m.s.f.DefaultMavenResourcesFiltering - Copying 1 resource from src\main\resources to target\classes
2024-06-10 12:58:17,198 [Worker-46: Building] INFO  o.a.m.s.f.DefaultMavenResourcesFiltering - Copying 0 resource from src\main\resources to target\classes
2024-06-10 12:58:17,201 [Worker-46: Building] INFO  o.a.m.s.f.DefaultMavenResourcesFiltering - skip non existing resourceDirectory C:\Users\USER\Desktop\react project\library-app\02-backend\spring-boot-library\src\test\resources
2024-06-10 12:58:32,152 [Worker-46: Building] INFO  o.a.m.s.f.DefaultMavenResourcesFiltering - Copying 1 resource from src\main\resources to target\classes
2024-06-10 12:58:32,164 [Worker-46: Building] INFO  o.a.m.s.f.DefaultMavenResourcesFiltering - Copying 0 resource from src\main\resources to target\classes
2024-06-10 12:58:32,170 [Worker-46: Building] INFO  o.a.m.s.f.DefaultMavenResourcesFiltering - skip non existing resourceDirectory C:\Users\USER\Desktop\react project\library-app\02-backend\spring-boot-library\src\test\resources
2024-06-10 12:58:45,922 [Worker-50: Building] INFO  o.a.m.s.f.DefaultMavenResourcesFiltering - Copying 1 resource from src\main\resources to target\classes
2024-06-10 12:58:45,934 [Worker-50: Building] INFO  o.a.m.s.f.DefaultMavenResourcesFiltering - Copying 0 resource from src\main\resources to target\classes
2024-06-10 12:58:45,940 [Worker-50: Building] INFO  o.a.m.s.f.DefaultMavenResourcesFiltering - skip non existing resourceDirectory C:\Users\USER\Desktop\react project\library-app\02-backend\spring-boot-library\src\test\resources
2024-06-10 12:58:53,421 [Worker-52: Building] INFO  o.a.m.s.f.DefaultMavenResourcesFiltering - Copying 1 resource from src\main\resources to target\classes
2024-06-10 12:58:53,428 [Worker-52: Building] INFO  o.a.m.s.f.DefaultMavenResourcesFiltering - Copying 0 resource from src\main\resources to target\classes
2024-06-10 12:58:53,432 [Worker-52: Building] INFO  o.a.m.s.f.DefaultMavenResourcesFiltering - skip non existing resourceDirectory C:\Users\USER\Desktop\react project\library-app\02-backend\spring-boot-library\src\test\resources
2024-06-10 12:59:20,965 [Worker-50: Building] INFO  o.a.m.s.f.DefaultMavenResourcesFiltering - Copying 1 resource from src\main\resources to target\classes
2024-06-10 12:59:20,977 [Worker-50: Building] INFO  o.a.m.s.f.DefaultMavenResourcesFiltering - Copying 0 resource from src\main\resources to target\classes
2024-06-10 12:59:20,984 [Worker-50: Building] INFO  o.a.m.s.f.DefaultMavenResourcesFiltering - skip non existing resourceDirectory C:\Users\USER\Desktop\react project\library-app\02-backend\spring-boot-library\src\test\resources
2024-06-10 13:02:31,252 [Worker-46: Building] INFO  o.a.m.s.f.DefaultMavenResourcesFiltering - Copying 1 resource from src\main\resources to target\classes
2024-06-10 13:02:31,260 [Worker-46: Building] INFO  o.a.m.s.f.DefaultMavenResourcesFiltering - Copying 0 resource from src\main\resources to target\classes
2024-06-10 13:02:31,265 [Worker-46: Building] INFO  o.a.m.s.f.DefaultMavenResourcesFiltering - skip non existing resourceDirectory C:\Users\USER\Desktop\react project\library-app\02-backend\spring-boot-library\src\test\resources
2024-06-10 13:08:15,308 [Worker-51: Building] INFO  o.a.m.s.f.DefaultMavenResourcesFiltering - Copying 1 resource from src\main\resources to target\classes
2024-06-10 13:08:15,336 [Worker-51: Building] INFO  o.a.m.s.f.DefaultMavenResourcesFiltering - Copying 0 resource from src\main\resources to target\classes
2024-06-10 13:08:15,343 [Worker-51: Building] INFO  o.a.m.s.f.DefaultMavenResourcesFiltering - skip non existing resourceDirectory C:\Users\USER\Desktop\react project\library-app\02-backend\spring-boot-library\src\test\resources
2024-06-10 13:08:48,970 [Worker-45: Building] INFO  o.a.m.s.f.DefaultMavenResourcesFiltering - Copying 1 resource from src\main\resources to target\classes
2024-06-10 13:08:48,986 [Worker-45: Building] INFO  o.a.m.s.f.DefaultMavenResourcesFiltering - Copying 0 resource from src\main\resources to target\classes
2024-06-10 13:08:48,991 [Worker-45: Building] INFO  o.a.m.s.f.DefaultMavenResourcesFiltering - skip non existing resourceDirectory C:\Users\USER\Desktop\react project\library-app\02-backend\spring-boot-library\src\test\resources
2024-06-10 13:13:17,781 [Worker-50: Building] INFO  o.a.m.s.f.DefaultMavenResourcesFiltering - Copying 1 resource from src\main\resources to target\classes
2024-06-10 13:13:17,789 [Worker-50: Building] INFO  o.a.m.s.f.DefaultMavenResourcesFiltering - Copying 0 resource from src\main\resources to target\classes
2024-06-10 13:13:17,794 [Worker-50: Building] INFO  o.a.m.s.f.DefaultMavenResourcesFiltering - skip non existing resourceDirectory C:\Users\USER\Desktop\react project\library-app\02-backend\spring-boot-library\src\test\resources
2024-06-10 13:13:49,856 [Worker-52: Building] INFO  o.a.m.s.f.DefaultMavenResourcesFiltering - Copying 1 resource from src\main\resources to target\classes
2024-06-10 13:13:49,869 [Worker-52: Building] INFO  o.a.m.s.f.DefaultMavenResourcesFiltering - Copying 0 resource from src\main\resources to target\classes
2024-06-10 13:13:49,874 [Worker-52: Building] INFO  o.a.m.s.f.DefaultMavenResourcesFiltering - skip non existing resourceDirectory C:\Users\USER\Desktop\react project\library-app\02-backend\spring-boot-library\src\test\resources
2024-06-10 13:28:40,799 [Worker-57: Building] INFO  o.a.m.s.f.DefaultMavenResourcesFiltering - Copying 1 resource from src\main\resources to target\classes
2024-06-10 13:28:40,809 [Worker-57: Building] INFO  o.a.m.s.f.DefaultMavenResourcesFiltering - Copying 0 resource from src\main\resources to target\classes
2024-06-10 13:28:40,812 [Worker-57: Building] INFO  o.a.m.s.f.DefaultMavenResourcesFiltering - skip non existing resourceDirectory C:\Users\USER\Desktop\react project\library-app\02-backend\spring-boot-library\src\test\resources
2024-06-10 13:29:29,604 [Worker-58: Building] INFO  o.a.m.s.f.DefaultMavenResourcesFiltering - Copying 1 resource from src\main\resources to target\classes
2024-06-10 13:29:29,614 [Worker-58: Building] INFO  o.a.m.s.f.DefaultMavenResourcesFiltering - Copying 0 resource from src\main\resources to target\classes
2024-06-10 13:29:29,618 [Worker-58: Building] INFO  o.a.m.s.f.DefaultMavenResourcesFiltering - skip non existing resourceDirectory C:\Users\USER\Desktop\react project\library-app\02-backend\spring-boot-library\src\test\resources
2024-06-10 13:30:07,966 [Worker-49: Building] INFO  o.a.m.s.f.DefaultMavenResourcesFiltering - Copying 1 resource from src\main\resources to target\classes
2024-06-10 13:30:07,975 [Worker-49: Building] INFO  o.a.m.s.f.DefaultMavenResourcesFiltering - Copying 0 resource from src\main\resources to target\classes
2024-06-10 13:30:07,982 [Worker-49: Building] INFO  o.a.m.s.f.DefaultMavenResourcesFiltering - skip non existing resourceDirectory C:\Users\USER\Desktop\react project\library-app\02-backend\spring-boot-library\src\test\resources
2024-06-10 14:20:56,905 [Worker-59: Building] INFO  o.a.m.s.f.DefaultMavenResourcesFiltering - Copying 1 resource from src\main\resources to target\classes
2024-06-10 14:20:56,913 [Worker-59: Building] INFO  o.a.m.s.f.DefaultMavenResourcesFiltering - Copying 0 resource from src\main\resources to target\classes
2024-06-10 14:20:56,918 [Worker-59: Building] INFO  o.a.m.s.f.DefaultMavenResourcesFiltering - skip non existing resourceDirectory C:\Users\USER\Desktop\react project\library-app\02-backend\spring-boot-library\src\test\resources
2024-06-10 14:21:04,990 [Worker-62: Building] INFO  o.a.m.s.f.DefaultMavenResourcesFiltering - Copying 1 resource from src\main\resources to target\classes
2024-06-10 14:21:05,011 [Worker-62: Building] INFO  o.a.m.s.f.DefaultMavenResourcesFiltering - Copying 0 resource from src\main\resources to target\classes
2024-06-10 14:21:05,015 [Worker-62: Building] INFO  o.a.m.s.f.DefaultMavenResourcesFiltering - skip non existing resourceDirectory C:\Users\USER\Desktop\react project\library-app\02-backend\spring-boot-library\src\test\resources
2024-06-10 14:25:24,923 [Worker-64: Building] INFO  o.a.m.s.f.DefaultMavenResourcesFiltering - Copying 1 resource from src\main\resources to target\classes
2024-06-10 14:25:24,932 [Worker-64: Building] INFO  o.a.m.s.f.DefaultMavenResourcesFiltering - Copying 0 resource from src\main\resources to target\classes
2024-06-10 14:25:24,936 [Worker-64: Building] INFO  o.a.m.s.f.DefaultMavenResourcesFiltering - skip non existing resourceDirectory C:\Users\USER\Desktop\react project\library-app\02-backend\spring-boot-library\src\test\resources
2024-06-10 14:26:47,929 [Worker-64: Building] INFO  o.a.m.s.f.DefaultMavenResourcesFiltering - Copying 1 resource from src\main\resources to target\classes
2024-06-10 14:26:47,938 [Worker-64: Building] INFO  o.a.m.s.f.DefaultMavenResourcesFiltering - Copying 0 resource from src\main\resources to target\classes
2024-06-10 14:26:47,941 [Worker-64: Building] INFO  o.a.m.s.f.DefaultMavenResourcesFiltering - skip non existing resourceDirectory C:\Users\USER\Desktop\react project\library-app\02-backend\spring-boot-library\src\test\resources
2024-06-10 14:27:40,459 [Worker-55: Building] INFO  o.a.m.s.f.DefaultMavenResourcesFiltering - Copying 1 resource from src\main\resources to target\classes
2024-06-10 14:27:40,468 [Worker-55: Building] INFO  o.a.m.s.f.DefaultMavenResourcesFiltering - Copying 0 resource from src\main\resources to target\classes
2024-06-10 14:27:40,471 [Worker-55: Building] INFO  o.a.m.s.f.DefaultMavenResourcesFiltering - skip non existing resourceDirectory C:\Users\USER\Desktop\react project\library-app\02-backend\spring-boot-library\src\test\resources
2024-06-10 16:15:59,302 [Worker-79: Building] INFO  o.a.m.s.f.DefaultMavenResourcesFiltering - Copying 1 resource from src\main\resources to target\classes
2024-06-10 16:15:59,474 [Worker-79: Building] INFO  o.a.m.s.f.DefaultMavenResourcesFiltering - Copying 0 resource from src\main\resources to target\classes
2024-06-10 16:15:59,477 [Worker-79: Building] INFO  o.a.m.s.f.DefaultMavenResourcesFiltering - skip non existing resourceDirectory C:\Users\USER\Desktop\react project\library-app\02-backend\spring-boot-library\src\test\resources
2024-06-10 16:16:38,631 [Worker-87: Building] INFO  o.a.m.s.f.DefaultMavenResourcesFiltering - Copying 1 resource from src\main\resources to target\classes
2024-06-10 16:16:38,805 [Worker-87: Building] INFO  o.a.m.s.f.DefaultMavenResourcesFiltering - Copying 0 resource from src\main\resources to target\classes
2024-06-10 16:16:38,807 [Worker-87: Building] INFO  o.a.m.s.f.DefaultMavenResourcesFiltering - skip non existing resourceDirectory C:\Users\USER\Desktop\react project\library-app\02-backend\spring-boot-library\src\test\resources
2024-06-10 16:17:28,704 [Worker-83: Building] INFO  o.a.m.s.f.DefaultMavenResourcesFiltering - Copying 1 resource from src\main\resources to target\classes
2024-06-10 16:17:28,714 [Worker-83: Building] INFO  o.a.m.s.f.DefaultMavenResourcesFiltering - Copying 0 resource from src\main\resources to target\classes
2024-06-10 16:17:28,717 [Worker-83: Building] INFO  o.a.m.s.f.DefaultMavenResourcesFiltering - skip non existing resourceDirectory C:\Users\USER\Desktop\react project\library-app\02-backend\spring-boot-library\src\test\resources
2024-06-10 16:18:31,637 [Worker-90: Building] INFO  o.a.m.s.f.DefaultMavenResourcesFiltering - Copying 1 resource from src\main\resources to target\classes
2024-06-10 16:18:31,654 [Worker-90: Building] INFO  o.a.m.s.f.DefaultMavenResourcesFiltering - Copying 0 resource from src\main\resources to target\classes
2024-06-10 16:18:31,657 [Worker-90: Building] INFO  o.a.m.s.f.DefaultMavenResourcesFiltering - skip non existing resourceDirectory C:\Users\USER\Desktop\react project\library-app\02-backend\spring-boot-library\src\test\resources
2024-06-10 16:33:02,956 [Worker-90: Building] INFO  o.a.m.s.f.DefaultMavenResourcesFiltering - Copying 1 resource from src\main\resources to target\classes
2024-06-10 16:33:02,969 [Worker-90: Building] INFO  o.a.m.s.f.DefaultMavenResourcesFiltering - Copying 0 resource from src\main\resources to target\classes
2024-06-10 16:33:02,972 [Worker-90: Building] INFO  o.a.m.s.f.DefaultMavenResourcesFiltering - skip non existing resourceDirectory C:\Users\USER\Desktop\react project\library-app\02-backend\spring-boot-library\src\test\resources
2024-06-10 16:33:08,303 [Worker-90: Building] INFO  o.a.m.s.f.DefaultMavenResourcesFiltering - Copying 1 resource from src\main\resources to target\classes
2024-06-10 16:33:08,322 [Worker-90: Building] INFO  o.a.m.s.f.DefaultMavenResourcesFiltering - Copying 0 resource from src\main\resources to target\classes
2024-06-10 16:33:08,325 [Worker-90: Building] INFO  o.a.m.s.f.DefaultMavenResourcesFiltering - skip non existing resourceDirectory C:\Users\USER\Desktop\react project\library-app\02-backend\spring-boot-library\src\test\resources
2024-06-10 16:42:24,807 [Worker-101: Building] INFO  o.a.m.s.f.DefaultMavenResourcesFiltering - Copying 1 resource from src\main\resources to target\classes
2024-06-10 16:42:24,817 [Worker-101: Building] INFO  o.a.m.s.f.DefaultMavenResourcesFiltering - Copying 0 resource from src\main\resources to target\classes
2024-06-10 16:42:24,821 [Worker-101: Building] INFO  o.a.m.s.f.DefaultMavenResourcesFiltering - skip non existing resourceDirectory C:\Users\USER\Desktop\react project\library-app\02-backend\spring-boot-library\src\test\resources
2024-06-10 16:44:18,501 [Worker-102: Building] INFO  o.a.m.s.f.DefaultMavenResourcesFiltering - Copying 1 resource from src\main\resources to target\classes
2024-06-10 16:44:18,536 [Worker-102: Building] INFO  o.a.m.s.f.DefaultMavenResourcesFiltering - Copying 0 resource from src\main\resources to target\classes
2024-06-10 16:44:18,542 [Worker-102: Building] INFO  o.a.m.s.f.DefaultMavenResourcesFiltering - skip non existing resourceDirectory C:\Users\USER\Desktop\react project\library-app\02-backend\spring-boot-library\src\test\resources
2024-06-10 16:44:45,137 [Worker-104: Building] INFO  o.a.m.s.f.DefaultMavenResourcesFiltering - Copying 1 resource from src\main\resources to target\classes
2024-06-10 16:44:45,160 [Worker-104: Building] INFO  o.a.m.s.f.DefaultMavenResourcesFiltering - Copying 0 resource from src\main\resources to target\classes
2024-06-10 16:44:45,167 [Worker-104: Building] INFO  o.a.m.s.f.DefaultMavenResourcesFiltering - skip non existing resourceDirectory C:\Users\USER\Desktop\react project\library-app\02-backend\spring-boot-library\src\test\resources
2024-06-10 16:46:02,072 [Worker-101: Building] INFO  o.a.m.s.f.DefaultMavenResourcesFiltering - Copying 1 resource from src\main\resources to target\classes
2024-06-10 16:46:02,080 [Worker-101: Building] INFO  o.a.m.s.f.DefaultMavenResourcesFiltering - Copying 0 resource from src\main\resources to target\classes
2024-06-10 16:46:02,083 [Worker-101: Building] INFO  o.a.m.s.f.DefaultMavenResourcesFiltering - skip non existing resourceDirectory C:\Users\USER\Desktop\react project\library-app\02-backend\spring-boot-library\src\test\resources
2024-06-10 16:46:48,996 [Worker-103: Building] INFO  o.a.m.s.f.DefaultMavenResourcesFiltering - Copying 1 resource from src\main\resources to target\classes
2024-06-10 16:46:49,009 [Worker-103: Building] INFO  o.a.m.s.f.DefaultMavenResourcesFiltering - Copying 0 resource from src\main\resources to target\classes
2024-06-10 16:46:49,013 [Worker-103: Building] INFO  o.a.m.s.f.DefaultMavenResourcesFiltering - skip non existing resourceDirectory C:\Users\USER\Desktop\react project\library-app\02-backend\spring-boot-library\src\test\resources
2024-06-10 16:46:57,707 [Worker-90: Building] INFO  o.a.m.s.f.DefaultMavenResourcesFiltering - Copying 1 resource from src\main\resources to target\classes
2024-06-10 16:46:57,728 [Worker-90: Building] INFO  o.a.m.s.f.DefaultMavenResourcesFiltering - Copying 0 resource from src\main\resources to target\classes
2024-06-10 16:46:57,735 [Worker-90: Building] INFO  o.a.m.s.f.DefaultMavenResourcesFiltering - skip non existing resourceDirectory C:\Users\USER\Desktop\react project\library-app\02-backend\spring-boot-library\src\test\resources
2024-06-10 16:53:12,458 [Worker-109: Building] INFO  o.a.m.s.f.DefaultMavenResourcesFiltering - Copying 1 resource from src\main\resources to target\classes
2024-06-10 16:53:12,471 [Worker-109: Building] INFO  o.a.m.s.f.DefaultMavenResourcesFiltering - Copying 0 resource from src\main\resources to target\classes
2024-06-10 16:53:12,475 [Worker-109: Building] INFO  o.a.m.s.f.DefaultMavenResourcesFiltering - skip non existing resourceDirectory C:\Users\USER\Desktop\react project\library-app\02-backend\spring-boot-library\src\test\resources
2024-06-10 16:53:50,764 [Worker-110: Building] INFO  o.a.m.s.f.DefaultMavenResourcesFiltering - Copying 1 resource from src\main\resources to target\classes
2024-06-10 16:53:50,773 [Worker-110: Building] INFO  o.a.m.s.f.DefaultMavenResourcesFiltering - Copying 0 resource from src\main\resources to target\classes
2024-06-10 16:53:50,776 [Worker-110: Building] INFO  o.a.m.s.f.DefaultMavenResourcesFiltering - skip non existing resourceDirectory C:\Users\USER\Desktop\react project\library-app\02-backend\spring-boot-library\src\test\resources
2024-06-10 17:01:39,983 [Worker-103: Building] INFO  o.a.m.s.f.DefaultMavenResourcesFiltering - Copying 1 resource from src\main\resources to target\classes
2024-06-10 17:01:39,991 [Worker-103: Building] INFO  o.a.m.s.f.DefaultMavenResourcesFiltering - Copying 0 resource from src\main\resources to target\classes
2024-06-10 17:01:39,995 [Worker-103: Building] INFO  o.a.m.s.f.DefaultMavenResourcesFiltering - skip non existing resourceDirectory C:\Users\USER\Desktop\react project\library-app\02-backend\spring-boot-library\src\test\resources
2024-06-10 17:03:05,276 [Worker-118: Building] INFO  o.a.m.s.f.DefaultMavenResourcesFiltering - Copying 1 resource from src\main\resources to target\classes
2024-06-10 17:03:05,284 [Worker-118: Building] INFO  o.a.m.s.f.DefaultMavenResourcesFiltering - Copying 0 resource from src\main\resources to target\classes
2024-06-10 17:03:05,289 [Worker-118: Building] INFO  o.a.m.s.f.DefaultMavenResourcesFiltering - skip non existing resourceDirectory C:\Users\USER\Desktop\react project\library-app\02-backend\spring-boot-library\src\test\resources
2024-06-10 17:07:18,974 [Worker-121: Building] INFO  o.a.m.s.f.DefaultMavenResourcesFiltering - Copying 1 resource from src\main\resources to target\classes
2024-06-10 17:07:18,989 [Worker-121: Building] INFO  o.a.m.s.f.DefaultMavenResourcesFiltering - Copying 0 resource from src\main\resources to target\classes
2024-06-10 17:07:18,993 [Worker-121: Building] INFO  o.a.m.s.f.DefaultMavenResourcesFiltering - skip non existing resourceDirectory C:\Users\USER\Desktop\react project\library-app\02-backend\spring-boot-library\src\test\resources
2024-06-10 17:20:12,849 [Worker-127: Building] INFO  o.a.m.s.f.DefaultMavenResourcesFiltering - Copying 1 resource from src\main\resources to target\classes
2024-06-10 17:20:12,889 [Worker-127: Building] INFO  o.a.m.s.f.DefaultMavenResourcesFiltering - Copying 0 resource from src\main\resources to target\classes
2024-06-10 17:20:12,893 [Worker-127: Building] INFO  o.a.m.s.f.DefaultMavenResourcesFiltering - skip non existing resourceDirectory C:\Users\USER\Desktop\react project\library-app\02-backend\spring-boot-library\src\test\resources
2024-06-11 18:10:50,885 [Worker-6: Loading available Gradle versions] INFO  o.e.b.c.i.u.g.PublishedGradleVersions - Gradle version information cache is out-of-date. Trying to update.
2024-06-11 18:12:14,707 [Worker-10: Building] INFO  o.a.m.s.f.DefaultMavenResourcesFiltering - Copying 1 resource from src\main\resources to target\classes
2024-06-11 18:12:14,727 [Worker-10: Building] INFO  o.a.m.s.f.DefaultMavenResourcesFiltering - Copying 0 resource from src\main\resources to target\classes
2024-06-11 18:12:14,734 [Worker-10: Building] INFO  o.a.m.s.f.DefaultMavenResourcesFiltering - skip non existing resourceDirectory C:\Users\USER\Desktop\react project\library-app\02-backend\spring-boot-library\src\test\resources
2024-06-11 19:00:46,351 [Worker-15: Building] INFO  o.a.m.s.f.DefaultMavenResourcesFiltering - Copying 1 resource from src\main\resources to target\classes
2024-06-11 19:00:46,499 [Worker-15: Building] INFO  o.a.m.s.f.DefaultMavenResourcesFiltering - Copying 0 resource from src\main\resources to target\classes
2024-06-11 19:00:46,509 [Worker-15: Building] INFO  o.a.m.s.f.DefaultMavenResourcesFiltering - skip non existing resourceDirectory C:\Users\USER\Desktop\react project\library-app\02-backend\spring-boot-library\src\test\resources
2024-06-11 19:02:06,319 [Worker-17: Building] INFO  o.a.m.s.f.DefaultMavenResourcesFiltering - Copying 1 resource from src\main\resources to target\classes
2024-06-11 19:02:06,372 [Worker-17: Building] INFO  o.a.m.s.f.DefaultMavenResourcesFiltering - Copying 0 resource from src\main\resources to target\classes
2024-06-11 19:02:06,377 [Worker-17: Building] INFO  o.a.m.s.f.DefaultMavenResourcesFiltering - skip non existing resourceDirectory C:\Users\USER\Desktop\react project\library-app\02-backend\spring-boot-library\src\test\resources
2024-06-11 19:02:24,816 [Worker-8: Launching spring-boot-library - SpringBootLibraryApplication] INFO  o.a.m.s.f.DefaultMavenResourcesFiltering - Copying 1 resource from src\main\resources to target\classes
2024-06-11 19:02:24,880 [Worker-8: Launching spring-boot-library - SpringBootLibraryApplication] INFO  o.a.m.s.f.DefaultMavenResourcesFiltering - Copying 0 resource from src\main\resources to target\classes
2024-06-11 19:02:24,885 [Worker-8: Launching spring-boot-library - SpringBootLibraryApplication] INFO  o.a.m.s.f.DefaultMavenResourcesFiltering - skip non existing resourceDirectory C:\Users\USER\Desktop\react project\library-app\02-backend\spring-boot-library\src\test\resources
2024-06-11 19:04:02,367 [Worker-15: Building] INFO  o.a.m.s.f.DefaultMavenResourcesFiltering - Copying 1 resource from src\main\resources to target\classes
2024-06-11 19:04:02,382 [Worker-15: Building] INFO  o.a.m.s.f.DefaultMavenResourcesFiltering - Copying 0 resource from src\main\resources to target\classes
2024-06-11 19:04:02,388 [Worker-15: Building] INFO  o.a.m.s.f.DefaultMavenResourcesFiltering - skip non existing resourceDirectory C:\Users\USER\Desktop\react project\library-app\02-backend\spring-boot-library\src\test\resources
2024-06-11 19:09:12,205 [Worker-22: Building] INFO  o.a.m.s.f.DefaultMavenResourcesFiltering - Copying 1 resource from src\main\resources to target\classes
2024-06-11 19:09:12,239 [Worker-22: Building] INFO  o.a.m.s.f.DefaultMavenResourcesFiltering - Copying 0 resource from src\main\resources to target\classes
2024-06-11 19:09:12,251 [Worker-22: Building] INFO  o.a.m.s.f.DefaultMavenResourcesFiltering - skip non existing resourceDirectory C:\Users\USER\Desktop\react project\library-app\02-backend\spring-boot-library\src\test\resources
2024-06-12 11:15:20,642 [Worker-0: Loading available Gradle versions] INFO  o.e.b.c.i.u.g.PublishedGradleVersions - Gradle version information cache is up-to-date. Trying to read.
2024-06-12 11:28:21,692 [Worker-1: Building] INFO  o.a.m.s.f.DefaultMavenResourcesFiltering - Copying 1 resource from src\main\resources to target\classes
2024-06-12 11:28:21,762 [Worker-1: Building] INFO  o.a.m.s.f.DefaultMavenResourcesFiltering - Copying 1 resource from src\main\resources to target\classes
2024-06-12 11:28:21,780 [Worker-1: Building] INFO  o.a.m.s.f.DefaultMavenResourcesFiltering - skip non existing resourceDirectory C:\Users\USER\Desktop\react project\library-app\02-backend\spring-boot-library\src\test\resources
2024-06-12 11:37:10,713 [Worker-25: Building] INFO  o.a.m.s.f.DefaultMavenResourcesFiltering - Copying 1 resource from src\main\resources to target\classes
2024-06-12 11:37:10,724 [Worker-25: Building] INFO  o.a.m.s.f.DefaultMavenResourcesFiltering - Copying 1 resource from src\main\resources to target\classes
2024-06-12 11:37:10,730 [Worker-25: Building] INFO  o.a.m.s.f.DefaultMavenResourcesFiltering - skip non existing resourceDirectory C:\Users\USER\Desktop\react project\library-app\02-backend\spring-boot-library\src\test\resources
2024-06-12 11:37:34,532 [Worker-28: Building] INFO  o.a.m.s.f.DefaultMavenResourcesFiltering - Copying 1 resource from src\main\resources to target\classes
2024-06-12 11:37:34,539 [Worker-28: Building] INFO  o.a.m.s.f.DefaultMavenResourcesFiltering - Copying 1 resource from src\main\resources to target\classes
2024-06-12 11:37:34,542 [Worker-28: Building] INFO  o.a.m.s.f.DefaultMavenResourcesFiltering - skip non existing resourceDirectory C:\Users\USER\Desktop\react project\library-app\02-backend\spring-boot-library\src\test\resources
2024-06-12 11:38:15,310 [Worker-28: Building] INFO  o.a.m.s.f.DefaultMavenResourcesFiltering - Copying 1 resource from src\main\resources to target\classes
2024-06-12 11:38:15,320 [Worker-28: Building] INFO  o.a.m.s.f.DefaultMavenResourcesFiltering - Copying 1 resource from src\main\resources to target\classes
2024-06-12 11:38:15,327 [Worker-28: Building] INFO  o.a.m.s.f.DefaultMavenResourcesFiltering - skip non existing resourceDirectory C:\Users\USER\Desktop\react project\library-app\02-backend\spring-boot-library\src\test\resources
2024-06-12 11:38:53,499 [Worker-21: Building] INFO  o.a.m.s.f.DefaultMavenResourcesFiltering - Copying 1 resource from src\main\resources to target\classes
2024-06-12 11:38:53,507 [Worker-21: Building] INFO  o.a.m.s.f.DefaultMavenResourcesFiltering - Copying 1 resource from src\main\resources to target\classes
2024-06-12 11:38:53,512 [Worker-21: Building] INFO  o.a.m.s.f.DefaultMavenResourcesFiltering - skip non existing resourceDirectory C:\Users\USER\Desktop\react project\library-app\02-backend\spring-boot-library\src\test\resources
2024-06-12 11:39:22,394 [Worker-27: Building] INFO  o.a.m.s.f.DefaultMavenResourcesFiltering - Copying 1 resource from src\main\resources to target\classes
2024-06-12 11:39:22,404 [Worker-27: Building] INFO  o.a.m.s.f.DefaultMavenResourcesFiltering - Copying 1 resource from src\main\resources to target\classes
2024-06-12 11:39:22,411 [Worker-27: Building] INFO  o.a.m.s.f.DefaultMavenResourcesFiltering - skip non existing resourceDirectory C:\Users\USER\Desktop\react project\library-app\02-backend\spring-boot-library\src\test\resources
2024-06-12 11:41:02,207 [Worker-21: Building] INFO  o.a.m.s.f.DefaultMavenResourcesFiltering - Copying 1 resource from src\main\resources to target\classes
2024-06-12 11:41:02,223 [Worker-21: Building] INFO  o.a.m.s.f.DefaultMavenResourcesFiltering - Copying 1 resource from src\main\resources to target\classes
2024-06-12 11:41:02,230 [Worker-21: Building] INFO  o.a.m.s.f.DefaultMavenResourcesFiltering - skip non existing resourceDirectory C:\Users\USER\Desktop\react project\library-app\02-backend\spring-boot-library\src\test\resources
2024-06-12 11:41:35,062 [Worker-31: Building] INFO  o.a.m.s.f.DefaultMavenResourcesFiltering - Copying 1 resource from src\main\resources to target\classes
2024-06-12 11:41:35,072 [Worker-31: Building] INFO  o.a.m.s.f.DefaultMavenResourcesFiltering - Copying 1 resource from src\main\resources to target\classes
2024-06-12 11:41:35,080 [Worker-31: Building] INFO  o.a.m.s.f.DefaultMavenResourcesFiltering - skip non existing resourceDirectory C:\Users\USER\Desktop\react project\library-app\02-backend\spring-boot-library\src\test\resources
2024-06-12 11:41:49,267 [Worker-29: Building] INFO  o.a.m.s.f.DefaultMavenResourcesFiltering - Copying 1 resource from src\main\resources to target\classes
2024-06-12 11:41:49,277 [Worker-29: Building] INFO  o.a.m.s.f.DefaultMavenResourcesFiltering - Copying 1 resource from src\main\resources to target\classes
2024-06-12 11:41:49,283 [Worker-29: Building] INFO  o.a.m.s.f.DefaultMavenResourcesFiltering - skip non existing resourceDirectory C:\Users\USER\Desktop\react project\library-app\02-backend\spring-boot-library\src\test\resources
2024-06-12 11:42:23,304 [Worker-28: Building] INFO  o.a.m.s.f.DefaultMavenResourcesFiltering - Copying 1 resource from src\main\resources to target\classes
2024-06-12 11:42:23,312 [Worker-28: Building] INFO  o.a.m.s.f.DefaultMavenResourcesFiltering - Copying 1 resource from src\main\resources to target\classes
2024-06-12 11:42:23,318 [Worker-28: Building] INFO  o.a.m.s.f.DefaultMavenResourcesFiltering - skip non existing resourceDirectory C:\Users\USER\Desktop\react project\library-app\02-backend\spring-boot-library\src\test\resources
2024-06-12 11:45:17,851 [Worker-33: Building] INFO  o.a.m.s.f.DefaultMavenResourcesFiltering - Copying 1 resource from src\main\resources to target\classes
2024-06-12 11:45:17,860 [Worker-33: Building] INFO  o.a.m.s.f.DefaultMavenResourcesFiltering - Copying 0 resource from src\main\resources to target\classes
2024-06-12 11:45:17,863 [Worker-33: Building] INFO  o.a.m.s.f.DefaultMavenResourcesFiltering - skip non existing resourceDirectory C:\Users\USER\Desktop\react project\library-app\02-backend\spring-boot-library\src\test\resources
2024-06-12 11:45:41,337 [Worker-33: Building] INFO  o.a.m.s.f.DefaultMavenResourcesFiltering - Copying 0 resource from src\main\resources to target\classes
2024-06-12 11:45:41,338 [Worker-33: Building] INFO  o.a.m.s.f.DefaultMavenResourcesFiltering - Copying 0 resource from src\main\resources to target\classes
2024-06-12 11:45:41,341 [Worker-33: Building] INFO  o.a.m.s.f.DefaultMavenResourcesFiltering - skip non existing resourceDirectory C:\Users\USER\Desktop\react project\library-app\02-backend\spring-boot-library\src\test\resources
2024-06-12 11:54:06,226 [Worker-40: Building] INFO  o.a.m.s.f.DefaultMavenResourcesFiltering - Copying 1 resource from src\main\resources to target\classes
2024-06-12 11:54:06,249 [Worker-40: Building] INFO  o.a.m.s.f.DefaultMavenResourcesFiltering - Copying 0 resource from src\main\resources to target\classes
2024-06-12 11:54:06,252 [Worker-40: Building] INFO  o.a.m.s.f.DefaultMavenResourcesFiltering - skip non existing resourceDirectory C:\Users\USER\Desktop\react project\library-app\02-backend\spring-boot-library\src\test\resources
2024-06-12 12:11:39,219 [Worker-54: Building] INFO  o.a.m.s.f.DefaultMavenResourcesFiltering - Copying 1 resource from src\main\resources to target\classes
2024-06-12 12:11:39,231 [Worker-54: Building] INFO  o.a.m.s.f.DefaultMavenResourcesFiltering - Copying 0 resource from src\main\resources to target\classes
2024-06-12 12:11:39,234 [Worker-54: Building] INFO  o.a.m.s.f.DefaultMavenResourcesFiltering - skip non existing resourceDirectory C:\Users\USER\Desktop\react project\library-app\02-backend\spring-boot-library\src\test\resources
2024-06-12 12:24:30,720 [Worker-60: Building] INFO  o.a.m.s.f.DefaultMavenResourcesFiltering - Copying 1 resource from src\main\resources to target\classes
2024-06-12 12:24:30,733 [Worker-60: Building] INFO  o.a.m.s.f.DefaultMavenResourcesFiltering - Copying 0 resource from src\main\resources to target\classes
2024-06-12 12:24:30,737 [Worker-60: Building] INFO  o.a.m.s.f.DefaultMavenResourcesFiltering - skip non existing resourceDirectory C:\Users\USER\Desktop\react project\library-app\02-backend\spring-boot-library\src\test\resources
2024-06-12 12:25:49,310 [Worker-54: Building] INFO  o.a.m.s.f.DefaultMavenResourcesFiltering - Copying 1 resource from src\main\resources to target\classes
2024-06-12 12:25:49,319 [Worker-54: Building] INFO  o.a.m.s.f.DefaultMavenResourcesFiltering - Copying 0 resource from src\main\resources to target\classes
2024-06-12 12:25:49,325 [Worker-54: Building] INFO  o.a.m.s.f.DefaultMavenResourcesFiltering - skip non existing resourceDirectory C:\Users\USER\Desktop\react project\library-app\02-backend\spring-boot-library\src\test\resources
2024-06-12 12:26:15,930 [Worker-62: Building] INFO  o.a.m.s.f.DefaultMavenResourcesFiltering - Copying 1 resource from src\main\resources to target\classes
2024-06-12 12:26:15,936 [Worker-62: Building] INFO  o.a.m.s.f.DefaultMavenResourcesFiltering - Copying 0 resource from src\main\resources to target\classes
2024-06-12 12:26:15,938 [Worker-62: Building] INFO  o.a.m.s.f.DefaultMavenResourcesFiltering - skip non existing resourceDirectory C:\Users\USER\Desktop\react project\library-app\02-backend\spring-boot-library\src\test\resources
2024-06-12 12:26:54,084 [Worker-63: Building] INFO  o.a.m.s.f.DefaultMavenResourcesFiltering - Copying 1 resource from src\main\resources to target\classes
2024-06-12 12:26:54,091 [Worker-63: Building] INFO  o.a.m.s.f.DefaultMavenResourcesFiltering - Copying 0 resource from src\main\resources to target\classes
2024-06-12 12:26:54,095 [Worker-63: Building] INFO  o.a.m.s.f.DefaultMavenResourcesFiltering - skip non existing resourceDirectory C:\Users\USER\Desktop\react project\library-app\02-backend\spring-boot-library\src\test\resources
2024-06-12 12:27:24,080 [Worker-54: Building] INFO  o.a.m.s.f.DefaultMavenResourcesFiltering - Copying 1 resource from src\main\resources to target\classes
2024-06-12 12:27:24,088 [Worker-54: Building] INFO  o.a.m.s.f.DefaultMavenResourcesFiltering - Copying 0 resource from src\main\resources to target\classes
2024-06-12 12:27:24,091 [Worker-54: Building] INFO  o.a.m.s.f.DefaultMavenResourcesFiltering - skip non existing resourceDirectory C:\Users\USER\Desktop\react project\library-app\02-backend\spring-boot-library\src\test\resources
2024-06-12 12:28:28,383 [Worker-60: Building] INFO  o.a.m.s.f.DefaultMavenResourcesFiltering - Copying 1 resource from src\main\resources to target\classes
2024-06-12 12:28:28,395 [Worker-60: Building] INFO  o.a.m.s.f.DefaultMavenResourcesFiltering - Copying 0 resource from src\main\resources to target\classes
2024-06-12 12:28:28,400 [Worker-60: Building] INFO  o.a.m.s.f.DefaultMavenResourcesFiltering - skip non existing resourceDirectory C:\Users\USER\Desktop\react project\library-app\02-backend\spring-boot-library\src\test\resources
2024-06-12 12:34:00,743 [Worker-68: Building] INFO  o.a.m.s.f.DefaultMavenResourcesFiltering - Copying 1 resource from src\main\resources to target\classes
2024-06-12 12:34:00,760 [Worker-68: Building] INFO  o.a.m.s.f.DefaultMavenResourcesFiltering - Copying 0 resource from src\main\resources to target\classes
2024-06-12 12:34:00,763 [Worker-68: Building] INFO  o.a.m.s.f.DefaultMavenResourcesFiltering - skip non existing resourceDirectory C:\Users\USER\Desktop\react project\library-app\02-backend\spring-boot-library\src\test\resources
2024-06-12 12:44:16,115 [Worker-80: Building] INFO  o.a.m.s.f.DefaultMavenResourcesFiltering - Copying 1 resource from src\main\resources to target\classes
2024-06-12 12:44:16,122 [Worker-80: Building] INFO  o.a.m.s.f.DefaultMavenResourcesFiltering - Copying 0 resource from src\main\resources to target\classes
2024-06-12 12:44:16,124 [Worker-80: Building] INFO  o.a.m.s.f.DefaultMavenResourcesFiltering - skip non existing resourceDirectory C:\Users\USER\Desktop\react project\library-app\02-backend\spring-boot-library\src\test\resources
2024-06-12 17:18:49,748 [Worker-100: Updating Maven Project] INFO  o.e.m.c.i.p.ProjectConfigurationManager - Update started
2024-06-12 17:18:55,974 [Worker-100: Updating Maven Project] INFO  o.e.m.c.i.l.LifecycleMappingFactory - Using org.eclipse.m2e.jdt.JarLifecycleMapping lifecycle mapping for MavenProject: com.snccreations:spring-boot-library:2.7.3 @ C:\Users\USER\Desktop\react project\library-app\02-backend\spring-boot-library\pom.xml.
2024-06-12 17:19:04,406 [Worker-100: Updating Maven Project] INFO  o.e.m.j.i.AbstractJavaProjectConfigurator - Adding source folder /spring-boot-library/src/main/java
2024-06-12 17:19:04,407 [Worker-100: Updating Maven Project] INFO  o.e.m.j.i.AbstractJavaProjectConfigurator - Adding resource folder /spring-boot-library/src/main/resources
2024-06-12 17:19:04,408 [Worker-100: Updating Maven Project] INFO  o.e.m.j.i.AbstractJavaProjectConfigurator - Adding resource folder /spring-boot-library/src/main/resources
2024-06-12 17:19:04,408 [Worker-100: Updating Maven Project] INFO  o.e.m.j.i.AbstractJavaProjectConfigurator - Adding source folder /spring-boot-library/src/test/java
2024-06-12 17:19:04,409 [Worker-100: Updating Maven Project] INFO  o.e.m.j.i.AbstractJavaProjectConfigurator - Adding resource folder /spring-boot-library/src/test/resources
2024-06-12 17:19:05,288 [Worker-100: Updating Maven Project] INFO  o.e.m.c.i.p.ProjectConfigurationManager - Update completed for 1 poms: local refresh takes 0.00 sec, refresh facades takes 13.00 sec, update config takes 1.00 sec 
2024-06-12 17:19:06,903 [Worker-103: Building] INFO  o.a.m.s.f.DefaultMavenResourcesFiltering - Copying 1 resource from src\main\resources to target\classes
2024-06-12 17:19:06,944 [Worker-103: Building] INFO  o.a.m.s.f.DefaultMavenResourcesFiltering - Copying 0 resource from src\main\resources to target\classes
2024-06-12 17:19:06,952 [Worker-103: Building] INFO  o.a.m.s.f.DefaultMavenResourcesFiltering - skip non existing resourceDirectory C:\Users\USER\Desktop\react project\library-app\02-backend\spring-boot-library\src\test\resources
2024-06-12 17:20:30,386 [Worker-105: Launching Executing clean in C__Users_USER_Desktop_react project_library-app_02-backend_spring-boot-library] INFO  o.eclipse.m2e.core.internal.Bundles - getClasspathEntries(Bundle=org.eclipse.m2e.maven.runtime_3.9.500.20231113-2345 [346])
2024-06-12 17:20:30,392 [Worker-105: Launching Executing clean in C__Users_USER_Desktop_react project_library-app_02-backend_spring-boot-library] INFO  o.eclipse.m2e.core.internal.Bundles - 	Entry: C:\Users\USER\Downloads\sts-4.21.1.RELEASE\plugins\org.eclipse.m2e.maven.runtime_3.9.500.20231113-2345
2024-06-12 17:20:30,393 [Worker-105: Launching Executing clean in C__Users_USER_Desktop_react project_library-app_02-backend_spring-boot-library] INFO  o.eclipse.m2e.core.internal.Bundles - 	Entry: C:\Users\USER\Downloads\sts-4.21.1.RELEASE\plugins\org.eclipse.m2e.maven.runtime_3.9.500.20231113-2345\jars\aopalliance-1.0.jar
2024-06-12 17:20:30,393 [Worker-105: Launching Executing clean in C__Users_USER_Desktop_react project_library-app_02-backend_spring-boot-library] INFO  o.eclipse.m2e.core.internal.Bundles - 	Entry: C:\Users\USER\Downloads\sts-4.21.1.RELEASE\plugins\org.eclipse.m2e.maven.runtime_3.9.500.20231113-2345\jars\guice-5.1.0.jar
2024-06-12 17:20:30,394 [Worker-105: Launching Executing clean in C__Users_USER_Desktop_react project_library-app_02-backend_spring-boot-library] INFO  o.eclipse.m2e.core.internal.Bundles - 	Entry: C:\Users\USER\Downloads\sts-4.21.1.RELEASE\plugins\org.eclipse.m2e.maven.runtime_3.9.500.20231113-2345\jars\httpclient-4.5.14.jar
2024-06-12 17:20:30,394 [Worker-105: Launching Executing clean in C__Users_USER_Desktop_react project_library-app_02-backend_spring-boot-library] INFO  o.eclipse.m2e.core.internal.Bundles - 	Entry: C:\Users\USER\Downloads\sts-4.21.1.RELEASE\plugins\org.eclipse.m2e.maven.runtime_3.9.500.20231113-2345\jars\httpcore-4.4.16.jar
2024-06-12 17:20:30,394 [Worker-105: Launching Executing clean in C__Users_USER_Desktop_react project_library-app_02-backend_spring-boot-library] INFO  o.eclipse.m2e.core.internal.Bundles - 	Entry: C:\Users\USER\Downloads\sts-4.21.1.RELEASE\plugins\org.eclipse.m2e.maven.runtime_3.9.500.20231113-2345\jars\jansi-2.4.0.jar
2024-06-12 17:20:30,394 [Worker-105: Launching Executing clean in C__Users_USER_Desktop_react project_library-app_02-backend_spring-boot-library] INFO  o.eclipse.m2e.core.internal.Bundles - 	Entry: C:\Users\USER\Downloads\sts-4.21.1.RELEASE\plugins\org.eclipse.m2e.maven.runtime_3.9.500.20231113-2345\jars\jcl-over-slf4j-1.7.36.jar
2024-06-12 17:20:30,395 [Worker-105: Launching Executing clean in C__Users_USER_Desktop_react project_library-app_02-backend_spring-boot-library] INFO  o.eclipse.m2e.core.internal.Bundles - 	Entry: C:\Users\USER\Downloads\sts-4.21.1.RELEASE\plugins\org.eclipse.m2e.maven.runtime_3.9.500.20231113-2345\jars\maven-artifact-3.9.5.jar
2024-06-12 17:20:30,395 [Worker-105: Launching Executing clean in C__Users_USER_Desktop_react project_library-app_02-backend_spring-boot-library] INFO  o.eclipse.m2e.core.internal.Bundles - 	Entry: C:\Users\USER\Downloads\sts-4.21.1.RELEASE\plugins\org.eclipse.m2e.maven.runtime_3.9.500.20231113-2345\jars\maven-builder-support-3.9.5.jar
2024-06-12 17:20:30,395 [Worker-105: Launching Executing clean in C__Users_USER_Desktop_react project_library-app_02-backend_spring-boot-library] INFO  o.eclipse.m2e.core.internal.Bundles - 	Entry: C:\Users\USER\Downloads\sts-4.21.1.RELEASE\plugins\org.eclipse.m2e.maven.runtime_3.9.500.20231113-2345\jars\maven-compat-3.9.5.jar
2024-06-12 17:20:30,396 [Worker-105: Launching Executing clean in C__Users_USER_Desktop_react project_library-app_02-backend_spring-boot-library] INFO  o.eclipse.m2e.core.internal.Bundles - 	Entry: C:\Users\USER\Downloads\sts-4.21.1.RELEASE\plugins\org.eclipse.m2e.maven.runtime_3.9.500.20231113-2345\jars\maven-core-3.9.5.jar
2024-06-12 17:20:30,396 [Worker-105: Launching Executing clean in C__Users_USER_Desktop_react project_library-app_02-backend_spring-boot-library] INFO  o.eclipse.m2e.core.internal.Bundles - 	Entry: C:\Users\USER\Downloads\sts-4.21.1.RELEASE\plugins\org.eclipse.m2e.maven.runtime_3.9.500.20231113-2345\jars\maven-embedder-3.9.5.jar
2024-06-12 17:20:30,397 [Worker-105: Launching Executing clean in C__Users_USER_Desktop_react project_library-app_02-backend_spring-boot-library] INFO  o.eclipse.m2e.core.internal.Bundles - 	Entry: C:\Users\USER\Downloads\sts-4.21.1.RELEASE\plugins\org.eclipse.m2e.maven.runtime_3.9.500.20231113-2345\jars\maven-model-3.9.5.jar
2024-06-12 17:20:30,397 [Worker-105: Launching Executing clean in C__Users_USER_Desktop_react project_library-app_02-backend_spring-boot-library] INFO  o.eclipse.m2e.core.internal.Bundles - 	Entry: C:\Users\USER\Downloads\sts-4.21.1.RELEASE\plugins\org.eclipse.m2e.maven.runtime_3.9.500.20231113-2345\jars\maven-model-builder-3.9.5.jar
2024-06-12 17:20:30,397 [Worker-105: Launching Executing clean in C__Users_USER_Desktop_react project_library-app_02-backend_spring-boot-library] INFO  o.eclipse.m2e.core.internal.Bundles - 	Entry: C:\Users\USER\Downloads\sts-4.21.1.RELEASE\plugins\org.eclipse.m2e.maven.runtime_3.9.500.20231113-2345\jars\maven-plugin-api-3.9.5.jar
2024-06-12 17:20:30,398 [Worker-105: Launching Executing clean in C__Users_USER_Desktop_react project_library-app_02-backend_spring-boot-library] INFO  o.eclipse.m2e.core.internal.Bundles - 	Entry: C:\Users\USER\Downloads\sts-4.21.1.RELEASE\plugins\org.eclipse.m2e.maven.runtime_3.9.500.20231113-2345\jars\maven-repository-metadata-3.9.5.jar
2024-06-12 17:20:30,399 [Worker-105: Launching Executing clean in C__Users_USER_Desktop_react project_library-app_02-backend_spring-boot-library] INFO  o.eclipse.m2e.core.internal.Bundles - 	Entry: C:\Users\USER\Downloads\sts-4.21.1.RELEASE\plugins\org.eclipse.m2e.maven.runtime_3.9.500.20231113-2345\jars\maven-resolver-api-1.9.16.jar
2024-06-12 17:20:30,399 [Worker-105: Launching Executing clean in C__Users_USER_Desktop_react project_library-app_02-backend_spring-boot-library] INFO  o.eclipse.m2e.core.internal.Bundles - 	Entry: C:\Users\USER\Downloads\sts-4.21.1.RELEASE\plugins\org.eclipse.m2e.maven.runtime_3.9.500.20231113-2345\jars\maven-resolver-connector-basic-1.9.16.jar
2024-06-12 17:20:30,399 [Worker-105: Launching Executing clean in C__Users_USER_Desktop_react project_library-app_02-backend_spring-boot-library] INFO  o.eclipse.m2e.core.internal.Bundles - 	Entry: C:\Users\USER\Downloads\sts-4.21.1.RELEASE\plugins\org.eclipse.m2e.maven.runtime_3.9.500.20231113-2345\jars\maven-resolver-impl-1.9.16.jar
2024-06-12 17:20:30,400 [Worker-105: Launching Executing clean in C__Users_USER_Desktop_react project_library-app_02-backend_spring-boot-library] INFO  o.eclipse.m2e.core.internal.Bundles - 	Entry: C:\Users\USER\Downloads\sts-4.21.1.RELEASE\plugins\org.eclipse.m2e.maven.runtime_3.9.500.20231113-2345\jars\maven-resolver-named-locks-1.9.16.jar
2024-06-12 17:20:30,400 [Worker-105: Launching Executing clean in C__Users_USER_Desktop_react project_library-app_02-backend_spring-boot-library] INFO  o.eclipse.m2e.core.internal.Bundles - 	Entry: C:\Users\USER\Downloads\sts-4.21.1.RELEASE\plugins\org.eclipse.m2e.maven.runtime_3.9.500.20231113-2345\jars\maven-resolver-provider-3.9.5.jar
2024-06-12 17:20:30,400 [Worker-105: Launching Executing clean in C__Users_USER_Desktop_react project_library-app_02-backend_spring-boot-library] INFO  o.eclipse.m2e.core.internal.Bundles - 	Entry: C:\Users\USER\Downloads\sts-4.21.1.RELEASE\plugins\org.eclipse.m2e.maven.runtime_3.9.500.20231113-2345\jars\maven-resolver-spi-1.9.16.jar
2024-06-12 17:20:30,400 [Worker-105: Launching Executing clean in C__Users_USER_Desktop_react project_library-app_02-backend_spring-boot-library] INFO  o.eclipse.m2e.core.internal.Bundles - 	Entry: C:\Users\USER\Downloads\sts-4.21.1.RELEASE\plugins\org.eclipse.m2e.maven.runtime_3.9.500.20231113-2345\jars\maven-resolver-transport-file-1.9.16.jar
2024-06-12 17:20:30,400 [Worker-105: Launching Executing clean in C__Users_USER_Desktop_react project_library-app_02-backend_spring-boot-library] INFO  o.eclipse.m2e.core.internal.Bundles - 	Entry: C:\Users\USER\Downloads\sts-4.21.1.RELEASE\plugins\org.eclipse.m2e.maven.runtime_3.9.500.20231113-2345\jars\maven-resolver-transport-http-1.9.16.jar
2024-06-12 17:20:30,401 [Worker-105: Launching Executing clean in C__Users_USER_Desktop_react project_library-app_02-backend_spring-boot-library] INFO  o.eclipse.m2e.core.internal.Bundles - 	Entry: C:\Users\USER\Downloads\sts-4.21.1.RELEASE\plugins\org.eclipse.m2e.maven.runtime_3.9.500.20231113-2345\jars\maven-resolver-transport-wagon-1.9.16.jar
2024-06-12 17:20:30,401 [Worker-105: Launching Executing clean in C__Users_USER_Desktop_react project_library-app_02-backend_spring-boot-library] INFO  o.eclipse.m2e.core.internal.Bundles - 	Entry: C:\Users\USER\Downloads\sts-4.21.1.RELEASE\plugins\org.eclipse.m2e.maven.runtime_3.9.500.20231113-2345\jars\maven-resolver-util-1.9.16.jar
2024-06-12 17:20:30,401 [Worker-105: Launching Executing clean in C__Users_USER_Desktop_react project_library-app_02-backend_spring-boot-library] INFO  o.eclipse.m2e.core.internal.Bundles - 	Entry: C:\Users\USER\Downloads\sts-4.21.1.RELEASE\plugins\org.eclipse.m2e.maven.runtime_3.9.500.20231113-2345\jars\maven-settings-3.9.5.jar
2024-06-12 17:20:30,401 [Worker-105: Launching Executing clean in C__Users_USER_Desktop_react project_library-app_02-backend_spring-boot-library] INFO  o.eclipse.m2e.core.internal.Bundles - 	Entry: C:\Users\USER\Downloads\sts-4.21.1.RELEASE\plugins\org.eclipse.m2e.maven.runtime_3.9.500.20231113-2345\jars\maven-settings-builder-3.9.5.jar
2024-06-12 17:20:30,401 [Worker-105: Launching Executing clean in C__Users_USER_Desktop_react project_library-app_02-backend_spring-boot-library] INFO  o.eclipse.m2e.core.internal.Bundles - 	Entry: C:\Users\USER\Downloads\sts-4.21.1.RELEASE\plugins\org.eclipse.m2e.maven.runtime_3.9.500.20231113-2345\jars\maven-shared-utils-3.3.4.jar
2024-06-12 17:20:30,402 [Worker-105: Launching Executing clean in C__Users_USER_Desktop_react project_library-app_02-backend_spring-boot-library] INFO  o.eclipse.m2e.core.internal.Bundles - 	Entry: C:\Users\USER\Downloads\sts-4.21.1.RELEASE\plugins\org.eclipse.m2e.maven.runtime_3.9.500.20231113-2345\jars\org.eclipse.sisu.inject-0.3.5.jar
2024-06-12 17:20:30,402 [Worker-105: Launching Executing clean in C__Users_USER_Desktop_react project_library-app_02-backend_spring-boot-library] INFO  o.eclipse.m2e.core.internal.Bundles - 	Entry: C:\Users\USER\Downloads\sts-4.21.1.RELEASE\plugins\org.eclipse.m2e.maven.runtime_3.9.500.20231113-2345\jars\org.eclipse.sisu.plexus-0.3.5.jar
2024-06-12 17:20:30,402 [Worker-105: Launching Executing clean in C__Users_USER_Desktop_react project_library-app_02-backend_spring-boot-library] INFO  o.eclipse.m2e.core.internal.Bundles - 	Entry: C:\Users\USER\Downloads\sts-4.21.1.RELEASE\plugins\org.eclipse.m2e.maven.runtime_3.9.500.20231113-2345\jars\plexus-build-api-0.0.7.jar
2024-06-12 17:20:30,402 [Worker-105: Launching Executing clean in C__Users_USER_Desktop_react project_library-app_02-backend_spring-boot-library] INFO  o.eclipse.m2e.core.internal.Bundles - 	Entry: C:\Users\USER\Downloads\sts-4.21.1.RELEASE\plugins\org.eclipse.m2e.maven.runtime_3.9.500.20231113-2345\jars\plexus-cipher-2.0.jar
2024-06-12 17:20:30,402 [Worker-105: Launching Executing clean in C__Users_USER_Desktop_react project_library-app_02-backend_spring-boot-library] INFO  o.eclipse.m2e.core.internal.Bundles - 	Entry: C:\Users\USER\Downloads\sts-4.21.1.RELEASE\plugins\org.eclipse.m2e.maven.runtime_3.9.500.20231113-2345\jars\plexus-classworlds-2.7.0.jar
2024-06-12 17:20:30,402 [Worker-105: Launching Executing clean in C__Users_USER_Desktop_react project_library-app_02-backend_spring-boot-library] INFO  o.eclipse.m2e.core.internal.Bundles - 	Entry: C:\Users\USER\Downloads\sts-4.21.1.RELEASE\plugins\org.eclipse.m2e.maven.runtime_3.9.500.20231113-2345\jars\plexus-component-annotations-2.1.0.jar
2024-06-12 17:20:30,403 [Worker-105: Launching Executing clean in C__Users_USER_Desktop_react project_library-app_02-backend_spring-boot-library] INFO  o.eclipse.m2e.core.internal.Bundles - 	Entry: C:\Users\USER\Downloads\sts-4.21.1.RELEASE\plugins\org.eclipse.m2e.maven.runtime_3.9.500.20231113-2345\jars\plexus-interpolation-1.26.jar
2024-06-12 17:20:30,403 [Worker-105: Launching Executing clean in C__Users_USER_Desktop_react project_library-app_02-backend_spring-boot-library] INFO  o.eclipse.m2e.core.internal.Bundles - 	Entry: C:\Users\USER\Downloads\sts-4.21.1.RELEASE\plugins\org.eclipse.m2e.maven.runtime_3.9.500.20231113-2345\jars\plexus-sec-dispatcher-2.0.jar
2024-06-12 17:20:30,405 [Worker-105: Launching Executing clean in C__Users_USER_Desktop_react project_library-app_02-backend_spring-boot-library] INFO  o.eclipse.m2e.core.internal.Bundles - 	Entry: C:\Users\USER\Downloads\sts-4.21.1.RELEASE\plugins\org.eclipse.m2e.maven.runtime_3.9.500.20231113-2345\jars\plexus-utils-3.5.1.jar
2024-06-12 17:20:30,405 [Worker-105: Launching Executing clean in C__Users_USER_Desktop_react project_library-app_02-backend_spring-boot-library] INFO  o.eclipse.m2e.core.internal.Bundles - 	Entry: C:\Users\USER\Downloads\sts-4.21.1.RELEASE\plugins\org.eclipse.m2e.maven.runtime_3.9.500.20231113-2345\jars\wagon-file-3.5.3.jar
2024-06-12 17:20:30,405 [Worker-105: Launching Executing clean in C__Users_USER_Desktop_react project_library-app_02-backend_spring-boot-library] INFO  o.eclipse.m2e.core.internal.Bundles - 	Entry: C:\Users\USER\Downloads\sts-4.21.1.RELEASE\plugins\org.eclipse.m2e.maven.runtime_3.9.500.20231113-2345\jars\wagon-http-3.5.3.jar
2024-06-12 17:20:30,405 [Worker-105: Launching Executing clean in C__Users_USER_Desktop_react project_library-app_02-backend_spring-boot-library] INFO  o.eclipse.m2e.core.internal.Bundles - 	Entry: C:\Users\USER\Downloads\sts-4.21.1.RELEASE\plugins\org.eclipse.m2e.maven.runtime_3.9.500.20231113-2345\jars\wagon-http-shared-3.5.3.jar
2024-06-12 17:20:30,405 [Worker-105: Launching Executing clean in C__Users_USER_Desktop_react project_library-app_02-backend_spring-boot-library] INFO  o.eclipse.m2e.core.internal.Bundles - 	Entry: C:\Users\USER\Downloads\sts-4.21.1.RELEASE\plugins\org.eclipse.m2e.maven.runtime_3.9.500.20231113-2345\jars\wagon-provider-api-3.5.3.jar
2024-06-12 17:20:30,406 [Worker-105: Launching Executing clean in C__Users_USER_Desktop_react project_library-app_02-backend_spring-boot-library] INFO  o.eclipse.m2e.core.internal.Bundles - getClasspathEntries(Bundle=com.google.guava_33.0.0.jre [25])
2024-06-12 17:20:30,407 [Worker-105: Launching Executing clean in C__Users_USER_Desktop_react project_library-app_02-backend_spring-boot-library] INFO  o.eclipse.m2e.core.internal.Bundles - 	Entry: C:\Users\USER\Downloads\sts-4.21.1.RELEASE\plugins\com.google.guava_33.0.0.jre.jar
2024-06-12 17:20:30,407 [Worker-105: Launching Executing clean in C__Users_USER_Desktop_react project_library-app_02-backend_spring-boot-library] INFO  o.eclipse.m2e.core.internal.Bundles - getClasspathEntries(Bundle=slf4j.api_2.0.9 [573])
2024-06-12 17:20:30,407 [Worker-105: Launching Executing clean in C__Users_USER_Desktop_react project_library-app_02-backend_spring-boot-library] INFO  o.eclipse.m2e.core.internal.Bundles - 	Entry: C:\Users\USER\Downloads\sts-4.21.1.RELEASE\plugins\slf4j.api_2.0.9.jar
2024-06-12 17:20:30,407 [Worker-105: Launching Executing clean in C__Users_USER_Desktop_react project_library-app_02-backend_spring-boot-library] INFO  o.eclipse.m2e.core.internal.Bundles - getClasspathEntries(Bundle=jakarta.inject.jakarta.inject-api_1.0.5 [41])
2024-06-12 17:20:30,408 [Worker-105: Launching Executing clean in C__Users_USER_Desktop_react project_library-app_02-backend_spring-boot-library] INFO  o.eclipse.m2e.core.internal.Bundles - 	Entry: C:\Users\USER\Downloads\sts-4.21.1.RELEASE\plugins\jakarta.inject.jakarta.inject-api_1.0.5.jar
2024-06-12 17:20:30,409 [Worker-105: Launching Executing clean in C__Users_USER_Desktop_react project_library-app_02-backend_spring-boot-library] INFO  o.eclipse.m2e.core.internal.Bundles - getClasspathEntries(Bundle=jakarta.annotation-api_1.3.5 [37])
2024-06-12 17:20:30,409 [Worker-105: Launching Executing clean in C__Users_USER_Desktop_react project_library-app_02-backend_spring-boot-library] INFO  o.eclipse.m2e.core.internal.Bundles - 	Entry: C:\Users\USER\Downloads\sts-4.21.1.RELEASE\plugins\jakarta.annotation-api_1.3.5.jar
2024-06-12 17:20:30,409 [Worker-105: Launching Executing clean in C__Users_USER_Desktop_react project_library-app_02-backend_spring-boot-library] INFO  o.eclipse.m2e.core.internal.Bundles - getClasspathEntries(Bundle=org.apache.commons.cli_1.6.0 [71])
2024-06-12 17:20:30,411 [Worker-105: Launching Executing clean in C__Users_USER_Desktop_react project_library-app_02-backend_spring-boot-library] INFO  o.eclipse.m2e.core.internal.Bundles - 	Entry: C:\Users\USER\Downloads\sts-4.21.1.RELEASE\plugins\org.apache.commons.cli_1.6.0.jar
2024-06-12 17:20:30,411 [Worker-105: Launching Executing clean in C__Users_USER_Desktop_react project_library-app_02-backend_spring-boot-library] INFO  o.eclipse.m2e.core.internal.Bundles - getClasspathEntries(Bundle=org.apache.commons.commons-codec_1.16.0 [73])
2024-06-12 17:20:30,411 [Worker-105: Launching Executing clean in C__Users_USER_Desktop_react project_library-app_02-backend_spring-boot-library] INFO  o.eclipse.m2e.core.internal.Bundles - 	Entry: C:\Users\USER\Downloads\sts-4.21.1.RELEASE\plugins\org.apache.commons.commons-codec_1.16.0.jar
2024-06-12 17:20:30,411 [Worker-105: Launching Executing clean in C__Users_USER_Desktop_react project_library-app_02-backend_spring-boot-library] INFO  o.eclipse.m2e.core.internal.Bundles - getClasspathEntries(Bundle=org.apache.commons.lang3_3.13.0 [77])
2024-06-12 17:20:30,411 [Worker-105: Launching Executing clean in C__Users_USER_Desktop_react project_library-app_02-backend_spring-boot-library] INFO  o.eclipse.m2e.core.internal.Bundles - 	Entry: C:\Users\USER\Downloads\sts-4.21.1.RELEASE\plugins\org.apache.commons.lang3_3.13.0.jar
2024-06-12 17:20:30,411 [Worker-105: Launching Executing clean in C__Users_USER_Desktop_react project_library-app_02-backend_spring-boot-library] INFO  o.eclipse.m2e.core.internal.Bundles - getClasspathEntries(Bundle=com.google.guava.failureaccess_1.0.2 [27])
2024-06-12 17:20:30,412 [Worker-105: Launching Executing clean in C__Users_USER_Desktop_react project_library-app_02-backend_spring-boot-library] INFO  o.eclipse.m2e.core.internal.Bundles - 	Entry: C:\Users\USER\Downloads\sts-4.21.1.RELEASE\plugins\com.google.guava.failureaccess_1.0.2.jar
2024-06-12 17:20:30,417 [Worker-105: Launching Executing clean in C__Users_USER_Desktop_react project_library-app_02-backend_spring-boot-library] INFO  o.e.m.i.launch.MavenLaunchDelegate - Run build in "C:\Users\USER\Desktop\react project\library-app\02-backend\spring-boot-library":
2024-06-12 17:20:30,418 [Worker-105: Launching Executing clean in C__Users_USER_Desktop_react project_library-app_02-backend_spring-boot-library] INFO  o.e.m.i.launch.MavenLaunchDelegate -  mvn  -Ppom.xml -B -Dstyle.color=always clean
2024-06-12 17:45:49,596 [Worker-127: Building] ERROR o.e.m.c.i.p.r.ProjectRegistryManager - Could not read pom.xml
org.eclipse.core.runtime.CoreException: Could not read pom.xml
	at org.eclipse.m2e.core.internal.IMavenToolbox.readModel(IMavenToolbox.java:236)
	at org.eclipse.m2e.core.internal.project.registry.ProjectRegistryManager.refreshPhase2(ProjectRegistryManager.java:587)
	at org.eclipse.m2e.core.internal.project.registry.ProjectRegistryManager.refresh(ProjectRegistryManager.java:487)
	at org.eclipse.m2e.core.internal.project.registry.ProjectRegistryManager.refresh(ProjectRegistryManager.java:366)
	at org.eclipse.m2e.core.internal.project.registry.ProjectRegistryManager.refresh(ProjectRegistryManager.java:318)
	at org.eclipse.m2e.core.internal.builder.MavenBuilder$BuildMethod.getProjectFacade(MavenBuilder.java:146)
	at org.eclipse.m2e.core.internal.builder.MavenBuilder$BuildMethod.lambda$0(MavenBuilder.java:84)
	at org.eclipse.m2e.core.internal.embedder.MavenExecutionContext.executeBare(MavenExecutionContext.java:394)
	at org.eclipse.m2e.core.internal.embedder.MavenExecutionContext.execute(MavenExecutionContext.java:275)
	at org.eclipse.m2e.core.internal.embedder.MavenExecutionContext.execute(MavenExecutionContext.java:214)
	at org.eclipse.m2e.core.internal.builder.MavenBuilder$BuildMethod.execute(MavenBuilder.java:83)
	at org.eclipse.m2e.core.internal.builder.MavenBuilder.build(MavenBuilder.java:192)
	at org.eclipse.core.internal.events.BuildManager$2.run(BuildManager.java:1079)
	at org.eclipse.core.runtime.SafeRunner.run(SafeRunner.java:47)
	at org.eclipse.core.internal.events.BuildManager.basicBuild(BuildManager.java:296)
	at org.eclipse.core.internal.events.BuildManager.basicBuild(BuildManager.java:352)
	at org.eclipse.core.internal.events.BuildManager$1.run(BuildManager.java:441)
	at org.eclipse.core.runtime.SafeRunner.run(SafeRunner.java:47)
	at org.eclipse.core.internal.events.BuildManager.basicBuild(BuildManager.java:444)
	at org.eclipse.core.internal.events.BuildManager.basicBuildLoop(BuildManager.java:555)
	at org.eclipse.core.internal.events.BuildManager.basicBuildLoop(BuildManager.java:503)
	at org.eclipse.core.internal.events.BuildManager.build(BuildManager.java:585)
	at org.eclipse.core.internal.events.AutoBuildJob.doBuild(AutoBuildJob.java:207)
	at org.eclipse.core.internal.events.AutoBuildJob.run(AutoBuildJob.java:300)
	at org.eclipse.core.internal.jobs.Worker.run(Worker.java:63)
Caused by: org.apache.maven.model.io.ModelParseException: Duplicated tag: 'groupId' (position: START_TAG seen ...</parent>\n\t<groupId>... @17:11) 
	at org.apache.maven.model.io.DefaultModelReader.read(DefaultModelReader.java:96)
	at org.apache.maven.model.io.DefaultModelReader.read(DefaultModelReader.java:74)
	at org.eclipse.m2e.core.internal.IMavenToolbox.readModel(IMavenToolbox.java:234)
	... 24 common frames omitted
Caused by: org.codehaus.plexus.util.xml.pull.XmlPullParserException: Duplicated tag: 'groupId' (position: START_TAG seen ...</parent>\n\t<groupId>... @17:11) 
	at org.apache.maven.model.io.xpp3.MavenXpp3Reader.checkFieldWithDuplicate(MavenXpp3Reader.java:141)
	at org.apache.maven.model.io.xpp3.MavenXpp3Reader.parseModel(MavenXpp3Reader.java:2165)
	at org.apache.maven.model.io.xpp3.MavenXpp3Reader.read(MavenXpp3Reader.java:623)
	at org.apache.maven.model.io.xpp3.MavenXpp3Reader.read(MavenXpp3Reader.java:654)
	at org.apache.maven.model.io.DefaultModelReader.read(DefaultModelReader.java:93)
	... 26 common frames omitted
2024-06-12 17:45:50,949 [Worker-120: Building] ERROR o.e.m.c.i.p.r.ProjectRegistryManager - Could not read pom.xml
org.eclipse.core.runtime.CoreException: Could not read pom.xml
	at org.eclipse.m2e.core.internal.IMavenToolbox.readModel(IMavenToolbox.java:236)
	at org.eclipse.m2e.core.internal.project.registry.ProjectRegistryManager.refreshPhase2(ProjectRegistryManager.java:587)
	at org.eclipse.m2e.core.internal.project.registry.ProjectRegistryManager.refresh(ProjectRegistryManager.java:487)
	at org.eclipse.m2e.core.internal.project.registry.ProjectRegistryManager.refresh(ProjectRegistryManager.java:366)
	at org.eclipse.m2e.core.internal.project.registry.ProjectRegistryManager.refresh(ProjectRegistryManager.java:318)
	at org.eclipse.m2e.core.internal.builder.MavenBuilder$BuildMethod.getProjectFacade(MavenBuilder.java:146)
	at org.eclipse.m2e.core.internal.builder.MavenBuilder$BuildMethod.lambda$0(MavenBuilder.java:84)
	at org.eclipse.m2e.core.internal.embedder.MavenExecutionContext.executeBare(MavenExecutionContext.java:394)
	at org.eclipse.m2e.core.internal.embedder.MavenExecutionContext.execute(MavenExecutionContext.java:275)
	at org.eclipse.m2e.core.internal.embedder.MavenExecutionContext.execute(MavenExecutionContext.java:214)
	at org.eclipse.m2e.core.internal.builder.MavenBuilder$BuildMethod.execute(MavenBuilder.java:83)
	at org.eclipse.m2e.core.internal.builder.MavenBuilder.build(MavenBuilder.java:192)
	at org.eclipse.core.internal.events.BuildManager$2.run(BuildManager.java:1079)
	at org.eclipse.core.runtime.SafeRunner.run(SafeRunner.java:47)
	at org.eclipse.core.internal.events.BuildManager.basicBuild(BuildManager.java:296)
	at org.eclipse.core.internal.events.BuildManager.basicBuild(BuildManager.java:352)
	at org.eclipse.core.internal.events.BuildManager$1.run(BuildManager.java:441)
	at org.eclipse.core.runtime.SafeRunner.run(SafeRunner.java:47)
	at org.eclipse.core.internal.events.BuildManager.basicBuild(BuildManager.java:444)
	at org.eclipse.core.internal.events.BuildManager.basicBuildLoop(BuildManager.java:555)
	at org.eclipse.core.internal.events.BuildManager.basicBuildLoop(BuildManager.java:503)
	at org.eclipse.core.internal.events.BuildManager.build(BuildManager.java:585)
	at org.eclipse.core.internal.events.AutoBuildJob.doBuild(AutoBuildJob.java:207)
	at org.eclipse.core.internal.events.AutoBuildJob.run(AutoBuildJob.java:300)
	at org.eclipse.core.internal.jobs.Worker.run(Worker.java:63)
Caused by: org.apache.maven.model.io.ModelParseException: Duplicated tag: 'groupId' (position: START_TAG seen ...</parent>\n\t<groupId>... @17:11) 
	at org.apache.maven.model.io.DefaultModelReader.read(DefaultModelReader.java:96)
	at org.apache.maven.model.io.DefaultModelReader.read(DefaultModelReader.java:74)
	at org.eclipse.m2e.core.internal.IMavenToolbox.readModel(IMavenToolbox.java:234)
	... 24 common frames omitted
Caused by: org.codehaus.plexus.util.xml.pull.XmlPullParserException: Duplicated tag: 'groupId' (position: START_TAG seen ...</parent>\n\t<groupId>... @17:11) 
	at org.apache.maven.model.io.xpp3.MavenXpp3Reader.checkFieldWithDuplicate(MavenXpp3Reader.java:141)
	at org.apache.maven.model.io.xpp3.MavenXpp3Reader.parseModel(MavenXpp3Reader.java:2165)
	at org.apache.maven.model.io.xpp3.MavenXpp3Reader.read(MavenXpp3Reader.java:623)
	at org.apache.maven.model.io.xpp3.MavenXpp3Reader.read(MavenXpp3Reader.java:654)
	at org.apache.maven.model.io.DefaultModelReader.read(DefaultModelReader.java:93)
	... 26 common frames omitted
2024-06-12 17:46:07,460 [Worker-118: Updating Maven Project] INFO  o.e.m.c.i.p.ProjectConfigurationManager - Update started
2024-06-12 17:46:07,544 [Worker-118: Updating Maven Project] ERROR o.e.m.c.i.p.r.ProjectRegistryManager - Could not read pom.xml
org.eclipse.core.runtime.CoreException: Could not read pom.xml
	at org.eclipse.m2e.core.internal.IMavenToolbox.readModel(IMavenToolbox.java:236)
	at org.eclipse.m2e.core.internal.project.registry.ProjectRegistryManager.refreshPhase2(ProjectRegistryManager.java:587)
	at org.eclipse.m2e.core.internal.project.registry.ProjectRegistryManager.refresh(ProjectRegistryManager.java:487)
	at org.eclipse.m2e.core.internal.project.registry.ProjectRegistryManager.refresh(ProjectRegistryManager.java:366)
	at org.eclipse.m2e.core.internal.project.registry.ProjectRegistryManager.refresh(ProjectRegistryManager.java:318)
	at org.eclipse.m2e.core.internal.project.ProjectConfigurationManager.updateProjectConfiguration0(ProjectConfigurationManager.java:387)
	at org.eclipse.m2e.core.internal.project.ProjectConfigurationManager.lambda$3(ProjectConfigurationManager.java:339)
	at org.eclipse.m2e.core.internal.embedder.MavenExecutionContext.executeBare(MavenExecutionContext.java:394)
	at org.eclipse.m2e.core.internal.embedder.MavenExecutionContext.execute(MavenExecutionContext.java:275)
	at org.eclipse.m2e.core.internal.embedder.MavenExecutionContext.execute(MavenExecutionContext.java:214)
	at org.eclipse.m2e.core.internal.embedder.MavenImpl.execute(MavenImpl.java:1097)
	at org.eclipse.m2e.core.internal.project.ProjectConfigurationManager.updateProjectConfiguration(ProjectConfigurationManager.java:338)
	at org.eclipse.m2e.core.ui.internal.UpdateMavenProjectJob.runInWorkspace(UpdateMavenProjectJob.java:80)
	at org.eclipse.core.internal.resources.InternalWorkspaceJob.run(InternalWorkspaceJob.java:43)
	at org.eclipse.core.internal.jobs.Worker.run(Worker.java:63)
Caused by: org.apache.maven.model.io.ModelParseException: Duplicated tag: 'groupId' (position: START_TAG seen ...</parent>\n\t<groupId>... @17:11) 
	at org.apache.maven.model.io.DefaultModelReader.read(DefaultModelReader.java:96)
	at org.apache.maven.model.io.DefaultModelReader.read(DefaultModelReader.java:74)
	at org.eclipse.m2e.core.internal.IMavenToolbox.readModel(IMavenToolbox.java:234)
	... 14 common frames omitted
Caused by: org.codehaus.plexus.util.xml.pull.XmlPullParserException: Duplicated tag: 'groupId' (position: START_TAG seen ...</parent>\n\t<groupId>... @17:11) 
	at org.apache.maven.model.io.xpp3.MavenXpp3Reader.checkFieldWithDuplicate(MavenXpp3Reader.java:141)
	at org.apache.maven.model.io.xpp3.MavenXpp3Reader.parseModel(MavenXpp3Reader.java:2165)
	at org.apache.maven.model.io.xpp3.MavenXpp3Reader.read(MavenXpp3Reader.java:623)
	at org.apache.maven.model.io.xpp3.MavenXpp3Reader.read(MavenXpp3Reader.java:654)
	at org.apache.maven.model.io.DefaultModelReader.read(DefaultModelReader.java:93)
	... 16 common frames omitted
2024-06-12 17:46:07,548 [Worker-118: Updating Maven Project] INFO  o.e.m.c.i.p.ProjectConfigurationManager - Update completed for 1 poms: local refresh takes 0.00 sec, refresh facades takes 0.00 sec, update config takes 0.00 sec 
2024-06-12 17:46:27,532 [Worker-128: Updating Maven Project] INFO  o.e.m.c.i.p.ProjectConfigurationManager - Update started
2024-06-12 17:46:27,598 [Worker-128: Updating Maven Project] ERROR o.e.m.c.i.p.r.ProjectRegistryManager - Could not read pom.xml
org.eclipse.core.runtime.CoreException: Could not read pom.xml
	at org.eclipse.m2e.core.internal.IMavenToolbox.readModel(IMavenToolbox.java:236)
	at org.eclipse.m2e.core.internal.project.registry.ProjectRegistryManager.refreshPhase2(ProjectRegistryManager.java:587)
	at org.eclipse.m2e.core.internal.project.registry.ProjectRegistryManager.refresh(ProjectRegistryManager.java:487)
	at org.eclipse.m2e.core.internal.project.registry.ProjectRegistryManager.refresh(ProjectRegistryManager.java:366)
	at org.eclipse.m2e.core.internal.project.registry.ProjectRegistryManager.refresh(ProjectRegistryManager.java:318)
	at org.eclipse.m2e.core.internal.project.ProjectConfigurationManager.updateProjectConfiguration0(ProjectConfigurationManager.java:387)
	at org.eclipse.m2e.core.internal.project.ProjectConfigurationManager.lambda$3(ProjectConfigurationManager.java:339)
	at org.eclipse.m2e.core.internal.embedder.MavenExecutionContext.executeBare(MavenExecutionContext.java:394)
	at org.eclipse.m2e.core.internal.embedder.MavenExecutionContext.execute(MavenExecutionContext.java:275)
	at org.eclipse.m2e.core.internal.embedder.MavenExecutionContext.execute(MavenExecutionContext.java:214)
	at org.eclipse.m2e.core.internal.embedder.MavenImpl.execute(MavenImpl.java:1097)
	at org.eclipse.m2e.core.internal.project.ProjectConfigurationManager.updateProjectConfiguration(ProjectConfigurationManager.java:338)
	at org.eclipse.m2e.core.ui.internal.UpdateMavenProjectJob.runInWorkspace(UpdateMavenProjectJob.java:80)
	at org.eclipse.core.internal.resources.InternalWorkspaceJob.run(InternalWorkspaceJob.java:43)
	at org.eclipse.core.internal.jobs.Worker.run(Worker.java:63)
Caused by: org.apache.maven.model.io.ModelParseException: Duplicated tag: 'groupId' (position: START_TAG seen ...</parent>\n\t<groupId>... @17:11) 
	at org.apache.maven.model.io.DefaultModelReader.read(DefaultModelReader.java:96)
	at org.apache.maven.model.io.DefaultModelReader.read(DefaultModelReader.java:74)
	at org.eclipse.m2e.core.internal.IMavenToolbox.readModel(IMavenToolbox.java:234)
	... 14 common frames omitted
Caused by: org.codehaus.plexus.util.xml.pull.XmlPullParserException: Duplicated tag: 'groupId' (position: START_TAG seen ...</parent>\n\t<groupId>... @17:11) 
	at org.apache.maven.model.io.xpp3.MavenXpp3Reader.checkFieldWithDuplicate(MavenXpp3Reader.java:141)
	at org.apache.maven.model.io.xpp3.MavenXpp3Reader.parseModel(MavenXpp3Reader.java:2165)
	at org.apache.maven.model.io.xpp3.MavenXpp3Reader.read(MavenXpp3Reader.java:623)
	at org.apache.maven.model.io.xpp3.MavenXpp3Reader.read(MavenXpp3Reader.java:654)
	at org.apache.maven.model.io.DefaultModelReader.read(DefaultModelReader.java:93)
	... 16 common frames omitted
2024-06-12 17:46:27,604 [Worker-128: Updating Maven Project] INFO  o.e.m.c.i.p.ProjectConfigurationManager - Update completed for 1 poms: local refresh takes 0.00 sec, refresh facades takes 0.00 sec, update config takes 0.00 sec 
2024-06-12 17:46:37,703 [Worker-120: reload maven project] ERROR o.e.m.c.i.p.r.ProjectRegistryManager - Failed to read Maven project: Some problems were encountered while processing the POMs:
[FATAL] Non-parseable POM C:\Users\USER\Desktop\react project\library-app\02-backend\spring-boot-library\pom.xml: Duplicated tag: 'groupId' (position: START_TAG seen ...</parent>\n\t<groupId>... @17:11)  @ line 17, column 11

org.apache.maven.project.ProjectBuildingException: Some problems were encountered while processing the POMs:
[FATAL] Non-parseable POM C:\Users\USER\Desktop\react project\library-app\02-backend\spring-boot-library\pom.xml: Duplicated tag: 'groupId' (position: START_TAG seen ...</parent>\n\t<groupId>... @17:11)  @ line 17, column 11

	at org.eclipse.m2e.core.internal.IMavenToolbox.readMavenProjects(IMavenToolbox.java:131)
	at org.eclipse.m2e.core.internal.project.registry.ProjectRegistryManager.lambda$22(ProjectRegistryManager.java:939)
	at org.eclipse.m2e.core.internal.embedder.MavenExecutionContext.executeBare(MavenExecutionContext.java:394)
	at org.eclipse.m2e.core.internal.embedder.MavenExecutionContext.execute(MavenExecutionContext.java:275)
	at org.eclipse.m2e.core.internal.embedder.MavenExecutionContext.execute(MavenExecutionContext.java:214)
	at org.eclipse.m2e.core.internal.project.registry.ProjectRegistryManager.readProjectsWithDependencies(ProjectRegistryManager.java:935)
	at org.eclipse.m2e.core.internal.project.registry.ProjectRegistryManager.create(ProjectRegistryManager.java:219)
	at org.eclipse.m2e.core.internal.project.registry.MavenProjectManager.create(MavenProjectManager.java:105)
	at org.eclipse.m2e.core.ui.internal.actions.SelectionUtil.getMavenProject(SelectionUtil.java:239)
	at org.eclipse.m2e.editor.pom.MavenPomEditor.readMavenProject(MavenPomEditor.java:709)
	at org.eclipse.m2e.editor.pom.MavenPomEditor$4.run(MavenPomEditor.java:1029)
	at org.eclipse.core.internal.jobs.Worker.run(Worker.java:63)
2024-06-12 17:46:52,248 [Worker-128: Building] INFO  o.e.m.c.i.l.LifecycleMappingFactory - Using org.eclipse.m2e.jdt.JarLifecycleMapping lifecycle mapping for MavenProject: com.snccreations:spring-boot-library:2.7.3 @ C:\Users\USER\Desktop\react project\library-app\02-backend\spring-boot-library\pom.xml.
2024-06-12 17:46:53,582 [Worker-128: Building] INFO  o.a.m.s.f.DefaultMavenResourcesFiltering - Copying 0 resource from src\main\resources to target\classes
2024-06-12 17:46:53,583 [Worker-128: Building] INFO  o.a.m.s.f.DefaultMavenResourcesFiltering - Copying 0 resource from src\main\resources to target\classes
2024-06-12 17:46:53,588 [Worker-128: Building] INFO  o.a.m.s.f.DefaultMavenResourcesFiltering - skip non existing resourceDirectory C:\Users\USER\Desktop\react project\library-app\02-backend\spring-boot-library\src\test\resources
2024-06-12 17:48:14,697 [Worker-118: Building] INFO  o.e.m.c.i.e.AbstractTransferListenerAdapter - Downloading https://repo.maven.apache.org/maven2/org/apache/maven/plugins/maven-war-plugin/3.4.0/maven-war-plugin-3.4.0.jar
2024-06-12 17:48:14,835 [Worker-118: Building] INFO  o.e.m.c.i.e.AbstractTransferListenerAdapter - Downloaded https://repo.maven.apache.org/maven2/org/apache/maven/plugins/maven-war-plugin/3.4.0/maven-war-plugin-3.4.0.jar
2024-06-12 17:48:14,942 [Worker-118: Building] INFO  o.e.m.c.i.l.LifecycleMappingFactory - Using org.maven.ide.eclipse.wtp.WarLifecycleMapping lifecycle mapping for MavenProject: com.snccreations:spring-boot-library:2.7.3 @ C:\Users\USER\Desktop\react project\library-app\02-backend\spring-boot-library\pom.xml.
2024-06-12 17:48:15,623 [Worker-118: Building] INFO  o.e.m.c.i.e.AbstractTransferListenerAdapter - Downloading https://repo.maven.apache.org/maven2/org/apache/maven/plugins/maven-war-plugin/3.4.0/maven-war-plugin-3.4.0.pom
2024-06-12 17:48:15,631 [Worker-118: Building] INFO  o.e.m.c.i.e.AbstractTransferListenerAdapter - Downloaded https://repo.maven.apache.org/maven2/org/apache/maven/plugins/maven-war-plugin/3.4.0/maven-war-plugin-3.4.0.pom
2024-06-12 17:48:15,881 [Worker-118: Building] INFO  o.e.m.c.i.e.AbstractTransferListenerAdapter - Downloading https://repo.maven.apache.org/maven2/org/apache/maven/shared/maven-shared-utils/3.4.2/maven-shared-utils-3.4.2.pom
2024-06-12 17:48:15,887 [Worker-118: Building] INFO  o.e.m.c.i.e.AbstractTransferListenerAdapter - Downloaded https://repo.maven.apache.org/maven2/org/apache/maven/shared/maven-shared-utils/3.4.2/maven-shared-utils-3.4.2.pom
2024-06-12 17:48:15,932 [Worker-118: Building] INFO  o.e.m.c.i.e.AbstractTransferListenerAdapter - Downloading https://repo.maven.apache.org/maven2/commons-io/commons-io/2.13.0/commons-io-2.13.0.pom
2024-06-12 17:48:15,943 [Worker-118: Building] INFO  o.e.m.c.i.e.AbstractTransferListenerAdapter - Downloaded https://repo.maven.apache.org/maven2/commons-io/commons-io/2.13.0/commons-io-2.13.0.pom
2024-06-12 17:48:15,993 [Worker-118: Building] INFO  o.e.m.c.i.e.AbstractTransferListenerAdapter - Downloading https://repo.maven.apache.org/maven2/org/apache/commons/commons-parent/58/commons-parent-58.pom
2024-06-12 17:48:16,024 [Worker-118: Building] INFO  o.e.m.c.i.e.AbstractTransferListenerAdapter - Downloaded https://repo.maven.apache.org/maven2/org/apache/commons/commons-parent/58/commons-parent-58.pom
2024-06-12 17:48:16,137 [Worker-118: Building] INFO  o.e.m.c.i.e.AbstractTransferListenerAdapter - Downloading https://repo.maven.apache.org/maven2/org/codehaus/plexus/plexus-archiver/4.7.1/plexus-archiver-4.7.1.pom
2024-06-12 17:48:16,153 [Worker-118: Building] INFO  o.e.m.c.i.e.AbstractTransferListenerAdapter - Downloaded https://repo.maven.apache.org/maven2/org/codehaus/plexus/plexus-archiver/4.7.1/plexus-archiver-4.7.1.pom
2024-06-12 17:48:16,198 [Worker-118: Building] INFO  o.e.m.c.i.e.AbstractTransferListenerAdapter - Downloading https://repo.maven.apache.org/maven2/org/codehaus/plexus/plexus-io/3.4.1/plexus-io-3.4.1.pom
2024-06-12 17:48:16,209 [Worker-118: Building] INFO  o.e.m.c.i.e.AbstractTransferListenerAdapter - Downloaded https://repo.maven.apache.org/maven2/org/codehaus/plexus/plexus-io/3.4.1/plexus-io-3.4.1.pom
2024-06-12 17:48:16,258 [Worker-118: Building] INFO  o.e.m.c.i.e.AbstractTransferListenerAdapter - Downloading https://repo.maven.apache.org/maven2/org/apache/commons/commons-compress/1.23.0/commons-compress-1.23.0.pom
2024-06-12 17:48:16,270 [Worker-118: Building] INFO  o.e.m.c.i.e.AbstractTransferListenerAdapter - Downloaded https://repo.maven.apache.org/maven2/org/apache/commons/commons-compress/1.23.0/commons-compress-1.23.0.pom
2024-06-12 17:48:16,324 [Worker-118: Building] INFO  o.e.m.c.i.e.AbstractTransferListenerAdapter - Downloading https://repo.maven.apache.org/maven2/org/apache/commons/commons-parent/56/commons-parent-56.pom
2024-06-12 17:48:16,344 [Worker-118: Building] INFO  o.e.m.c.i.e.AbstractTransferListenerAdapter - Downloaded https://repo.maven.apache.org/maven2/org/apache/commons/commons-parent/56/commons-parent-56.pom
2024-06-12 17:48:16,403 [Worker-118: Building] INFO  o.e.m.c.i.e.AbstractTransferListenerAdapter - Downloading https://repo.maven.apache.org/maven2/com/github/luben/zstd-jni/1.5.5-2/zstd-jni-1.5.5-2.pom
2024-06-12 17:48:16,413 [Worker-118: Building] INFO  o.e.m.c.i.e.AbstractTransferListenerAdapter - Downloaded https://repo.maven.apache.org/maven2/com/github/luben/zstd-jni/1.5.5-2/zstd-jni-1.5.5-2.pom
2024-06-12 17:48:17,912 [Worker-118: Building] INFO  o.e.m.c.i.e.AbstractTransferListenerAdapter - Downloading https://repo.maven.apache.org/maven2/org/apache/maven/shared/maven-shared-utils/3.4.2/maven-shared-utils-3.4.2.jar
2024-06-12 17:48:17,934 [Worker-118: Building] INFO  o.e.m.c.i.e.AbstractTransferListenerAdapter - Downloaded https://repo.maven.apache.org/maven2/org/apache/maven/shared/maven-shared-utils/3.4.2/maven-shared-utils-3.4.2.jar
2024-06-12 17:48:17,956 [BasicRepositoryConnector-repo.maven.apache.org-0-2] INFO  o.e.m.c.i.e.AbstractTransferListenerAdapter - Downloading https://repo.maven.apache.org/maven2/org/apache/commons/commons-compress/1.23.0/commons-compress-1.23.0.jar
2024-06-12 17:48:18,111 [BasicRepositoryConnector-repo.maven.apache.org-0-1] INFO  o.e.m.c.i.e.AbstractTransferListenerAdapter - Downloading https://repo.maven.apache.org/maven2/org/codehaus/plexus/plexus-archiver/4.7.1/plexus-archiver-4.7.1.jar
2024-06-12 17:48:18,115 [BasicRepositoryConnector-repo.maven.apache.org-0-0] INFO  o.e.m.c.i.e.AbstractTransferListenerAdapter - Downloading https://repo.maven.apache.org/maven2/commons-io/commons-io/2.13.0/commons-io-2.13.0.jar
2024-06-12 17:48:18,137 [BasicRepositoryConnector-repo.maven.apache.org-0-3] INFO  o.e.m.c.i.e.AbstractTransferListenerAdapter - Downloading https://repo.maven.apache.org/maven2/com/github/luben/zstd-jni/1.5.5-2/zstd-jni-1.5.5-2.jar
2024-06-12 17:48:18,163 [BasicRepositoryConnector-repo.maven.apache.org-0-2] INFO  o.e.m.c.i.e.AbstractTransferListenerAdapter - Downloaded https://repo.maven.apache.org/maven2/org/apache/commons/commons-compress/1.23.0/commons-compress-1.23.0.jar
2024-06-12 17:48:18,278 [BasicRepositoryConnector-repo.maven.apache.org-0-1] INFO  o.e.m.c.i.e.AbstractTransferListenerAdapter - Downloaded https://repo.maven.apache.org/maven2/org/codehaus/plexus/plexus-archiver/4.7.1/plexus-archiver-4.7.1.jar
2024-06-12 17:48:18,421 [BasicRepositoryConnector-repo.maven.apache.org-0-0] INFO  o.e.m.c.i.e.AbstractTransferListenerAdapter - Downloaded https://repo.maven.apache.org/maven2/commons-io/commons-io/2.13.0/commons-io-2.13.0.jar
2024-06-12 17:48:19,811 [BasicRepositoryConnector-repo.maven.apache.org-0-3] INFO  o.e.m.c.i.e.AbstractTransferListenerAdapter - Downloaded https://repo.maven.apache.org/maven2/com/github/luben/zstd-jni/1.5.5-2/zstd-jni-1.5.5-2.jar
2024-06-12 17:48:20,921 [Worker-118: Building] INFO  o.a.m.s.f.DefaultMavenResourcesFiltering - Copying 0 resource from src\main\resources to target\classes
2024-06-12 17:48:20,922 [Worker-118: Building] INFO  o.a.m.s.f.DefaultMavenResourcesFiltering - Copying 0 resource from src\main\resources to target\classes
2024-06-12 17:48:20,926 [Worker-118: Building] INFO  o.a.m.s.f.DefaultMavenResourcesFiltering - skip non existing resourceDirectory C:\Users\USER\Desktop\react project\library-app\02-backend\spring-boot-library\src\test\resources
2024-06-12 17:48:20,929 [Worker-118: Building] INFO  o.e.m.w.i.f.ResourceFilteringBuildParticipant - Changed resources require a complete clean of filtered resources of spring-boot-library
2024-06-12 17:48:20,933 [Worker-118: Building] INFO  o.e.m.w.i.f.ResourceFilteringBuildParticipant - Executing resource filtering for spring-boot-library
2024-06-12 17:48:21,039 [Worker-133: Updating Maven Project] INFO  o.e.m.c.i.p.ProjectConfigurationManager - Update started
2024-06-12 17:48:21,508 [Worker-133: Updating Maven Project] INFO  o.e.m.c.i.l.LifecycleMappingFactory - Using org.maven.ide.eclipse.wtp.WarLifecycleMapping lifecycle mapping for MavenProject: com.snccreations:spring-boot-library:2.7.3 @ C:\Users\USER\Desktop\react project\library-app\02-backend\spring-boot-library\pom.xml.
2024-06-12 17:48:23,199 [Worker-133: Updating Maven Project] INFO  o.e.m.j.i.AbstractJavaProjectConfigurator - Adding source folder /spring-boot-library/src/main/java
2024-06-12 17:48:23,199 [Worker-133: Updating Maven Project] INFO  o.e.m.j.i.AbstractJavaProjectConfigurator - Adding resource folder /spring-boot-library/src/main/resources
2024-06-12 17:48:23,199 [Worker-133: Updating Maven Project] INFO  o.e.m.j.i.AbstractJavaProjectConfigurator - Adding resource folder /spring-boot-library/src/main/resources
2024-06-12 17:48:23,199 [Worker-133: Updating Maven Project] INFO  o.e.m.j.i.AbstractJavaProjectConfigurator - Adding source folder /spring-boot-library/src/test/java
2024-06-12 17:48:23,199 [Worker-133: Updating Maven Project] INFO  o.e.m.j.i.AbstractJavaProjectConfigurator - Adding resource folder /spring-boot-library/src/test/resources
2024-06-12 17:48:26,748 [Worker-133: Updating Maven Project] INFO  o.e.m.w.i.f.ResourceFilteringBuildParticipant - Cleaning filtered folder for spring-boot-library
2024-06-12 17:48:27,411 [Worker-133: Updating Maven Project] INFO  o.e.m.c.i.p.ProjectConfigurationManager - Update completed for 1 poms: local refresh takes 0.00 sec, refresh facades takes 2.00 sec, update config takes 3.00 sec 
2024-06-12 17:48:27,659 [Worker-137: Updating Maven Project] INFO  o.e.m.c.i.p.ProjectConfigurationManager - Update started
2024-06-12 17:48:28,058 [Worker-137: Updating Maven Project] INFO  o.e.m.c.i.l.LifecycleMappingFactory - Using org.maven.ide.eclipse.wtp.WarLifecycleMapping lifecycle mapping for MavenProject: com.snccreations:spring-boot-library:2.7.3 @ C:\Users\USER\Desktop\react project\library-app\02-backend\spring-boot-library\pom.xml.
2024-06-12 17:48:29,579 [Worker-137: Updating Maven Project] INFO  o.e.m.j.i.AbstractJavaProjectConfigurator - Adding source folder /spring-boot-library/src/main/java
2024-06-12 17:48:29,579 [Worker-137: Updating Maven Project] INFO  o.e.m.j.i.AbstractJavaProjectConfigurator - Adding resource folder /spring-boot-library/src/main/resources
2024-06-12 17:48:29,579 [Worker-137: Updating Maven Project] INFO  o.e.m.j.i.AbstractJavaProjectConfigurator - Adding resource folder /spring-boot-library/src/main/resources
2024-06-12 17:48:29,579 [Worker-137: Updating Maven Project] INFO  o.e.m.j.i.AbstractJavaProjectConfigurator - Adding source folder /spring-boot-library/src/test/java
2024-06-12 17:48:29,579 [Worker-137: Updating Maven Project] INFO  o.e.m.j.i.AbstractJavaProjectConfigurator - Adding resource folder /spring-boot-library/src/test/resources
2024-06-12 17:48:30,484 [Worker-137: Updating Maven Project] INFO  o.e.m.w.i.f.ResourceFilteringBuildParticipant - Cleaning filtered folder for spring-boot-library
2024-06-12 17:48:30,591 [Worker-137: Updating Maven Project] INFO  o.e.m.c.i.p.ProjectConfigurationManager - Update completed for 1 poms: local refresh takes 0.00 sec, refresh facades takes 1.00 sec, update config takes 0.00 sec 
2024-06-12 17:48:31,535 [Worker-127: Building] INFO  o.a.m.s.f.DefaultMavenResourcesFiltering - Copying 1 resource from src\main\resources to target\classes
2024-06-12 17:48:31,570 [Worker-127: Building] INFO  o.a.m.s.f.DefaultMavenResourcesFiltering - Copying 0 resource from src\main\resources to target\classes
2024-06-12 17:48:31,578 [Worker-127: Building] INFO  o.a.m.s.f.DefaultMavenResourcesFiltering - skip non existing resourceDirectory C:\Users\USER\Desktop\react project\library-app\02-backend\spring-boot-library\src\test\resources
2024-06-12 17:48:31,579 [Worker-127: Building] INFO  o.e.m.w.i.f.ResourceFilteringBuildParticipant - Changed resources require a complete clean of filtered resources of spring-boot-library
2024-06-12 17:48:31,579 [Worker-127: Building] INFO  o.e.m.w.i.f.ResourceFilteringBuildParticipant - Executing resource filtering for spring-boot-library
2024-06-12 17:48:40,719 [Worker-130: Launching Executing clean in C__Users_USER_Desktop_react project_library-app_02-backend_spring-boot-library] INFO  o.eclipse.m2e.core.internal.Bundles - getClasspathEntries(Bundle=org.eclipse.m2e.maven.runtime_3.9.500.20231113-2345 [346])
2024-06-12 17:48:40,720 [Worker-130: Launching Executing clean in C__Users_USER_Desktop_react project_library-app_02-backend_spring-boot-library] INFO  o.eclipse.m2e.core.internal.Bundles - 	Entry: C:\Users\USER\Downloads\sts-4.21.1.RELEASE\plugins\org.eclipse.m2e.maven.runtime_3.9.500.20231113-2345
2024-06-12 17:48:40,720 [Worker-130: Launching Executing clean in C__Users_USER_Desktop_react project_library-app_02-backend_spring-boot-library] INFO  o.eclipse.m2e.core.internal.Bundles - 	Entry: C:\Users\USER\Downloads\sts-4.21.1.RELEASE\plugins\org.eclipse.m2e.maven.runtime_3.9.500.20231113-2345\jars\aopalliance-1.0.jar
2024-06-12 17:48:40,720 [Worker-130: Launching Executing clean in C__Users_USER_Desktop_react project_library-app_02-backend_spring-boot-library] INFO  o.eclipse.m2e.core.internal.Bundles - 	Entry: C:\Users\USER\Downloads\sts-4.21.1.RELEASE\plugins\org.eclipse.m2e.maven.runtime_3.9.500.20231113-2345\jars\guice-5.1.0.jar
2024-06-12 17:48:40,721 [Worker-130: Launching Executing clean in C__Users_USER_Desktop_react project_library-app_02-backend_spring-boot-library] INFO  o.eclipse.m2e.core.internal.Bundles - 	Entry: C:\Users\USER\Downloads\sts-4.21.1.RELEASE\plugins\org.eclipse.m2e.maven.runtime_3.9.500.20231113-2345\jars\httpclient-4.5.14.jar
2024-06-12 17:48:40,721 [Worker-130: Launching Executing clean in C__Users_USER_Desktop_react project_library-app_02-backend_spring-boot-library] INFO  o.eclipse.m2e.core.internal.Bundles - 	Entry: C:\Users\USER\Downloads\sts-4.21.1.RELEASE\plugins\org.eclipse.m2e.maven.runtime_3.9.500.20231113-2345\jars\httpcore-4.4.16.jar
2024-06-12 17:48:40,721 [Worker-130: Launching Executing clean in C__Users_USER_Desktop_react project_library-app_02-backend_spring-boot-library] INFO  o.eclipse.m2e.core.internal.Bundles - 	Entry: C:\Users\USER\Downloads\sts-4.21.1.RELEASE\plugins\org.eclipse.m2e.maven.runtime_3.9.500.20231113-2345\jars\jansi-2.4.0.jar
2024-06-12 17:48:40,721 [Worker-130: Launching Executing clean in C__Users_USER_Desktop_react project_library-app_02-backend_spring-boot-library] INFO  o.eclipse.m2e.core.internal.Bundles - 	Entry: C:\Users\USER\Downloads\sts-4.21.1.RELEASE\plugins\org.eclipse.m2e.maven.runtime_3.9.500.20231113-2345\jars\jcl-over-slf4j-1.7.36.jar
2024-06-12 17:48:40,721 [Worker-130: Launching Executing clean in C__Users_USER_Desktop_react project_library-app_02-backend_spring-boot-library] INFO  o.eclipse.m2e.core.internal.Bundles - 	Entry: C:\Users\USER\Downloads\sts-4.21.1.RELEASE\plugins\org.eclipse.m2e.maven.runtime_3.9.500.20231113-2345\jars\maven-artifact-3.9.5.jar
2024-06-12 17:48:40,722 [Worker-130: Launching Executing clean in C__Users_USER_Desktop_react project_library-app_02-backend_spring-boot-library] INFO  o.eclipse.m2e.core.internal.Bundles - 	Entry: C:\Users\USER\Downloads\sts-4.21.1.RELEASE\plugins\org.eclipse.m2e.maven.runtime_3.9.500.20231113-2345\jars\maven-builder-support-3.9.5.jar
2024-06-12 17:48:40,722 [Worker-130: Launching Executing clean in C__Users_USER_Desktop_react project_library-app_02-backend_spring-boot-library] INFO  o.eclipse.m2e.core.internal.Bundles - 	Entry: C:\Users\USER\Downloads\sts-4.21.1.RELEASE\plugins\org.eclipse.m2e.maven.runtime_3.9.500.20231113-2345\jars\maven-compat-3.9.5.jar
2024-06-12 17:48:40,722 [Worker-130: Launching Executing clean in C__Users_USER_Desktop_react project_library-app_02-backend_spring-boot-library] INFO  o.eclipse.m2e.core.internal.Bundles - 	Entry: C:\Users\USER\Downloads\sts-4.21.1.RELEASE\plugins\org.eclipse.m2e.maven.runtime_3.9.500.20231113-2345\jars\maven-core-3.9.5.jar
2024-06-12 17:48:40,722 [Worker-130: Launching Executing clean in C__Users_USER_Desktop_react project_library-app_02-backend_spring-boot-library] INFO  o.eclipse.m2e.core.internal.Bundles - 	Entry: C:\Users\USER\Downloads\sts-4.21.1.RELEASE\plugins\org.eclipse.m2e.maven.runtime_3.9.500.20231113-2345\jars\maven-embedder-3.9.5.jar
2024-06-12 17:48:40,722 [Worker-130: Launching Executing clean in C__Users_USER_Desktop_react project_library-app_02-backend_spring-boot-library] INFO  o.eclipse.m2e.core.internal.Bundles - 	Entry: C:\Users\USER\Downloads\sts-4.21.1.RELEASE\plugins\org.eclipse.m2e.maven.runtime_3.9.500.20231113-2345\jars\maven-model-3.9.5.jar
2024-06-12 17:48:40,723 [Worker-130: Launching Executing clean in C__Users_USER_Desktop_react project_library-app_02-backend_spring-boot-library] INFO  o.eclipse.m2e.core.internal.Bundles - 	Entry: C:\Users\USER\Downloads\sts-4.21.1.RELEASE\plugins\org.eclipse.m2e.maven.runtime_3.9.500.20231113-2345\jars\maven-model-builder-3.9.5.jar
2024-06-12 17:48:40,723 [Worker-130: Launching Executing clean in C__Users_USER_Desktop_react project_library-app_02-backend_spring-boot-library] INFO  o.eclipse.m2e.core.internal.Bundles - 	Entry: C:\Users\USER\Downloads\sts-4.21.1.RELEASE\plugins\org.eclipse.m2e.maven.runtime_3.9.500.20231113-2345\jars\maven-plugin-api-3.9.5.jar
2024-06-12 17:48:40,723 [Worker-130: Launching Executing clean in C__Users_USER_Desktop_react project_library-app_02-backend_spring-boot-library] INFO  o.eclipse.m2e.core.internal.Bundles - 	Entry: C:\Users\USER\Downloads\sts-4.21.1.RELEASE\plugins\org.eclipse.m2e.maven.runtime_3.9.500.20231113-2345\jars\maven-repository-metadata-3.9.5.jar
2024-06-12 17:48:40,723 [Worker-130: Launching Executing clean in C__Users_USER_Desktop_react project_library-app_02-backend_spring-boot-library] INFO  o.eclipse.m2e.core.internal.Bundles - 	Entry: C:\Users\USER\Downloads\sts-4.21.1.RELEASE\plugins\org.eclipse.m2e.maven.runtime_3.9.500.20231113-2345\jars\maven-resolver-api-1.9.16.jar
2024-06-12 17:48:40,724 [Worker-130: Launching Executing clean in C__Users_USER_Desktop_react project_library-app_02-backend_spring-boot-library] INFO  o.eclipse.m2e.core.internal.Bundles - 	Entry: C:\Users\USER\Downloads\sts-4.21.1.RELEASE\plugins\org.eclipse.m2e.maven.runtime_3.9.500.20231113-2345\jars\maven-resolver-connector-basic-1.9.16.jar
2024-06-12 17:48:40,724 [Worker-130: Launching Executing clean in C__Users_USER_Desktop_react project_library-app_02-backend_spring-boot-library] INFO  o.eclipse.m2e.core.internal.Bundles - 	Entry: C:\Users\USER\Downloads\sts-4.21.1.RELEASE\plugins\org.eclipse.m2e.maven.runtime_3.9.500.20231113-2345\jars\maven-resolver-impl-1.9.16.jar
2024-06-12 17:48:40,724 [Worker-130: Launching Executing clean in C__Users_USER_Desktop_react project_library-app_02-backend_spring-boot-library] INFO  o.eclipse.m2e.core.internal.Bundles - 	Entry: C:\Users\USER\Downloads\sts-4.21.1.RELEASE\plugins\org.eclipse.m2e.maven.runtime_3.9.500.20231113-2345\jars\maven-resolver-named-locks-1.9.16.jar
2024-06-12 17:48:40,724 [Worker-130: Launching Executing clean in C__Users_USER_Desktop_react project_library-app_02-backend_spring-boot-library] INFO  o.eclipse.m2e.core.internal.Bundles - 	Entry: C:\Users\USER\Downloads\sts-4.21.1.RELEASE\plugins\org.eclipse.m2e.maven.runtime_3.9.500.20231113-2345\jars\maven-resolver-provider-3.9.5.jar
2024-06-12 17:48:40,724 [Worker-130: Launching Executing clean in C__Users_USER_Desktop_react project_library-app_02-backend_spring-boot-library] INFO  o.eclipse.m2e.core.internal.Bundles - 	Entry: C:\Users\USER\Downloads\sts-4.21.1.RELEASE\plugins\org.eclipse.m2e.maven.runtime_3.9.500.20231113-2345\jars\maven-resolver-spi-1.9.16.jar
2024-06-12 17:48:40,725 [Worker-130: Launching Executing clean in C__Users_USER_Desktop_react project_library-app_02-backend_spring-boot-library] INFO  o.eclipse.m2e.core.internal.Bundles - 	Entry: C:\Users\USER\Downloads\sts-4.21.1.RELEASE\plugins\org.eclipse.m2e.maven.runtime_3.9.500.20231113-2345\jars\maven-resolver-transport-file-1.9.16.jar
2024-06-12 17:48:40,725 [Worker-130: Launching Executing clean in C__Users_USER_Desktop_react project_library-app_02-backend_spring-boot-library] INFO  o.eclipse.m2e.core.internal.Bundles - 	Entry: C:\Users\USER\Downloads\sts-4.21.1.RELEASE\plugins\org.eclipse.m2e.maven.runtime_3.9.500.20231113-2345\jars\maven-resolver-transport-http-1.9.16.jar
2024-06-12 17:48:40,725 [Worker-130: Launching Executing clean in C__Users_USER_Desktop_react project_library-app_02-backend_spring-boot-library] INFO  o.eclipse.m2e.core.internal.Bundles - 	Entry: C:\Users\USER\Downloads\sts-4.21.1.RELEASE\plugins\org.eclipse.m2e.maven.runtime_3.9.500.20231113-2345\jars\maven-resolver-transport-wagon-1.9.16.jar
2024-06-12 17:48:40,725 [Worker-130: Launching Executing clean in C__Users_USER_Desktop_react project_library-app_02-backend_spring-boot-library] INFO  o.eclipse.m2e.core.internal.Bundles - 	Entry: C:\Users\USER\Downloads\sts-4.21.1.RELEASE\plugins\org.eclipse.m2e.maven.runtime_3.9.500.20231113-2345\jars\maven-resolver-util-1.9.16.jar
2024-06-12 17:48:40,725 [Worker-130: Launching Executing clean in C__Users_USER_Desktop_react project_library-app_02-backend_spring-boot-library] INFO  o.eclipse.m2e.core.internal.Bundles - 	Entry: C:\Users\USER\Downloads\sts-4.21.1.RELEASE\plugins\org.eclipse.m2e.maven.runtime_3.9.500.20231113-2345\jars\maven-settings-3.9.5.jar
2024-06-12 17:48:40,726 [Worker-130: Launching Executing clean in C__Users_USER_Desktop_react project_library-app_02-backend_spring-boot-library] INFO  o.eclipse.m2e.core.internal.Bundles - 	Entry: C:\Users\USER\Downloads\sts-4.21.1.RELEASE\plugins\org.eclipse.m2e.maven.runtime_3.9.500.20231113-2345\jars\maven-settings-builder-3.9.5.jar
2024-06-12 17:48:40,726 [Worker-130: Launching Executing clean in C__Users_USER_Desktop_react project_library-app_02-backend_spring-boot-library] INFO  o.eclipse.m2e.core.internal.Bundles - 	Entry: C:\Users\USER\Downloads\sts-4.21.1.RELEASE\plugins\org.eclipse.m2e.maven.runtime_3.9.500.20231113-2345\jars\maven-shared-utils-3.3.4.jar
2024-06-12 17:48:40,726 [Worker-130: Launching Executing clean in C__Users_USER_Desktop_react project_library-app_02-backend_spring-boot-library] INFO  o.eclipse.m2e.core.internal.Bundles - 	Entry: C:\Users\USER\Downloads\sts-4.21.1.RELEASE\plugins\org.eclipse.m2e.maven.runtime_3.9.500.20231113-2345\jars\org.eclipse.sisu.inject-0.3.5.jar
2024-06-12 17:48:40,726 [Worker-130: Launching Executing clean in C__Users_USER_Desktop_react project_library-app_02-backend_spring-boot-library] INFO  o.eclipse.m2e.core.internal.Bundles - 	Entry: C:\Users\USER\Downloads\sts-4.21.1.RELEASE\plugins\org.eclipse.m2e.maven.runtime_3.9.500.20231113-2345\jars\org.eclipse.sisu.plexus-0.3.5.jar
2024-06-12 17:48:40,727 [Worker-130: Launching Executing clean in C__Users_USER_Desktop_react project_library-app_02-backend_spring-boot-library] INFO  o.eclipse.m2e.core.internal.Bundles - 	Entry: C:\Users\USER\Downloads\sts-4.21.1.RELEASE\plugins\org.eclipse.m2e.maven.runtime_3.9.500.20231113-2345\jars\plexus-build-api-0.0.7.jar
2024-06-12 17:48:40,727 [Worker-130: Launching Executing clean in C__Users_USER_Desktop_react project_library-app_02-backend_spring-boot-library] INFO  o.eclipse.m2e.core.internal.Bundles - 	Entry: C:\Users\USER\Downloads\sts-4.21.1.RELEASE\plugins\org.eclipse.m2e.maven.runtime_3.9.500.20231113-2345\jars\plexus-cipher-2.0.jar
2024-06-12 17:48:40,727 [Worker-130: Launching Executing clean in C__Users_USER_Desktop_react project_library-app_02-backend_spring-boot-library] INFO  o.eclipse.m2e.core.internal.Bundles - 	Entry: C:\Users\USER\Downloads\sts-4.21.1.RELEASE\plugins\org.eclipse.m2e.maven.runtime_3.9.500.20231113-2345\jars\plexus-classworlds-2.7.0.jar
2024-06-12 17:48:40,727 [Worker-130: Launching Executing clean in C__Users_USER_Desktop_react project_library-app_02-backend_spring-boot-library] INFO  o.eclipse.m2e.core.internal.Bundles - 	Entry: C:\Users\USER\Downloads\sts-4.21.1.RELEASE\plugins\org.eclipse.m2e.maven.runtime_3.9.500.20231113-2345\jars\plexus-component-annotations-2.1.0.jar
2024-06-12 17:48:40,728 [Worker-130: Launching Executing clean in C__Users_USER_Desktop_react project_library-app_02-backend_spring-boot-library] INFO  o.eclipse.m2e.core.internal.Bundles - 	Entry: C:\Users\USER\Downloads\sts-4.21.1.RELEASE\plugins\org.eclipse.m2e.maven.runtime_3.9.500.20231113-2345\jars\plexus-interpolation-1.26.jar
2024-06-12 17:48:40,728 [Worker-130: Launching Executing clean in C__Users_USER_Desktop_react project_library-app_02-backend_spring-boot-library] INFO  o.eclipse.m2e.core.internal.Bundles - 	Entry: C:\Users\USER\Downloads\sts-4.21.1.RELEASE\plugins\org.eclipse.m2e.maven.runtime_3.9.500.20231113-2345\jars\plexus-sec-dispatcher-2.0.jar
2024-06-12 17:48:40,728 [Worker-130: Launching Executing clean in C__Users_USER_Desktop_react project_library-app_02-backend_spring-boot-library] INFO  o.eclipse.m2e.core.internal.Bundles - 	Entry: C:\Users\USER\Downloads\sts-4.21.1.RELEASE\plugins\org.eclipse.m2e.maven.runtime_3.9.500.20231113-2345\jars\plexus-utils-3.5.1.jar
2024-06-12 17:48:40,729 [Worker-130: Launching Executing clean in C__Users_USER_Desktop_react project_library-app_02-backend_spring-boot-library] INFO  o.eclipse.m2e.core.internal.Bundles - 	Entry: C:\Users\USER\Downloads\sts-4.21.1.RELEASE\plugins\org.eclipse.m2e.maven.runtime_3.9.500.20231113-2345\jars\wagon-file-3.5.3.jar
2024-06-12 17:48:40,729 [Worker-130: Launching Executing clean in C__Users_USER_Desktop_react project_library-app_02-backend_spring-boot-library] INFO  o.eclipse.m2e.core.internal.Bundles - 	Entry: C:\Users\USER\Downloads\sts-4.21.1.RELEASE\plugins\org.eclipse.m2e.maven.runtime_3.9.500.20231113-2345\jars\wagon-http-3.5.3.jar
2024-06-12 17:48:40,729 [Worker-130: Launching Executing clean in C__Users_USER_Desktop_react project_library-app_02-backend_spring-boot-library] INFO  o.eclipse.m2e.core.internal.Bundles - 	Entry: C:\Users\USER\Downloads\sts-4.21.1.RELEASE\plugins\org.eclipse.m2e.maven.runtime_3.9.500.20231113-2345\jars\wagon-http-shared-3.5.3.jar
2024-06-12 17:48:40,729 [Worker-130: Launching Executing clean in C__Users_USER_Desktop_react project_library-app_02-backend_spring-boot-library] INFO  o.eclipse.m2e.core.internal.Bundles - 	Entry: C:\Users\USER\Downloads\sts-4.21.1.RELEASE\plugins\org.eclipse.m2e.maven.runtime_3.9.500.20231113-2345\jars\wagon-provider-api-3.5.3.jar
2024-06-12 17:48:40,730 [Worker-130: Launching Executing clean in C__Users_USER_Desktop_react project_library-app_02-backend_spring-boot-library] INFO  o.eclipse.m2e.core.internal.Bundles - getClasspathEntries(Bundle=com.google.guava_33.0.0.jre [25])
2024-06-12 17:48:40,731 [Worker-130: Launching Executing clean in C__Users_USER_Desktop_react project_library-app_02-backend_spring-boot-library] INFO  o.eclipse.m2e.core.internal.Bundles - 	Entry: C:\Users\USER\Downloads\sts-4.21.1.RELEASE\plugins\com.google.guava_33.0.0.jre.jar
2024-06-12 17:48:40,731 [Worker-130: Launching Executing clean in C__Users_USER_Desktop_react project_library-app_02-backend_spring-boot-library] INFO  o.eclipse.m2e.core.internal.Bundles - getClasspathEntries(Bundle=slf4j.api_2.0.9 [573])
2024-06-12 17:48:40,732 [Worker-130: Launching Executing clean in C__Users_USER_Desktop_react project_library-app_02-backend_spring-boot-library] INFO  o.eclipse.m2e.core.internal.Bundles - 	Entry: C:\Users\USER\Downloads\sts-4.21.1.RELEASE\plugins\slf4j.api_2.0.9.jar
2024-06-12 17:48:40,732 [Worker-130: Launching Executing clean in C__Users_USER_Desktop_react project_library-app_02-backend_spring-boot-library] INFO  o.eclipse.m2e.core.internal.Bundles - getClasspathEntries(Bundle=jakarta.inject.jakarta.inject-api_1.0.5 [41])
2024-06-12 17:48:40,733 [Worker-130: Launching Executing clean in C__Users_USER_Desktop_react project_library-app_02-backend_spring-boot-library] INFO  o.eclipse.m2e.core.internal.Bundles - 	Entry: C:\Users\USER\Downloads\sts-4.21.1.RELEASE\plugins\jakarta.inject.jakarta.inject-api_1.0.5.jar
2024-06-12 17:48:40,733 [Worker-130: Launching Executing clean in C__Users_USER_Desktop_react project_library-app_02-backend_spring-boot-library] INFO  o.eclipse.m2e.core.internal.Bundles - getClasspathEntries(Bundle=jakarta.annotation-api_1.3.5 [37])
2024-06-12 17:48:40,734 [Worker-130: Launching Executing clean in C__Users_USER_Desktop_react project_library-app_02-backend_spring-boot-library] INFO  o.eclipse.m2e.core.internal.Bundles - 	Entry: C:\Users\USER\Downloads\sts-4.21.1.RELEASE\plugins\jakarta.annotation-api_1.3.5.jar
2024-06-12 17:48:40,734 [Worker-130: Launching Executing clean in C__Users_USER_Desktop_react project_library-app_02-backend_spring-boot-library] INFO  o.eclipse.m2e.core.internal.Bundles - getClasspathEntries(Bundle=org.apache.commons.cli_1.6.0 [71])
2024-06-12 17:48:40,734 [Worker-130: Launching Executing clean in C__Users_USER_Desktop_react project_library-app_02-backend_spring-boot-library] INFO  o.eclipse.m2e.core.internal.Bundles - 	Entry: C:\Users\USER\Downloads\sts-4.21.1.RELEASE\plugins\org.apache.commons.cli_1.6.0.jar
2024-06-12 17:48:40,734 [Worker-130: Launching Executing clean in C__Users_USER_Desktop_react project_library-app_02-backend_spring-boot-library] INFO  o.eclipse.m2e.core.internal.Bundles - getClasspathEntries(Bundle=org.apache.commons.commons-codec_1.16.0 [73])
2024-06-12 17:48:40,735 [Worker-130: Launching Executing clean in C__Users_USER_Desktop_react project_library-app_02-backend_spring-boot-library] INFO  o.eclipse.m2e.core.internal.Bundles - 	Entry: C:\Users\USER\Downloads\sts-4.21.1.RELEASE\plugins\org.apache.commons.commons-codec_1.16.0.jar
2024-06-12 17:48:40,735 [Worker-130: Launching Executing clean in C__Users_USER_Desktop_react project_library-app_02-backend_spring-boot-library] INFO  o.eclipse.m2e.core.internal.Bundles - getClasspathEntries(Bundle=org.apache.commons.lang3_3.13.0 [77])
2024-06-12 17:48:40,735 [Worker-130: Launching Executing clean in C__Users_USER_Desktop_react project_library-app_02-backend_spring-boot-library] INFO  o.eclipse.m2e.core.internal.Bundles - 	Entry: C:\Users\USER\Downloads\sts-4.21.1.RELEASE\plugins\org.apache.commons.lang3_3.13.0.jar
2024-06-12 17:48:40,735 [Worker-130: Launching Executing clean in C__Users_USER_Desktop_react project_library-app_02-backend_spring-boot-library] INFO  o.eclipse.m2e.core.internal.Bundles - getClasspathEntries(Bundle=com.google.guava.failureaccess_1.0.2 [27])
2024-06-12 17:48:40,736 [Worker-130: Launching Executing clean in C__Users_USER_Desktop_react project_library-app_02-backend_spring-boot-library] INFO  o.eclipse.m2e.core.internal.Bundles - 	Entry: C:\Users\USER\Downloads\sts-4.21.1.RELEASE\plugins\com.google.guava.failureaccess_1.0.2.jar
2024-06-12 17:48:40,738 [Worker-130: Launching Executing clean in C__Users_USER_Desktop_react project_library-app_02-backend_spring-boot-library] INFO  o.e.m.i.launch.MavenLaunchDelegate - Run build in "C:\Users\USER\Desktop\react project\library-app\02-backend\spring-boot-library":
2024-06-12 17:48:40,738 [Worker-130: Launching Executing clean in C__Users_USER_Desktop_react project_library-app_02-backend_spring-boot-library] INFO  o.e.m.i.launch.MavenLaunchDelegate -  mvn  -Ppom.xml -B -Dstyle.color=always clean
2024-06-12 17:51:18,629 [Worker-129: Launching Executing install in C__Users_USER_Desktop_react project_library-app_02-backend_spring-boot-library] INFO  o.eclipse.m2e.core.internal.Bundles - getClasspathEntries(Bundle=org.eclipse.m2e.maven.runtime_3.9.500.20231113-2345 [346])
2024-06-12 17:51:18,631 [Worker-129: Launching Executing install in C__Users_USER_Desktop_react project_library-app_02-backend_spring-boot-library] INFO  o.eclipse.m2e.core.internal.Bundles - 	Entry: C:\Users\USER\Downloads\sts-4.21.1.RELEASE\plugins\org.eclipse.m2e.maven.runtime_3.9.500.20231113-2345
2024-06-12 17:51:18,631 [Worker-129: Launching Executing install in C__Users_USER_Desktop_react project_library-app_02-backend_spring-boot-library] INFO  o.eclipse.m2e.core.internal.Bundles - 	Entry: C:\Users\USER\Downloads\sts-4.21.1.RELEASE\plugins\org.eclipse.m2e.maven.runtime_3.9.500.20231113-2345\jars\aopalliance-1.0.jar
2024-06-12 17:51:18,632 [Worker-129: Launching Executing install in C__Users_USER_Desktop_react project_library-app_02-backend_spring-boot-library] INFO  o.eclipse.m2e.core.internal.Bundles - 	Entry: C:\Users\USER\Downloads\sts-4.21.1.RELEASE\plugins\org.eclipse.m2e.maven.runtime_3.9.500.20231113-2345\jars\guice-5.1.0.jar
2024-06-12 17:51:18,632 [Worker-129: Launching Executing install in C__Users_USER_Desktop_react project_library-app_02-backend_spring-boot-library] INFO  o.eclipse.m2e.core.internal.Bundles - 	Entry: C:\Users\USER\Downloads\sts-4.21.1.RELEASE\plugins\org.eclipse.m2e.maven.runtime_3.9.500.20231113-2345\jars\httpclient-4.5.14.jar
2024-06-12 17:51:18,632 [Worker-129: Launching Executing install in C__Users_USER_Desktop_react project_library-app_02-backend_spring-boot-library] INFO  o.eclipse.m2e.core.internal.Bundles - 	Entry: C:\Users\USER\Downloads\sts-4.21.1.RELEASE\plugins\org.eclipse.m2e.maven.runtime_3.9.500.20231113-2345\jars\httpcore-4.4.16.jar
2024-06-12 17:51:18,632 [Worker-129: Launching Executing install in C__Users_USER_Desktop_react project_library-app_02-backend_spring-boot-library] INFO  o.eclipse.m2e.core.internal.Bundles - 	Entry: C:\Users\USER\Downloads\sts-4.21.1.RELEASE\plugins\org.eclipse.m2e.maven.runtime_3.9.500.20231113-2345\jars\jansi-2.4.0.jar
2024-06-12 17:51:18,632 [Worker-129: Launching Executing install in C__Users_USER_Desktop_react project_library-app_02-backend_spring-boot-library] INFO  o.eclipse.m2e.core.internal.Bundles - 	Entry: C:\Users\USER\Downloads\sts-4.21.1.RELEASE\plugins\org.eclipse.m2e.maven.runtime_3.9.500.20231113-2345\jars\jcl-over-slf4j-1.7.36.jar
2024-06-12 17:51:18,633 [Worker-129: Launching Executing install in C__Users_USER_Desktop_react project_library-app_02-backend_spring-boot-library] INFO  o.eclipse.m2e.core.internal.Bundles - 	Entry: C:\Users\USER\Downloads\sts-4.21.1.RELEASE\plugins\org.eclipse.m2e.maven.runtime_3.9.500.20231113-2345\jars\maven-artifact-3.9.5.jar
2024-06-12 17:51:18,633 [Worker-129: Launching Executing install in C__Users_USER_Desktop_react project_library-app_02-backend_spring-boot-library] INFO  o.eclipse.m2e.core.internal.Bundles - 	Entry: C:\Users\USER\Downloads\sts-4.21.1.RELEASE\plugins\org.eclipse.m2e.maven.runtime_3.9.500.20231113-2345\jars\maven-builder-support-3.9.5.jar
2024-06-12 17:51:18,633 [Worker-129: Launching Executing install in C__Users_USER_Desktop_react project_library-app_02-backend_spring-boot-library] INFO  o.eclipse.m2e.core.internal.Bundles - 	Entry: C:\Users\USER\Downloads\sts-4.21.1.RELEASE\plugins\org.eclipse.m2e.maven.runtime_3.9.500.20231113-2345\jars\maven-compat-3.9.5.jar
2024-06-12 17:51:18,633 [Worker-129: Launching Executing install in C__Users_USER_Desktop_react project_library-app_02-backend_spring-boot-library] INFO  o.eclipse.m2e.core.internal.Bundles - 	Entry: C:\Users\USER\Downloads\sts-4.21.1.RELEASE\plugins\org.eclipse.m2e.maven.runtime_3.9.500.20231113-2345\jars\maven-core-3.9.5.jar
2024-06-12 17:51:18,634 [Worker-129: Launching Executing install in C__Users_USER_Desktop_react project_library-app_02-backend_spring-boot-library] INFO  o.eclipse.m2e.core.internal.Bundles - 	Entry: C:\Users\USER\Downloads\sts-4.21.1.RELEASE\plugins\org.eclipse.m2e.maven.runtime_3.9.500.20231113-2345\jars\maven-embedder-3.9.5.jar
2024-06-12 17:51:18,634 [Worker-129: Launching Executing install in C__Users_USER_Desktop_react project_library-app_02-backend_spring-boot-library] INFO  o.eclipse.m2e.core.internal.Bundles - 	Entry: C:\Users\USER\Downloads\sts-4.21.1.RELEASE\plugins\org.eclipse.m2e.maven.runtime_3.9.500.20231113-2345\jars\maven-model-3.9.5.jar
2024-06-12 17:51:18,635 [Worker-129: Launching Executing install in C__Users_USER_Desktop_react project_library-app_02-backend_spring-boot-library] INFO  o.eclipse.m2e.core.internal.Bundles - 	Entry: C:\Users\USER\Downloads\sts-4.21.1.RELEASE\plugins\org.eclipse.m2e.maven.runtime_3.9.500.20231113-2345\jars\maven-model-builder-3.9.5.jar
2024-06-12 17:51:18,635 [Worker-129: Launching Executing install in C__Users_USER_Desktop_react project_library-app_02-backend_spring-boot-library] INFO  o.eclipse.m2e.core.internal.Bundles - 	Entry: C:\Users\USER\Downloads\sts-4.21.1.RELEASE\plugins\org.eclipse.m2e.maven.runtime_3.9.500.20231113-2345\jars\maven-plugin-api-3.9.5.jar
2024-06-12 17:51:18,635 [Worker-129: Launching Executing install in C__Users_USER_Desktop_react project_library-app_02-backend_spring-boot-library] INFO  o.eclipse.m2e.core.internal.Bundles - 	Entry: C:\Users\USER\Downloads\sts-4.21.1.RELEASE\plugins\org.eclipse.m2e.maven.runtime_3.9.500.20231113-2345\jars\maven-repository-metadata-3.9.5.jar
2024-06-12 17:51:18,636 [Worker-129: Launching Executing install in C__Users_USER_Desktop_react project_library-app_02-backend_spring-boot-library] INFO  o.eclipse.m2e.core.internal.Bundles - 	Entry: C:\Users\USER\Downloads\sts-4.21.1.RELEASE\plugins\org.eclipse.m2e.maven.runtime_3.9.500.20231113-2345\jars\maven-resolver-api-1.9.16.jar
2024-06-12 17:51:18,636 [Worker-129: Launching Executing install in C__Users_USER_Desktop_react project_library-app_02-backend_spring-boot-library] INFO  o.eclipse.m2e.core.internal.Bundles - 	Entry: C:\Users\USER\Downloads\sts-4.21.1.RELEASE\plugins\org.eclipse.m2e.maven.runtime_3.9.500.20231113-2345\jars\maven-resolver-connector-basic-1.9.16.jar
2024-06-12 17:51:18,637 [Worker-129: Launching Executing install in C__Users_USER_Desktop_react project_library-app_02-backend_spring-boot-library] INFO  o.eclipse.m2e.core.internal.Bundles - 	Entry: C:\Users\USER\Downloads\sts-4.21.1.RELEASE\plugins\org.eclipse.m2e.maven.runtime_3.9.500.20231113-2345\jars\maven-resolver-impl-1.9.16.jar
2024-06-12 17:51:18,637 [Worker-129: Launching Executing install in C__Users_USER_Desktop_react project_library-app_02-backend_spring-boot-library] INFO  o.eclipse.m2e.core.internal.Bundles - 	Entry: C:\Users\USER\Downloads\sts-4.21.1.RELEASE\plugins\org.eclipse.m2e.maven.runtime_3.9.500.20231113-2345\jars\maven-resolver-named-locks-1.9.16.jar
2024-06-12 17:51:18,638 [Worker-129: Launching Executing install in C__Users_USER_Desktop_react project_library-app_02-backend_spring-boot-library] INFO  o.eclipse.m2e.core.internal.Bundles - 	Entry: C:\Users\USER\Downloads\sts-4.21.1.RELEASE\plugins\org.eclipse.m2e.maven.runtime_3.9.500.20231113-2345\jars\maven-resolver-provider-3.9.5.jar
2024-06-12 17:51:18,638 [Worker-129: Launching Executing install in C__Users_USER_Desktop_react project_library-app_02-backend_spring-boot-library] INFO  o.eclipse.m2e.core.internal.Bundles - 	Entry: C:\Users\USER\Downloads\sts-4.21.1.RELEASE\plugins\org.eclipse.m2e.maven.runtime_3.9.500.20231113-2345\jars\maven-resolver-spi-1.9.16.jar
2024-06-12 17:51:18,639 [Worker-129: Launching Executing install in C__Users_USER_Desktop_react project_library-app_02-backend_spring-boot-library] INFO  o.eclipse.m2e.core.internal.Bundles - 	Entry: C:\Users\USER\Downloads\sts-4.21.1.RELEASE\plugins\org.eclipse.m2e.maven.runtime_3.9.500.20231113-2345\jars\maven-resolver-transport-file-1.9.16.jar
2024-06-12 17:51:18,639 [Worker-129: Launching Executing install in C__Users_USER_Desktop_react project_library-app_02-backend_spring-boot-library] INFO  o.eclipse.m2e.core.internal.Bundles - 	Entry: C:\Users\USER\Downloads\sts-4.21.1.RELEASE\plugins\org.eclipse.m2e.maven.runtime_3.9.500.20231113-2345\jars\maven-resolver-transport-http-1.9.16.jar
2024-06-12 17:51:18,640 [Worker-129: Launching Executing install in C__Users_USER_Desktop_react project_library-app_02-backend_spring-boot-library] INFO  o.eclipse.m2e.core.internal.Bundles - 	Entry: C:\Users\USER\Downloads\sts-4.21.1.RELEASE\plugins\org.eclipse.m2e.maven.runtime_3.9.500.20231113-2345\jars\maven-resolver-transport-wagon-1.9.16.jar
2024-06-12 17:51:18,640 [Worker-129: Launching Executing install in C__Users_USER_Desktop_react project_library-app_02-backend_spring-boot-library] INFO  o.eclipse.m2e.core.internal.Bundles - 	Entry: C:\Users\USER\Downloads\sts-4.21.1.RELEASE\plugins\org.eclipse.m2e.maven.runtime_3.9.500.20231113-2345\jars\maven-resolver-util-1.9.16.jar
2024-06-12 17:51:18,641 [Worker-129: Launching Executing install in C__Users_USER_Desktop_react project_library-app_02-backend_spring-boot-library] INFO  o.eclipse.m2e.core.internal.Bundles - 	Entry: C:\Users\USER\Downloads\sts-4.21.1.RELEASE\plugins\org.eclipse.m2e.maven.runtime_3.9.500.20231113-2345\jars\maven-settings-3.9.5.jar
2024-06-12 17:51:18,641 [Worker-129: Launching Executing install in C__Users_USER_Desktop_react project_library-app_02-backend_spring-boot-library] INFO  o.eclipse.m2e.core.internal.Bundles - 	Entry: C:\Users\USER\Downloads\sts-4.21.1.RELEASE\plugins\org.eclipse.m2e.maven.runtime_3.9.500.20231113-2345\jars\maven-settings-builder-3.9.5.jar
2024-06-12 17:51:18,642 [Worker-129: Launching Executing install in C__Users_USER_Desktop_react project_library-app_02-backend_spring-boot-library] INFO  o.eclipse.m2e.core.internal.Bundles - 	Entry: C:\Users\USER\Downloads\sts-4.21.1.RELEASE\plugins\org.eclipse.m2e.maven.runtime_3.9.500.20231113-2345\jars\maven-shared-utils-3.3.4.jar
2024-06-12 17:51:18,642 [Worker-129: Launching Executing install in C__Users_USER_Desktop_react project_library-app_02-backend_spring-boot-library] INFO  o.eclipse.m2e.core.internal.Bundles - 	Entry: C:\Users\USER\Downloads\sts-4.21.1.RELEASE\plugins\org.eclipse.m2e.maven.runtime_3.9.500.20231113-2345\jars\org.eclipse.sisu.inject-0.3.5.jar
2024-06-12 17:51:18,642 [Worker-129: Launching Executing install in C__Users_USER_Desktop_react project_library-app_02-backend_spring-boot-library] INFO  o.eclipse.m2e.core.internal.Bundles - 	Entry: C:\Users\USER\Downloads\sts-4.21.1.RELEASE\plugins\org.eclipse.m2e.maven.runtime_3.9.500.20231113-2345\jars\org.eclipse.sisu.plexus-0.3.5.jar
2024-06-12 17:51:18,642 [Worker-129: Launching Executing install in C__Users_USER_Desktop_react project_library-app_02-backend_spring-boot-library] INFO  o.eclipse.m2e.core.internal.Bundles - 	Entry: C:\Users\USER\Downloads\sts-4.21.1.RELEASE\plugins\org.eclipse.m2e.maven.runtime_3.9.500.20231113-2345\jars\plexus-build-api-0.0.7.jar
2024-06-12 17:51:18,643 [Worker-129: Launching Executing install in C__Users_USER_Desktop_react project_library-app_02-backend_spring-boot-library] INFO  o.eclipse.m2e.core.internal.Bundles - 	Entry: C:\Users\USER\Downloads\sts-4.21.1.RELEASE\plugins\org.eclipse.m2e.maven.runtime_3.9.500.20231113-2345\jars\plexus-cipher-2.0.jar
2024-06-12 17:51:18,644 [Worker-129: Launching Executing install in C__Users_USER_Desktop_react project_library-app_02-backend_spring-boot-library] INFO  o.eclipse.m2e.core.internal.Bundles - 	Entry: C:\Users\USER\Downloads\sts-4.21.1.RELEASE\plugins\org.eclipse.m2e.maven.runtime_3.9.500.20231113-2345\jars\plexus-classworlds-2.7.0.jar
2024-06-12 17:51:18,644 [Worker-129: Launching Executing install in C__Users_USER_Desktop_react project_library-app_02-backend_spring-boot-library] INFO  o.eclipse.m2e.core.internal.Bundles - 	Entry: C:\Users\USER\Downloads\sts-4.21.1.RELEASE\plugins\org.eclipse.m2e.maven.runtime_3.9.500.20231113-2345\jars\plexus-component-annotations-2.1.0.jar
2024-06-12 17:51:18,644 [Worker-129: Launching Executing install in C__Users_USER_Desktop_react project_library-app_02-backend_spring-boot-library] INFO  o.eclipse.m2e.core.internal.Bundles - 	Entry: C:\Users\USER\Downloads\sts-4.21.1.RELEASE\plugins\org.eclipse.m2e.maven.runtime_3.9.500.20231113-2345\jars\plexus-interpolation-1.26.jar
2024-06-12 17:51:18,644 [Worker-129: Launching Executing install in C__Users_USER_Desktop_react project_library-app_02-backend_spring-boot-library] INFO  o.eclipse.m2e.core.internal.Bundles - 	Entry: C:\Users\USER\Downloads\sts-4.21.1.RELEASE\plugins\org.eclipse.m2e.maven.runtime_3.9.500.20231113-2345\jars\plexus-sec-dispatcher-2.0.jar
2024-06-12 17:51:18,645 [Worker-129: Launching Executing install in C__Users_USER_Desktop_react project_library-app_02-backend_spring-boot-library] INFO  o.eclipse.m2e.core.internal.Bundles - 	Entry: C:\Users\USER\Downloads\sts-4.21.1.RELEASE\plugins\org.eclipse.m2e.maven.runtime_3.9.500.20231113-2345\jars\plexus-utils-3.5.1.jar
2024-06-12 17:51:18,645 [Worker-129: Launching Executing install in C__Users_USER_Desktop_react project_library-app_02-backend_spring-boot-library] INFO  o.eclipse.m2e.core.internal.Bundles - 	Entry: C:\Users\USER\Downloads\sts-4.21.1.RELEASE\plugins\org.eclipse.m2e.maven.runtime_3.9.500.20231113-2345\jars\wagon-file-3.5.3.jar
2024-06-12 17:51:18,645 [Worker-129: Launching Executing install in C__Users_USER_Desktop_react project_library-app_02-backend_spring-boot-library] INFO  o.eclipse.m2e.core.internal.Bundles - 	Entry: C:\Users\USER\Downloads\sts-4.21.1.RELEASE\plugins\org.eclipse.m2e.maven.runtime_3.9.500.20231113-2345\jars\wagon-http-3.5.3.jar
2024-06-12 17:51:18,645 [Worker-129: Launching Executing install in C__Users_USER_Desktop_react project_library-app_02-backend_spring-boot-library] INFO  o.eclipse.m2e.core.internal.Bundles - 	Entry: C:\Users\USER\Downloads\sts-4.21.1.RELEASE\plugins\org.eclipse.m2e.maven.runtime_3.9.500.20231113-2345\jars\wagon-http-shared-3.5.3.jar
2024-06-12 17:51:18,645 [Worker-129: Launching Executing install in C__Users_USER_Desktop_react project_library-app_02-backend_spring-boot-library] INFO  o.eclipse.m2e.core.internal.Bundles - 	Entry: C:\Users\USER\Downloads\sts-4.21.1.RELEASE\plugins\org.eclipse.m2e.maven.runtime_3.9.500.20231113-2345\jars\wagon-provider-api-3.5.3.jar
2024-06-12 17:51:18,646 [Worker-129: Launching Executing install in C__Users_USER_Desktop_react project_library-app_02-backend_spring-boot-library] INFO  o.eclipse.m2e.core.internal.Bundles - getClasspathEntries(Bundle=com.google.guava_33.0.0.jre [25])
2024-06-12 17:51:18,647 [Worker-129: Launching Executing install in C__Users_USER_Desktop_react project_library-app_02-backend_spring-boot-library] INFO  o.eclipse.m2e.core.internal.Bundles - 	Entry: C:\Users\USER\Downloads\sts-4.21.1.RELEASE\plugins\com.google.guava_33.0.0.jre.jar
2024-06-12 17:51:18,647 [Worker-129: Launching Executing install in C__Users_USER_Desktop_react project_library-app_02-backend_spring-boot-library] INFO  o.eclipse.m2e.core.internal.Bundles - getClasspathEntries(Bundle=slf4j.api_2.0.9 [573])
2024-06-12 17:51:18,648 [Worker-129: Launching Executing install in C__Users_USER_Desktop_react project_library-app_02-backend_spring-boot-library] INFO  o.eclipse.m2e.core.internal.Bundles - 	Entry: C:\Users\USER\Downloads\sts-4.21.1.RELEASE\plugins\slf4j.api_2.0.9.jar
2024-06-12 17:51:18,648 [Worker-129: Launching Executing install in C__Users_USER_Desktop_react project_library-app_02-backend_spring-boot-library] INFO  o.eclipse.m2e.core.internal.Bundles - getClasspathEntries(Bundle=jakarta.inject.jakarta.inject-api_1.0.5 [41])
2024-06-12 17:51:18,648 [Worker-129: Launching Executing install in C__Users_USER_Desktop_react project_library-app_02-backend_spring-boot-library] INFO  o.eclipse.m2e.core.internal.Bundles - 	Entry: C:\Users\USER\Downloads\sts-4.21.1.RELEASE\plugins\jakarta.inject.jakarta.inject-api_1.0.5.jar
2024-06-12 17:51:18,649 [Worker-129: Launching Executing install in C__Users_USER_Desktop_react project_library-app_02-backend_spring-boot-library] INFO  o.eclipse.m2e.core.internal.Bundles - getClasspathEntries(Bundle=jakarta.annotation-api_1.3.5 [37])
2024-06-12 17:51:18,649 [Worker-129: Launching Executing install in C__Users_USER_Desktop_react project_library-app_02-backend_spring-boot-library] INFO  o.eclipse.m2e.core.internal.Bundles - 	Entry: C:\Users\USER\Downloads\sts-4.21.1.RELEASE\plugins\jakarta.annotation-api_1.3.5.jar
2024-06-12 17:51:18,649 [Worker-129: Launching Executing install in C__Users_USER_Desktop_react project_library-app_02-backend_spring-boot-library] INFO  o.eclipse.m2e.core.internal.Bundles - getClasspathEntries(Bundle=org.apache.commons.cli_1.6.0 [71])
2024-06-12 17:51:18,650 [Worker-129: Launching Executing install in C__Users_USER_Desktop_react project_library-app_02-backend_spring-boot-library] INFO  o.eclipse.m2e.core.internal.Bundles - 	Entry: C:\Users\USER\Downloads\sts-4.21.1.RELEASE\plugins\org.apache.commons.cli_1.6.0.jar
2024-06-12 17:51:18,650 [Worker-129: Launching Executing install in C__Users_USER_Desktop_react project_library-app_02-backend_spring-boot-library] INFO  o.eclipse.m2e.core.internal.Bundles - getClasspathEntries(Bundle=org.apache.commons.commons-codec_1.16.0 [73])
2024-06-12 17:51:18,651 [Worker-129: Launching Executing install in C__Users_USER_Desktop_react project_library-app_02-backend_spring-boot-library] INFO  o.eclipse.m2e.core.internal.Bundles - 	Entry: C:\Users\USER\Downloads\sts-4.21.1.RELEASE\plugins\org.apache.commons.commons-codec_1.16.0.jar
2024-06-12 17:51:18,651 [Worker-129: Launching Executing install in C__Users_USER_Desktop_react project_library-app_02-backend_spring-boot-library] INFO  o.eclipse.m2e.core.internal.Bundles - getClasspathEntries(Bundle=org.apache.commons.lang3_3.13.0 [77])
2024-06-12 17:51:18,652 [Worker-129: Launching Executing install in C__Users_USER_Desktop_react project_library-app_02-backend_spring-boot-library] INFO  o.eclipse.m2e.core.internal.Bundles - 	Entry: C:\Users\USER\Downloads\sts-4.21.1.RELEASE\plugins\org.apache.commons.lang3_3.13.0.jar
2024-06-12 17:51:18,653 [Worker-129: Launching Executing install in C__Users_USER_Desktop_react project_library-app_02-backend_spring-boot-library] INFO  o.eclipse.m2e.core.internal.Bundles - getClasspathEntries(Bundle=com.google.guava.failureaccess_1.0.2 [27])
2024-06-12 17:51:18,653 [Worker-129: Launching Executing install in C__Users_USER_Desktop_react project_library-app_02-backend_spring-boot-library] INFO  o.eclipse.m2e.core.internal.Bundles - 	Entry: C:\Users\USER\Downloads\sts-4.21.1.RELEASE\plugins\com.google.guava.failureaccess_1.0.2.jar
2024-06-12 17:51:18,656 [Worker-129: Launching Executing install in C__Users_USER_Desktop_react project_library-app_02-backend_spring-boot-library] INFO  o.e.m.i.launch.MavenLaunchDelegate - Run build in "C:\Users\USER\Desktop\react project\library-app\02-backend\spring-boot-library":
2024-06-12 17:51:18,656 [Worker-129: Launching Executing install in C__Users_USER_Desktop_react project_library-app_02-backend_spring-boot-library] INFO  o.e.m.i.launch.MavenLaunchDelegate -  mvn  -Ppom.xml -B -Dstyle.color=always install
2024-06-12 18:05:24,338 [Worker-142: Building] INFO  o.a.m.s.f.DefaultMavenResourcesFiltering - Copying 1 resource from src\main\resources to target\classes
2024-06-12 18:05:24,348 [Worker-142: Building] INFO  o.a.m.s.f.DefaultMavenResourcesFiltering - Copying 0 resource from src\main\resources to target\classes
2024-06-12 18:05:24,352 [Worker-142: Building] INFO  o.a.m.s.f.DefaultMavenResourcesFiltering - skip non existing resourceDirectory C:\Users\USER\Desktop\react project\library-app\02-backend\spring-boot-library\src\test\resources
2024-06-12 18:05:24,352 [Worker-142: Building] INFO  o.e.m.w.i.f.ResourceFilteringBuildParticipant - Changed resources require a complete clean of filtered resources of spring-boot-library
2024-06-12 18:05:24,352 [Worker-142: Building] INFO  o.e.m.w.i.f.ResourceFilteringBuildParticipant - Executing resource filtering for spring-boot-library
2024-06-12 18:05:39,106 [Worker-148: Updating Maven Project] INFO  o.e.m.c.i.p.ProjectConfigurationManager - Update started
2024-06-12 18:05:39,471 [Worker-148: Updating Maven Project] INFO  o.e.m.c.i.l.LifecycleMappingFactory - Using org.maven.ide.eclipse.wtp.WarLifecycleMapping lifecycle mapping for MavenProject: com.snccreations:spring-boot-library:2.7.3 @ C:\Users\USER\Desktop\react project\library-app\02-backend\spring-boot-library\pom.xml.
2024-06-12 18:05:40,327 [Worker-148: Updating Maven Project] INFO  o.e.m.j.i.AbstractJavaProjectConfigurator - Adding source folder /spring-boot-library/src/main/java
2024-06-12 18:05:40,327 [Worker-148: Updating Maven Project] INFO  o.e.m.j.i.AbstractJavaProjectConfigurator - Adding resource folder /spring-boot-library/src/main/resources
2024-06-12 18:05:40,327 [Worker-148: Updating Maven Project] INFO  o.e.m.j.i.AbstractJavaProjectConfigurator - Adding resource folder /spring-boot-library/src/main/resources
2024-06-12 18:05:40,328 [Worker-148: Updating Maven Project] INFO  o.e.m.j.i.AbstractJavaProjectConfigurator - Adding source folder /spring-boot-library/src/test/java
2024-06-12 18:05:40,328 [Worker-148: Updating Maven Project] INFO  o.e.m.j.i.AbstractJavaProjectConfigurator - Adding resource folder /spring-boot-library/src/test/resources
2024-06-12 18:05:41,647 [Worker-148: Updating Maven Project] INFO  o.e.m.w.i.f.ResourceFilteringBuildParticipant - Cleaning filtered folder for spring-boot-library
2024-06-12 18:05:41,758 [Worker-148: Updating Maven Project] INFO  o.e.m.c.i.p.ProjectConfigurationManager - Update completed for 1 poms: local refresh takes 0.00 sec, refresh facades takes 1.00 sec, update config takes 0.00 sec 
2024-06-12 18:05:42,709 [Worker-150: Building] INFO  o.a.m.s.f.DefaultMavenResourcesFiltering - Copying 1 resource from src\main\resources to target\classes
2024-06-12 18:05:42,754 [Worker-150: Building] INFO  o.a.m.s.f.DefaultMavenResourcesFiltering - Copying 0 resource from src\main\resources to target\classes
2024-06-12 18:05:42,761 [Worker-150: Building] INFO  o.a.m.s.f.DefaultMavenResourcesFiltering - skip non existing resourceDirectory C:\Users\USER\Desktop\react project\library-app\02-backend\spring-boot-library\src\test\resources
2024-06-12 18:05:42,761 [Worker-150: Building] INFO  o.e.m.w.i.f.ResourceFilteringBuildParticipant - Changed resources require a complete clean of filtered resources of spring-boot-library
2024-06-12 18:05:42,761 [Worker-150: Building] INFO  o.e.m.w.i.f.ResourceFilteringBuildParticipant - Executing resource filtering for spring-boot-library
2024-06-12 18:06:01,768 [Worker-145: Launching Executing clean in C__Users_USER_Desktop_react project_library-app_02-backend_spring-boot-library] INFO  o.eclipse.m2e.core.internal.Bundles - getClasspathEntries(Bundle=org.eclipse.m2e.maven.runtime_3.9.500.20231113-2345 [346])
2024-06-12 18:06:01,769 [Worker-145: Launching Executing clean in C__Users_USER_Desktop_react project_library-app_02-backend_spring-boot-library] INFO  o.eclipse.m2e.core.internal.Bundles - 	Entry: C:\Users\USER\Downloads\sts-4.21.1.RELEASE\plugins\org.eclipse.m2e.maven.runtime_3.9.500.20231113-2345
2024-06-12 18:06:01,769 [Worker-145: Launching Executing clean in C__Users_USER_Desktop_react project_library-app_02-backend_spring-boot-library] INFO  o.eclipse.m2e.core.internal.Bundles - 	Entry: C:\Users\USER\Downloads\sts-4.21.1.RELEASE\plugins\org.eclipse.m2e.maven.runtime_3.9.500.20231113-2345\jars\aopalliance-1.0.jar
2024-06-12 18:06:01,770 [Worker-145: Launching Executing clean in C__Users_USER_Desktop_react project_library-app_02-backend_spring-boot-library] INFO  o.eclipse.m2e.core.internal.Bundles - 	Entry: C:\Users\USER\Downloads\sts-4.21.1.RELEASE\plugins\org.eclipse.m2e.maven.runtime_3.9.500.20231113-2345\jars\guice-5.1.0.jar
2024-06-12 18:06:01,770 [Worker-145: Launching Executing clean in C__Users_USER_Desktop_react project_library-app_02-backend_spring-boot-library] INFO  o.eclipse.m2e.core.internal.Bundles - 	Entry: C:\Users\USER\Downloads\sts-4.21.1.RELEASE\plugins\org.eclipse.m2e.maven.runtime_3.9.500.20231113-2345\jars\httpclient-4.5.14.jar
2024-06-12 18:06:01,770 [Worker-145: Launching Executing clean in C__Users_USER_Desktop_react project_library-app_02-backend_spring-boot-library] INFO  o.eclipse.m2e.core.internal.Bundles - 	Entry: C:\Users\USER\Downloads\sts-4.21.1.RELEASE\plugins\org.eclipse.m2e.maven.runtime_3.9.500.20231113-2345\jars\httpcore-4.4.16.jar
2024-06-12 18:06:01,770 [Worker-145: Launching Executing clean in C__Users_USER_Desktop_react project_library-app_02-backend_spring-boot-library] INFO  o.eclipse.m2e.core.internal.Bundles - 	Entry: C:\Users\USER\Downloads\sts-4.21.1.RELEASE\plugins\org.eclipse.m2e.maven.runtime_3.9.500.20231113-2345\jars\jansi-2.4.0.jar
2024-06-12 18:06:01,770 [Worker-145: Launching Executing clean in C__Users_USER_Desktop_react project_library-app_02-backend_spring-boot-library] INFO  o.eclipse.m2e.core.internal.Bundles - 	Entry: C:\Users\USER\Downloads\sts-4.21.1.RELEASE\plugins\org.eclipse.m2e.maven.runtime_3.9.500.20231113-2345\jars\jcl-over-slf4j-1.7.36.jar
2024-06-12 18:06:01,770 [Worker-145: Launching Executing clean in C__Users_USER_Desktop_react project_library-app_02-backend_spring-boot-library] INFO  o.eclipse.m2e.core.internal.Bundles - 	Entry: C:\Users\USER\Downloads\sts-4.21.1.RELEASE\plugins\org.eclipse.m2e.maven.runtime_3.9.500.20231113-2345\jars\maven-artifact-3.9.5.jar
2024-06-12 18:06:01,770 [Worker-145: Launching Executing clean in C__Users_USER_Desktop_react project_library-app_02-backend_spring-boot-library] INFO  o.eclipse.m2e.core.internal.Bundles - 	Entry: C:\Users\USER\Downloads\sts-4.21.1.RELEASE\plugins\org.eclipse.m2e.maven.runtime_3.9.500.20231113-2345\jars\maven-builder-support-3.9.5.jar
2024-06-12 18:06:01,770 [Worker-145: Launching Executing clean in C__Users_USER_Desktop_react project_library-app_02-backend_spring-boot-library] INFO  o.eclipse.m2e.core.internal.Bundles - 	Entry: C:\Users\USER\Downloads\sts-4.21.1.RELEASE\plugins\org.eclipse.m2e.maven.runtime_3.9.500.20231113-2345\jars\maven-compat-3.9.5.jar
2024-06-12 18:06:01,771 [Worker-145: Launching Executing clean in C__Users_USER_Desktop_react project_library-app_02-backend_spring-boot-library] INFO  o.eclipse.m2e.core.internal.Bundles - 	Entry: C:\Users\USER\Downloads\sts-4.21.1.RELEASE\plugins\org.eclipse.m2e.maven.runtime_3.9.500.20231113-2345\jars\maven-core-3.9.5.jar
2024-06-12 18:06:01,771 [Worker-145: Launching Executing clean in C__Users_USER_Desktop_react project_library-app_02-backend_spring-boot-library] INFO  o.eclipse.m2e.core.internal.Bundles - 	Entry: C:\Users\USER\Downloads\sts-4.21.1.RELEASE\plugins\org.eclipse.m2e.maven.runtime_3.9.500.20231113-2345\jars\maven-embedder-3.9.5.jar
2024-06-12 18:06:01,771 [Worker-145: Launching Executing clean in C__Users_USER_Desktop_react project_library-app_02-backend_spring-boot-library] INFO  o.eclipse.m2e.core.internal.Bundles - 	Entry: C:\Users\USER\Downloads\sts-4.21.1.RELEASE\plugins\org.eclipse.m2e.maven.runtime_3.9.500.20231113-2345\jars\maven-model-3.9.5.jar
2024-06-12 18:06:01,771 [Worker-145: Launching Executing clean in C__Users_USER_Desktop_react project_library-app_02-backend_spring-boot-library] INFO  o.eclipse.m2e.core.internal.Bundles - 	Entry: C:\Users\USER\Downloads\sts-4.21.1.RELEASE\plugins\org.eclipse.m2e.maven.runtime_3.9.500.20231113-2345\jars\maven-model-builder-3.9.5.jar
2024-06-12 18:06:01,771 [Worker-145: Launching Executing clean in C__Users_USER_Desktop_react project_library-app_02-backend_spring-boot-library] INFO  o.eclipse.m2e.core.internal.Bundles - 	Entry: C:\Users\USER\Downloads\sts-4.21.1.RELEASE\plugins\org.eclipse.m2e.maven.runtime_3.9.500.20231113-2345\jars\maven-plugin-api-3.9.5.jar
2024-06-12 18:06:01,771 [Worker-145: Launching Executing clean in C__Users_USER_Desktop_react project_library-app_02-backend_spring-boot-library] INFO  o.eclipse.m2e.core.internal.Bundles - 	Entry: C:\Users\USER\Downloads\sts-4.21.1.RELEASE\plugins\org.eclipse.m2e.maven.runtime_3.9.500.20231113-2345\jars\maven-repository-metadata-3.9.5.jar
2024-06-12 18:06:01,771 [Worker-145: Launching Executing clean in C__Users_USER_Desktop_react project_library-app_02-backend_spring-boot-library] INFO  o.eclipse.m2e.core.internal.Bundles - 	Entry: C:\Users\USER\Downloads\sts-4.21.1.RELEASE\plugins\org.eclipse.m2e.maven.runtime_3.9.500.20231113-2345\jars\maven-resolver-api-1.9.16.jar
2024-06-12 18:06:01,771 [Worker-145: Launching Executing clean in C__Users_USER_Desktop_react project_library-app_02-backend_spring-boot-library] INFO  o.eclipse.m2e.core.internal.Bundles - 	Entry: C:\Users\USER\Downloads\sts-4.21.1.RELEASE\plugins\org.eclipse.m2e.maven.runtime_3.9.500.20231113-2345\jars\maven-resolver-connector-basic-1.9.16.jar
2024-06-12 18:06:01,771 [Worker-145: Launching Executing clean in C__Users_USER_Desktop_react project_library-app_02-backend_spring-boot-library] INFO  o.eclipse.m2e.core.internal.Bundles - 	Entry: C:\Users\USER\Downloads\sts-4.21.1.RELEASE\plugins\org.eclipse.m2e.maven.runtime_3.9.500.20231113-2345\jars\maven-resolver-impl-1.9.16.jar
2024-06-12 18:06:01,771 [Worker-145: Launching Executing clean in C__Users_USER_Desktop_react project_library-app_02-backend_spring-boot-library] INFO  o.eclipse.m2e.core.internal.Bundles - 	Entry: C:\Users\USER\Downloads\sts-4.21.1.RELEASE\plugins\org.eclipse.m2e.maven.runtime_3.9.500.20231113-2345\jars\maven-resolver-named-locks-1.9.16.jar
2024-06-12 18:06:01,772 [Worker-145: Launching Executing clean in C__Users_USER_Desktop_react project_library-app_02-backend_spring-boot-library] INFO  o.eclipse.m2e.core.internal.Bundles - 	Entry: C:\Users\USER\Downloads\sts-4.21.1.RELEASE\plugins\org.eclipse.m2e.maven.runtime_3.9.500.20231113-2345\jars\maven-resolver-provider-3.9.5.jar
2024-06-12 18:06:01,772 [Worker-145: Launching Executing clean in C__Users_USER_Desktop_react project_library-app_02-backend_spring-boot-library] INFO  o.eclipse.m2e.core.internal.Bundles - 	Entry: C:\Users\USER\Downloads\sts-4.21.1.RELEASE\plugins\org.eclipse.m2e.maven.runtime_3.9.500.20231113-2345\jars\maven-resolver-spi-1.9.16.jar
2024-06-12 18:06:01,772 [Worker-145: Launching Executing clean in C__Users_USER_Desktop_react project_library-app_02-backend_spring-boot-library] INFO  o.eclipse.m2e.core.internal.Bundles - 	Entry: C:\Users\USER\Downloads\sts-4.21.1.RELEASE\plugins\org.eclipse.m2e.maven.runtime_3.9.500.20231113-2345\jars\maven-resolver-transport-file-1.9.16.jar
2024-06-12 18:06:01,772 [Worker-145: Launching Executing clean in C__Users_USER_Desktop_react project_library-app_02-backend_spring-boot-library] INFO  o.eclipse.m2e.core.internal.Bundles - 	Entry: C:\Users\USER\Downloads\sts-4.21.1.RELEASE\plugins\org.eclipse.m2e.maven.runtime_3.9.500.20231113-2345\jars\maven-resolver-transport-http-1.9.16.jar
2024-06-12 18:06:01,772 [Worker-145: Launching Executing clean in C__Users_USER_Desktop_react project_library-app_02-backend_spring-boot-library] INFO  o.eclipse.m2e.core.internal.Bundles - 	Entry: C:\Users\USER\Downloads\sts-4.21.1.RELEASE\plugins\org.eclipse.m2e.maven.runtime_3.9.500.20231113-2345\jars\maven-resolver-transport-wagon-1.9.16.jar
2024-06-12 18:06:01,772 [Worker-145: Launching Executing clean in C__Users_USER_Desktop_react project_library-app_02-backend_spring-boot-library] INFO  o.eclipse.m2e.core.internal.Bundles - 	Entry: C:\Users\USER\Downloads\sts-4.21.1.RELEASE\plugins\org.eclipse.m2e.maven.runtime_3.9.500.20231113-2345\jars\maven-resolver-util-1.9.16.jar
2024-06-12 18:06:01,772 [Worker-145: Launching Executing clean in C__Users_USER_Desktop_react project_library-app_02-backend_spring-boot-library] INFO  o.eclipse.m2e.core.internal.Bundles - 	Entry: C:\Users\USER\Downloads\sts-4.21.1.RELEASE\plugins\org.eclipse.m2e.maven.runtime_3.9.500.20231113-2345\jars\maven-settings-3.9.5.jar
2024-06-12 18:06:01,772 [Worker-145: Launching Executing clean in C__Users_USER_Desktop_react project_library-app_02-backend_spring-boot-library] INFO  o.eclipse.m2e.core.internal.Bundles - 	Entry: C:\Users\USER\Downloads\sts-4.21.1.RELEASE\plugins\org.eclipse.m2e.maven.runtime_3.9.500.20231113-2345\jars\maven-settings-builder-3.9.5.jar
2024-06-12 18:06:01,773 [Worker-145: Launching Executing clean in C__Users_USER_Desktop_react project_library-app_02-backend_spring-boot-library] INFO  o.eclipse.m2e.core.internal.Bundles - 	Entry: C:\Users\USER\Downloads\sts-4.21.1.RELEASE\plugins\org.eclipse.m2e.maven.runtime_3.9.500.20231113-2345\jars\maven-shared-utils-3.3.4.jar
2024-06-12 18:06:01,773 [Worker-145: Launching Executing clean in C__Users_USER_Desktop_react project_library-app_02-backend_spring-boot-library] INFO  o.eclipse.m2e.core.internal.Bundles - 	Entry: C:\Users\USER\Downloads\sts-4.21.1.RELEASE\plugins\org.eclipse.m2e.maven.runtime_3.9.500.20231113-2345\jars\org.eclipse.sisu.inject-0.3.5.jar
2024-06-12 18:06:01,773 [Worker-145: Launching Executing clean in C__Users_USER_Desktop_react project_library-app_02-backend_spring-boot-library] INFO  o.eclipse.m2e.core.internal.Bundles - 	Entry: C:\Users\USER\Downloads\sts-4.21.1.RELEASE\plugins\org.eclipse.m2e.maven.runtime_3.9.500.20231113-2345\jars\org.eclipse.sisu.plexus-0.3.5.jar
2024-06-12 18:06:01,773 [Worker-145: Launching Executing clean in C__Users_USER_Desktop_react project_library-app_02-backend_spring-boot-library] INFO  o.eclipse.m2e.core.internal.Bundles - 	Entry: C:\Users\USER\Downloads\sts-4.21.1.RELEASE\plugins\org.eclipse.m2e.maven.runtime_3.9.500.20231113-2345\jars\plexus-build-api-0.0.7.jar
2024-06-12 18:06:01,773 [Worker-145: Launching Executing clean in C__Users_USER_Desktop_react project_library-app_02-backend_spring-boot-library] INFO  o.eclipse.m2e.core.internal.Bundles - 	Entry: C:\Users\USER\Downloads\sts-4.21.1.RELEASE\plugins\org.eclipse.m2e.maven.runtime_3.9.500.20231113-2345\jars\plexus-cipher-2.0.jar
2024-06-12 18:06:01,773 [Worker-145: Launching Executing clean in C__Users_USER_Desktop_react project_library-app_02-backend_spring-boot-library] INFO  o.eclipse.m2e.core.internal.Bundles - 	Entry: C:\Users\USER\Downloads\sts-4.21.1.RELEASE\plugins\org.eclipse.m2e.maven.runtime_3.9.500.20231113-2345\jars\plexus-classworlds-2.7.0.jar
2024-06-12 18:06:01,773 [Worker-145: Launching Executing clean in C__Users_USER_Desktop_react project_library-app_02-backend_spring-boot-library] INFO  o.eclipse.m2e.core.internal.Bundles - 	Entry: C:\Users\USER\Downloads\sts-4.21.1.RELEASE\plugins\org.eclipse.m2e.maven.runtime_3.9.500.20231113-2345\jars\plexus-component-annotations-2.1.0.jar
2024-06-12 18:06:01,774 [Worker-145: Launching Executing clean in C__Users_USER_Desktop_react project_library-app_02-backend_spring-boot-library] INFO  o.eclipse.m2e.core.internal.Bundles - 	Entry: C:\Users\USER\Downloads\sts-4.21.1.RELEASE\plugins\org.eclipse.m2e.maven.runtime_3.9.500.20231113-2345\jars\plexus-interpolation-1.26.jar
2024-06-12 18:06:01,774 [Worker-145: Launching Executing clean in C__Users_USER_Desktop_react project_library-app_02-backend_spring-boot-library] INFO  o.eclipse.m2e.core.internal.Bundles - 	Entry: C:\Users\USER\Downloads\sts-4.21.1.RELEASE\plugins\org.eclipse.m2e.maven.runtime_3.9.500.20231113-2345\jars\plexus-sec-dispatcher-2.0.jar
2024-06-12 18:06:01,774 [Worker-145: Launching Executing clean in C__Users_USER_Desktop_react project_library-app_02-backend_spring-boot-library] INFO  o.eclipse.m2e.core.internal.Bundles - 	Entry: C:\Users\USER\Downloads\sts-4.21.1.RELEASE\plugins\org.eclipse.m2e.maven.runtime_3.9.500.20231113-2345\jars\plexus-utils-3.5.1.jar
2024-06-12 18:06:01,774 [Worker-145: Launching Executing clean in C__Users_USER_Desktop_react project_library-app_02-backend_spring-boot-library] INFO  o.eclipse.m2e.core.internal.Bundles - 	Entry: C:\Users\USER\Downloads\sts-4.21.1.RELEASE\plugins\org.eclipse.m2e.maven.runtime_3.9.500.20231113-2345\jars\wagon-file-3.5.3.jar
2024-06-12 18:06:01,774 [Worker-145: Launching Executing clean in C__Users_USER_Desktop_react project_library-app_02-backend_spring-boot-library] INFO  o.eclipse.m2e.core.internal.Bundles - 	Entry: C:\Users\USER\Downloads\sts-4.21.1.RELEASE\plugins\org.eclipse.m2e.maven.runtime_3.9.500.20231113-2345\jars\wagon-http-3.5.3.jar
2024-06-12 18:06:01,774 [Worker-145: Launching Executing clean in C__Users_USER_Desktop_react project_library-app_02-backend_spring-boot-library] INFO  o.eclipse.m2e.core.internal.Bundles - 	Entry: C:\Users\USER\Downloads\sts-4.21.1.RELEASE\plugins\org.eclipse.m2e.maven.runtime_3.9.500.20231113-2345\jars\wagon-http-shared-3.5.3.jar
2024-06-12 18:06:01,774 [Worker-145: Launching Executing clean in C__Users_USER_Desktop_react project_library-app_02-backend_spring-boot-library] INFO  o.eclipse.m2e.core.internal.Bundles - 	Entry: C:\Users\USER\Downloads\sts-4.21.1.RELEASE\plugins\org.eclipse.m2e.maven.runtime_3.9.500.20231113-2345\jars\wagon-provider-api-3.5.3.jar
2024-06-12 18:06:01,775 [Worker-145: Launching Executing clean in C__Users_USER_Desktop_react project_library-app_02-backend_spring-boot-library] INFO  o.eclipse.m2e.core.internal.Bundles - getClasspathEntries(Bundle=com.google.guava_33.0.0.jre [25])
2024-06-12 18:06:01,775 [Worker-145: Launching Executing clean in C__Users_USER_Desktop_react project_library-app_02-backend_spring-boot-library] INFO  o.eclipse.m2e.core.internal.Bundles - 	Entry: C:\Users\USER\Downloads\sts-4.21.1.RELEASE\plugins\com.google.guava_33.0.0.jre.jar
2024-06-12 18:06:01,775 [Worker-145: Launching Executing clean in C__Users_USER_Desktop_react project_library-app_02-backend_spring-boot-library] INFO  o.eclipse.m2e.core.internal.Bundles - getClasspathEntries(Bundle=slf4j.api_2.0.9 [573])
2024-06-12 18:06:01,775 [Worker-145: Launching Executing clean in C__Users_USER_Desktop_react project_library-app_02-backend_spring-boot-library] INFO  o.eclipse.m2e.core.internal.Bundles - 	Entry: C:\Users\USER\Downloads\sts-4.21.1.RELEASE\plugins\slf4j.api_2.0.9.jar
2024-06-12 18:06:01,775 [Worker-145: Launching Executing clean in C__Users_USER_Desktop_react project_library-app_02-backend_spring-boot-library] INFO  o.eclipse.m2e.core.internal.Bundles - getClasspathEntries(Bundle=jakarta.inject.jakarta.inject-api_1.0.5 [41])
2024-06-12 18:06:01,776 [Worker-145: Launching Executing clean in C__Users_USER_Desktop_react project_library-app_02-backend_spring-boot-library] INFO  o.eclipse.m2e.core.internal.Bundles - 	Entry: C:\Users\USER\Downloads\sts-4.21.1.RELEASE\plugins\jakarta.inject.jakarta.inject-api_1.0.5.jar
2024-06-12 18:06:01,776 [Worker-145: Launching Executing clean in C__Users_USER_Desktop_react project_library-app_02-backend_spring-boot-library] INFO  o.eclipse.m2e.core.internal.Bundles - getClasspathEntries(Bundle=jakarta.annotation-api_1.3.5 [37])
2024-06-12 18:06:01,776 [Worker-145: Launching Executing clean in C__Users_USER_Desktop_react project_library-app_02-backend_spring-boot-library] INFO  o.eclipse.m2e.core.internal.Bundles - 	Entry: C:\Users\USER\Downloads\sts-4.21.1.RELEASE\plugins\jakarta.annotation-api_1.3.5.jar
2024-06-12 18:06:01,776 [Worker-145: Launching Executing clean in C__Users_USER_Desktop_react project_library-app_02-backend_spring-boot-library] INFO  o.eclipse.m2e.core.internal.Bundles - getClasspathEntries(Bundle=org.apache.commons.cli_1.6.0 [71])
2024-06-12 18:06:01,776 [Worker-145: Launching Executing clean in C__Users_USER_Desktop_react project_library-app_02-backend_spring-boot-library] INFO  o.eclipse.m2e.core.internal.Bundles - 	Entry: C:\Users\USER\Downloads\sts-4.21.1.RELEASE\plugins\org.apache.commons.cli_1.6.0.jar
2024-06-12 18:06:01,777 [Worker-145: Launching Executing clean in C__Users_USER_Desktop_react project_library-app_02-backend_spring-boot-library] INFO  o.eclipse.m2e.core.internal.Bundles - getClasspathEntries(Bundle=org.apache.commons.commons-codec_1.16.0 [73])
2024-06-12 18:06:01,777 [Worker-145: Launching Executing clean in C__Users_USER_Desktop_react project_library-app_02-backend_spring-boot-library] INFO  o.eclipse.m2e.core.internal.Bundles - 	Entry: C:\Users\USER\Downloads\sts-4.21.1.RELEASE\plugins\org.apache.commons.commons-codec_1.16.0.jar
2024-06-12 18:06:01,777 [Worker-145: Launching Executing clean in C__Users_USER_Desktop_react project_library-app_02-backend_spring-boot-library] INFO  o.eclipse.m2e.core.internal.Bundles - getClasspathEntries(Bundle=org.apache.commons.lang3_3.13.0 [77])
2024-06-12 18:06:01,778 [Worker-145: Launching Executing clean in C__Users_USER_Desktop_react project_library-app_02-backend_spring-boot-library] INFO  o.eclipse.m2e.core.internal.Bundles - 	Entry: C:\Users\USER\Downloads\sts-4.21.1.RELEASE\plugins\org.apache.commons.lang3_3.13.0.jar
2024-06-12 18:06:01,778 [Worker-145: Launching Executing clean in C__Users_USER_Desktop_react project_library-app_02-backend_spring-boot-library] INFO  o.eclipse.m2e.core.internal.Bundles - getClasspathEntries(Bundle=com.google.guava.failureaccess_1.0.2 [27])
2024-06-12 18:06:01,778 [Worker-145: Launching Executing clean in C__Users_USER_Desktop_react project_library-app_02-backend_spring-boot-library] INFO  o.eclipse.m2e.core.internal.Bundles - 	Entry: C:\Users\USER\Downloads\sts-4.21.1.RELEASE\plugins\com.google.guava.failureaccess_1.0.2.jar
2024-06-12 18:06:01,780 [Worker-145: Launching Executing clean in C__Users_USER_Desktop_react project_library-app_02-backend_spring-boot-library] INFO  o.e.m.i.launch.MavenLaunchDelegate - Run build in "C:\Users\USER\Desktop\react project\library-app\02-backend\spring-boot-library":
2024-06-12 18:06:01,780 [Worker-145: Launching Executing clean in C__Users_USER_Desktop_react project_library-app_02-backend_spring-boot-library] INFO  o.e.m.i.launch.MavenLaunchDelegate -  mvn  -Ppom.xml -B -Dstyle.color=always clean
2024-06-12 18:06:34,314 [Worker-147: Launching Executing install in C__Users_USER_Desktop_react project_library-app_02-backend_spring-boot-library] INFO  o.eclipse.m2e.core.internal.Bundles - getClasspathEntries(Bundle=org.eclipse.m2e.maven.runtime_3.9.500.20231113-2345 [346])
2024-06-12 18:06:34,315 [Worker-147: Launching Executing install in C__Users_USER_Desktop_react project_library-app_02-backend_spring-boot-library] INFO  o.eclipse.m2e.core.internal.Bundles - 	Entry: C:\Users\USER\Downloads\sts-4.21.1.RELEASE\plugins\org.eclipse.m2e.maven.runtime_3.9.500.20231113-2345
2024-06-12 18:06:34,315 [Worker-147: Launching Executing install in C__Users_USER_Desktop_react project_library-app_02-backend_spring-boot-library] INFO  o.eclipse.m2e.core.internal.Bundles - 	Entry: C:\Users\USER\Downloads\sts-4.21.1.RELEASE\plugins\org.eclipse.m2e.maven.runtime_3.9.500.20231113-2345\jars\aopalliance-1.0.jar
2024-06-12 18:06:34,315 [Worker-147: Launching Executing install in C__Users_USER_Desktop_react project_library-app_02-backend_spring-boot-library] INFO  o.eclipse.m2e.core.internal.Bundles - 	Entry: C:\Users\USER\Downloads\sts-4.21.1.RELEASE\plugins\org.eclipse.m2e.maven.runtime_3.9.500.20231113-2345\jars\guice-5.1.0.jar
2024-06-12 18:06:34,315 [Worker-147: Launching Executing install in C__Users_USER_Desktop_react project_library-app_02-backend_spring-boot-library] INFO  o.eclipse.m2e.core.internal.Bundles - 	Entry: C:\Users\USER\Downloads\sts-4.21.1.RELEASE\plugins\org.eclipse.m2e.maven.runtime_3.9.500.20231113-2345\jars\httpclient-4.5.14.jar
2024-06-12 18:06:34,315 [Worker-147: Launching Executing install in C__Users_USER_Desktop_react project_library-app_02-backend_spring-boot-library] INFO  o.eclipse.m2e.core.internal.Bundles - 	Entry: C:\Users\USER\Downloads\sts-4.21.1.RELEASE\plugins\org.eclipse.m2e.maven.runtime_3.9.500.20231113-2345\jars\httpcore-4.4.16.jar
2024-06-12 18:06:34,315 [Worker-147: Launching Executing install in C__Users_USER_Desktop_react project_library-app_02-backend_spring-boot-library] INFO  o.eclipse.m2e.core.internal.Bundles - 	Entry: C:\Users\USER\Downloads\sts-4.21.1.RELEASE\plugins\org.eclipse.m2e.maven.runtime_3.9.500.20231113-2345\jars\jansi-2.4.0.jar
2024-06-12 18:06:34,315 [Worker-147: Launching Executing install in C__Users_USER_Desktop_react project_library-app_02-backend_spring-boot-library] INFO  o.eclipse.m2e.core.internal.Bundles - 	Entry: C:\Users\USER\Downloads\sts-4.21.1.RELEASE\plugins\org.eclipse.m2e.maven.runtime_3.9.500.20231113-2345\jars\jcl-over-slf4j-1.7.36.jar
2024-06-12 18:06:34,316 [Worker-147: Launching Executing install in C__Users_USER_Desktop_react project_library-app_02-backend_spring-boot-library] INFO  o.eclipse.m2e.core.internal.Bundles - 	Entry: C:\Users\USER\Downloads\sts-4.21.1.RELEASE\plugins\org.eclipse.m2e.maven.runtime_3.9.500.20231113-2345\jars\maven-artifact-3.9.5.jar
2024-06-12 18:06:34,316 [Worker-147: Launching Executing install in C__Users_USER_Desktop_react project_library-app_02-backend_spring-boot-library] INFO  o.eclipse.m2e.core.internal.Bundles - 	Entry: C:\Users\USER\Downloads\sts-4.21.1.RELEASE\plugins\org.eclipse.m2e.maven.runtime_3.9.500.20231113-2345\jars\maven-builder-support-3.9.5.jar
2024-06-12 18:06:34,316 [Worker-147: Launching Executing install in C__Users_USER_Desktop_react project_library-app_02-backend_spring-boot-library] INFO  o.eclipse.m2e.core.internal.Bundles - 	Entry: C:\Users\USER\Downloads\sts-4.21.1.RELEASE\plugins\org.eclipse.m2e.maven.runtime_3.9.500.20231113-2345\jars\maven-compat-3.9.5.jar
2024-06-12 18:06:34,316 [Worker-147: Launching Executing install in C__Users_USER_Desktop_react project_library-app_02-backend_spring-boot-library] INFO  o.eclipse.m2e.core.internal.Bundles - 	Entry: C:\Users\USER\Downloads\sts-4.21.1.RELEASE\plugins\org.eclipse.m2e.maven.runtime_3.9.500.20231113-2345\jars\maven-core-3.9.5.jar
2024-06-12 18:06:34,316 [Worker-147: Launching Executing install in C__Users_USER_Desktop_react project_library-app_02-backend_spring-boot-library] INFO  o.eclipse.m2e.core.internal.Bundles - 	Entry: C:\Users\USER\Downloads\sts-4.21.1.RELEASE\plugins\org.eclipse.m2e.maven.runtime_3.9.500.20231113-2345\jars\maven-embedder-3.9.5.jar
2024-06-12 18:06:34,316 [Worker-147: Launching Executing install in C__Users_USER_Desktop_react project_library-app_02-backend_spring-boot-library] INFO  o.eclipse.m2e.core.internal.Bundles - 	Entry: C:\Users\USER\Downloads\sts-4.21.1.RELEASE\plugins\org.eclipse.m2e.maven.runtime_3.9.500.20231113-2345\jars\maven-model-3.9.5.jar
2024-06-12 18:06:34,316 [Worker-147: Launching Executing install in C__Users_USER_Desktop_react project_library-app_02-backend_spring-boot-library] INFO  o.eclipse.m2e.core.internal.Bundles - 	Entry: C:\Users\USER\Downloads\sts-4.21.1.RELEASE\plugins\org.eclipse.m2e.maven.runtime_3.9.500.20231113-2345\jars\maven-model-builder-3.9.5.jar
2024-06-12 18:06:34,317 [Worker-147: Launching Executing install in C__Users_USER_Desktop_react project_library-app_02-backend_spring-boot-library] INFO  o.eclipse.m2e.core.internal.Bundles - 	Entry: C:\Users\USER\Downloads\sts-4.21.1.RELEASE\plugins\org.eclipse.m2e.maven.runtime_3.9.500.20231113-2345\jars\maven-plugin-api-3.9.5.jar
2024-06-12 18:06:34,317 [Worker-147: Launching Executing install in C__Users_USER_Desktop_react project_library-app_02-backend_spring-boot-library] INFO  o.eclipse.m2e.core.internal.Bundles - 	Entry: C:\Users\USER\Downloads\sts-4.21.1.RELEASE\plugins\org.eclipse.m2e.maven.runtime_3.9.500.20231113-2345\jars\maven-repository-metadata-3.9.5.jar
2024-06-12 18:06:34,317 [Worker-147: Launching Executing install in C__Users_USER_Desktop_react project_library-app_02-backend_spring-boot-library] INFO  o.eclipse.m2e.core.internal.Bundles - 	Entry: C:\Users\USER\Downloads\sts-4.21.1.RELEASE\plugins\org.eclipse.m2e.maven.runtime_3.9.500.20231113-2345\jars\maven-resolver-api-1.9.16.jar
2024-06-12 18:06:34,318 [Worker-147: Launching Executing install in C__Users_USER_Desktop_react project_library-app_02-backend_spring-boot-library] INFO  o.eclipse.m2e.core.internal.Bundles - 	Entry: C:\Users\USER\Downloads\sts-4.21.1.RELEASE\plugins\org.eclipse.m2e.maven.runtime_3.9.500.20231113-2345\jars\maven-resolver-connector-basic-1.9.16.jar
2024-06-12 18:06:34,318 [Worker-147: Launching Executing install in C__Users_USER_Desktop_react project_library-app_02-backend_spring-boot-library] INFO  o.eclipse.m2e.core.internal.Bundles - 	Entry: C:\Users\USER\Downloads\sts-4.21.1.RELEASE\plugins\org.eclipse.m2e.maven.runtime_3.9.500.20231113-2345\jars\maven-resolver-impl-1.9.16.jar
2024-06-12 18:06:34,318 [Worker-147: Launching Executing install in C__Users_USER_Desktop_react project_library-app_02-backend_spring-boot-library] INFO  o.eclipse.m2e.core.internal.Bundles - 	Entry: C:\Users\USER\Downloads\sts-4.21.1.RELEASE\plugins\org.eclipse.m2e.maven.runtime_3.9.500.20231113-2345\jars\maven-resolver-named-locks-1.9.16.jar
2024-06-12 18:06:34,318 [Worker-147: Launching Executing install in C__Users_USER_Desktop_react project_library-app_02-backend_spring-boot-library] INFO  o.eclipse.m2e.core.internal.Bundles - 	Entry: C:\Users\USER\Downloads\sts-4.21.1.RELEASE\plugins\org.eclipse.m2e.maven.runtime_3.9.500.20231113-2345\jars\maven-resolver-provider-3.9.5.jar
2024-06-12 18:06:34,318 [Worker-147: Launching Executing install in C__Users_USER_Desktop_react project_library-app_02-backend_spring-boot-library] INFO  o.eclipse.m2e.core.internal.Bundles - 	Entry: C:\Users\USER\Downloads\sts-4.21.1.RELEASE\plugins\org.eclipse.m2e.maven.runtime_3.9.500.20231113-2345\jars\maven-resolver-spi-1.9.16.jar
2024-06-12 18:06:34,318 [Worker-147: Launching Executing install in C__Users_USER_Desktop_react project_library-app_02-backend_spring-boot-library] INFO  o.eclipse.m2e.core.internal.Bundles - 	Entry: C:\Users\USER\Downloads\sts-4.21.1.RELEASE\plugins\org.eclipse.m2e.maven.runtime_3.9.500.20231113-2345\jars\maven-resolver-transport-file-1.9.16.jar
2024-06-12 18:06:34,318 [Worker-147: Launching Executing install in C__Users_USER_Desktop_react project_library-app_02-backend_spring-boot-library] INFO  o.eclipse.m2e.core.internal.Bundles - 	Entry: C:\Users\USER\Downloads\sts-4.21.1.RELEASE\plugins\org.eclipse.m2e.maven.runtime_3.9.500.20231113-2345\jars\maven-resolver-transport-http-1.9.16.jar
2024-06-12 18:06:34,319 [Worker-147: Launching Executing install in C__Users_USER_Desktop_react project_library-app_02-backend_spring-boot-library] INFO  o.eclipse.m2e.core.internal.Bundles - 	Entry: C:\Users\USER\Downloads\sts-4.21.1.RELEASE\plugins\org.eclipse.m2e.maven.runtime_3.9.500.20231113-2345\jars\maven-resolver-transport-wagon-1.9.16.jar
2024-06-12 18:06:34,319 [Worker-147: Launching Executing install in C__Users_USER_Desktop_react project_library-app_02-backend_spring-boot-library] INFO  o.eclipse.m2e.core.internal.Bundles - 	Entry: C:\Users\USER\Downloads\sts-4.21.1.RELEASE\plugins\org.eclipse.m2e.maven.runtime_3.9.500.20231113-2345\jars\maven-resolver-util-1.9.16.jar
2024-06-12 18:06:34,319 [Worker-147: Launching Executing install in C__Users_USER_Desktop_react project_library-app_02-backend_spring-boot-library] INFO  o.eclipse.m2e.core.internal.Bundles - 	Entry: C:\Users\USER\Downloads\sts-4.21.1.RELEASE\plugins\org.eclipse.m2e.maven.runtime_3.9.500.20231113-2345\jars\maven-settings-3.9.5.jar
2024-06-12 18:06:34,319 [Worker-147: Launching Executing install in C__Users_USER_Desktop_react project_library-app_02-backend_spring-boot-library] INFO  o.eclipse.m2e.core.internal.Bundles - 	Entry: C:\Users\USER\Downloads\sts-4.21.1.RELEASE\plugins\org.eclipse.m2e.maven.runtime_3.9.500.20231113-2345\jars\maven-settings-builder-3.9.5.jar
2024-06-12 18:06:34,319 [Worker-147: Launching Executing install in C__Users_USER_Desktop_react project_library-app_02-backend_spring-boot-library] INFO  o.eclipse.m2e.core.internal.Bundles - 	Entry: C:\Users\USER\Downloads\sts-4.21.1.RELEASE\plugins\org.eclipse.m2e.maven.runtime_3.9.500.20231113-2345\jars\maven-shared-utils-3.3.4.jar
2024-06-12 18:06:34,319 [Worker-147: Launching Executing install in C__Users_USER_Desktop_react project_library-app_02-backend_spring-boot-library] INFO  o.eclipse.m2e.core.internal.Bundles - 	Entry: C:\Users\USER\Downloads\sts-4.21.1.RELEASE\plugins\org.eclipse.m2e.maven.runtime_3.9.500.20231113-2345\jars\org.eclipse.sisu.inject-0.3.5.jar
2024-06-12 18:06:34,319 [Worker-147: Launching Executing install in C__Users_USER_Desktop_react project_library-app_02-backend_spring-boot-library] INFO  o.eclipse.m2e.core.internal.Bundles - 	Entry: C:\Users\USER\Downloads\sts-4.21.1.RELEASE\plugins\org.eclipse.m2e.maven.runtime_3.9.500.20231113-2345\jars\org.eclipse.sisu.plexus-0.3.5.jar
2024-06-12 18:06:34,320 [Worker-147: Launching Executing install in C__Users_USER_Desktop_react project_library-app_02-backend_spring-boot-library] INFO  o.eclipse.m2e.core.internal.Bundles - 	Entry: C:\Users\USER\Downloads\sts-4.21.1.RELEASE\plugins\org.eclipse.m2e.maven.runtime_3.9.500.20231113-2345\jars\plexus-build-api-0.0.7.jar
2024-06-12 18:06:34,320 [Worker-147: Launching Executing install in C__Users_USER_Desktop_react project_library-app_02-backend_spring-boot-library] INFO  o.eclipse.m2e.core.internal.Bundles - 	Entry: C:\Users\USER\Downloads\sts-4.21.1.RELEASE\plugins\org.eclipse.m2e.maven.runtime_3.9.500.20231113-2345\jars\plexus-cipher-2.0.jar
2024-06-12 18:06:34,320 [Worker-147: Launching Executing install in C__Users_USER_Desktop_react project_library-app_02-backend_spring-boot-library] INFO  o.eclipse.m2e.core.internal.Bundles - 	Entry: C:\Users\USER\Downloads\sts-4.21.1.RELEASE\plugins\org.eclipse.m2e.maven.runtime_3.9.500.20231113-2345\jars\plexus-classworlds-2.7.0.jar
2024-06-12 18:06:34,320 [Worker-147: Launching Executing install in C__Users_USER_Desktop_react project_library-app_02-backend_spring-boot-library] INFO  o.eclipse.m2e.core.internal.Bundles - 	Entry: C:\Users\USER\Downloads\sts-4.21.1.RELEASE\plugins\org.eclipse.m2e.maven.runtime_3.9.500.20231113-2345\jars\plexus-component-annotations-2.1.0.jar
2024-06-12 18:06:34,320 [Worker-147: Launching Executing install in C__Users_USER_Desktop_react project_library-app_02-backend_spring-boot-library] INFO  o.eclipse.m2e.core.internal.Bundles - 	Entry: C:\Users\USER\Downloads\sts-4.21.1.RELEASE\plugins\org.eclipse.m2e.maven.runtime_3.9.500.20231113-2345\jars\plexus-interpolation-1.26.jar
2024-06-12 18:06:34,320 [Worker-147: Launching Executing install in C__Users_USER_Desktop_react project_library-app_02-backend_spring-boot-library] INFO  o.eclipse.m2e.core.internal.Bundles - 	Entry: C:\Users\USER\Downloads\sts-4.21.1.RELEASE\plugins\org.eclipse.m2e.maven.runtime_3.9.500.20231113-2345\jars\plexus-sec-dispatcher-2.0.jar
2024-06-12 18:06:34,320 [Worker-147: Launching Executing install in C__Users_USER_Desktop_react project_library-app_02-backend_spring-boot-library] INFO  o.eclipse.m2e.core.internal.Bundles - 	Entry: C:\Users\USER\Downloads\sts-4.21.1.RELEASE\plugins\org.eclipse.m2e.maven.runtime_3.9.500.20231113-2345\jars\plexus-utils-3.5.1.jar
2024-06-12 18:06:34,321 [Worker-147: Launching Executing install in C__Users_USER_Desktop_react project_library-app_02-backend_spring-boot-library] INFO  o.eclipse.m2e.core.internal.Bundles - 	Entry: C:\Users\USER\Downloads\sts-4.21.1.RELEASE\plugins\org.eclipse.m2e.maven.runtime_3.9.500.20231113-2345\jars\wagon-file-3.5.3.jar
2024-06-12 18:06:34,321 [Worker-147: Launching Executing install in C__Users_USER_Desktop_react project_library-app_02-backend_spring-boot-library] INFO  o.eclipse.m2e.core.internal.Bundles - 	Entry: C:\Users\USER\Downloads\sts-4.21.1.RELEASE\plugins\org.eclipse.m2e.maven.runtime_3.9.500.20231113-2345\jars\wagon-http-3.5.3.jar
2024-06-12 18:06:34,321 [Worker-147: Launching Executing install in C__Users_USER_Desktop_react project_library-app_02-backend_spring-boot-library] INFO  o.eclipse.m2e.core.internal.Bundles - 	Entry: C:\Users\USER\Downloads\sts-4.21.1.RELEASE\plugins\org.eclipse.m2e.maven.runtime_3.9.500.20231113-2345\jars\wagon-http-shared-3.5.3.jar
2024-06-12 18:06:34,321 [Worker-147: Launching Executing install in C__Users_USER_Desktop_react project_library-app_02-backend_spring-boot-library] INFO  o.eclipse.m2e.core.internal.Bundles - 	Entry: C:\Users\USER\Downloads\sts-4.21.1.RELEASE\plugins\org.eclipse.m2e.maven.runtime_3.9.500.20231113-2345\jars\wagon-provider-api-3.5.3.jar
2024-06-12 18:06:34,321 [Worker-147: Launching Executing install in C__Users_USER_Desktop_react project_library-app_02-backend_spring-boot-library] INFO  o.eclipse.m2e.core.internal.Bundles - getClasspathEntries(Bundle=com.google.guava_33.0.0.jre [25])
2024-06-12 18:06:34,321 [Worker-147: Launching Executing install in C__Users_USER_Desktop_react project_library-app_02-backend_spring-boot-library] INFO  o.eclipse.m2e.core.internal.Bundles - 	Entry: C:\Users\USER\Downloads\sts-4.21.1.RELEASE\plugins\com.google.guava_33.0.0.jre.jar
2024-06-12 18:06:34,321 [Worker-147: Launching Executing install in C__Users_USER_Desktop_react project_library-app_02-backend_spring-boot-library] INFO  o.eclipse.m2e.core.internal.Bundles - getClasspathEntries(Bundle=slf4j.api_2.0.9 [573])
2024-06-12 18:06:34,323 [Worker-147: Launching Executing install in C__Users_USER_Desktop_react project_library-app_02-backend_spring-boot-library] INFO  o.eclipse.m2e.core.internal.Bundles - 	Entry: C:\Users\USER\Downloads\sts-4.21.1.RELEASE\plugins\slf4j.api_2.0.9.jar
2024-06-12 18:06:34,323 [Worker-147: Launching Executing install in C__Users_USER_Desktop_react project_library-app_02-backend_spring-boot-library] INFO  o.eclipse.m2e.core.internal.Bundles - getClasspathEntries(Bundle=jakarta.inject.jakarta.inject-api_1.0.5 [41])
2024-06-12 18:06:34,323 [Worker-147: Launching Executing install in C__Users_USER_Desktop_react project_library-app_02-backend_spring-boot-library] INFO  o.eclipse.m2e.core.internal.Bundles - 	Entry: C:\Users\USER\Downloads\sts-4.21.1.RELEASE\plugins\jakarta.inject.jakarta.inject-api_1.0.5.jar
2024-06-12 18:06:34,323 [Worker-147: Launching Executing install in C__Users_USER_Desktop_react project_library-app_02-backend_spring-boot-library] INFO  o.eclipse.m2e.core.internal.Bundles - getClasspathEntries(Bundle=jakarta.annotation-api_1.3.5 [37])
2024-06-12 18:06:34,323 [Worker-147: Launching Executing install in C__Users_USER_Desktop_react project_library-app_02-backend_spring-boot-library] INFO  o.eclipse.m2e.core.internal.Bundles - 	Entry: C:\Users\USER\Downloads\sts-4.21.1.RELEASE\plugins\jakarta.annotation-api_1.3.5.jar
2024-06-12 18:06:34,323 [Worker-147: Launching Executing install in C__Users_USER_Desktop_react project_library-app_02-backend_spring-boot-library] INFO  o.eclipse.m2e.core.internal.Bundles - getClasspathEntries(Bundle=org.apache.commons.cli_1.6.0 [71])
2024-06-12 18:06:34,324 [Worker-147: Launching Executing install in C__Users_USER_Desktop_react project_library-app_02-backend_spring-boot-library] INFO  o.eclipse.m2e.core.internal.Bundles - 	Entry: C:\Users\USER\Downloads\sts-4.21.1.RELEASE\plugins\org.apache.commons.cli_1.6.0.jar
2024-06-12 18:06:34,324 [Worker-147: Launching Executing install in C__Users_USER_Desktop_react project_library-app_02-backend_spring-boot-library] INFO  o.eclipse.m2e.core.internal.Bundles - getClasspathEntries(Bundle=org.apache.commons.commons-codec_1.16.0 [73])
2024-06-12 18:06:34,324 [Worker-147: Launching Executing install in C__Users_USER_Desktop_react project_library-app_02-backend_spring-boot-library] INFO  o.eclipse.m2e.core.internal.Bundles - 	Entry: C:\Users\USER\Downloads\sts-4.21.1.RELEASE\plugins\org.apache.commons.commons-codec_1.16.0.jar
2024-06-12 18:06:34,324 [Worker-147: Launching Executing install in C__Users_USER_Desktop_react project_library-app_02-backend_spring-boot-library] INFO  o.eclipse.m2e.core.internal.Bundles - getClasspathEntries(Bundle=org.apache.commons.lang3_3.13.0 [77])
2024-06-12 18:06:34,324 [Worker-147: Launching Executing install in C__Users_USER_Desktop_react project_library-app_02-backend_spring-boot-library] INFO  o.eclipse.m2e.core.internal.Bundles - 	Entry: C:\Users\USER\Downloads\sts-4.21.1.RELEASE\plugins\org.apache.commons.lang3_3.13.0.jar
2024-06-12 18:06:34,324 [Worker-147: Launching Executing install in C__Users_USER_Desktop_react project_library-app_02-backend_spring-boot-library] INFO  o.eclipse.m2e.core.internal.Bundles - getClasspathEntries(Bundle=com.google.guava.failureaccess_1.0.2 [27])
2024-06-12 18:06:34,324 [Worker-147: Launching Executing install in C__Users_USER_Desktop_react project_library-app_02-backend_spring-boot-library] INFO  o.eclipse.m2e.core.internal.Bundles - 	Entry: C:\Users\USER\Downloads\sts-4.21.1.RELEASE\plugins\com.google.guava.failureaccess_1.0.2.jar
2024-06-12 18:06:34,326 [Worker-147: Launching Executing install in C__Users_USER_Desktop_react project_library-app_02-backend_spring-boot-library] INFO  o.e.m.i.launch.MavenLaunchDelegate - Run build in "C:\Users\USER\Desktop\react project\library-app\02-backend\spring-boot-library":
2024-06-12 18:06:34,326 [Worker-147: Launching Executing install in C__Users_USER_Desktop_react project_library-app_02-backend_spring-boot-library] INFO  o.e.m.i.launch.MavenLaunchDelegate -  mvn  -Ppom.xml -B -Dstyle.color=always install
2024-06-12 18:10:18,896 [Worker-145: Launching Executing clean in C__Users_USER_Desktop_react project_library-app_02-backend_spring-boot-library] INFO  o.eclipse.m2e.core.internal.Bundles - getClasspathEntries(Bundle=org.eclipse.m2e.maven.runtime_3.9.500.20231113-2345 [346])
2024-06-12 18:10:18,898 [Worker-145: Launching Executing clean in C__Users_USER_Desktop_react project_library-app_02-backend_spring-boot-library] INFO  o.eclipse.m2e.core.internal.Bundles - 	Entry: C:\Users\USER\Downloads\sts-4.21.1.RELEASE\plugins\org.eclipse.m2e.maven.runtime_3.9.500.20231113-2345
2024-06-12 18:10:18,899 [Worker-145: Launching Executing clean in C__Users_USER_Desktop_react project_library-app_02-backend_spring-boot-library] INFO  o.eclipse.m2e.core.internal.Bundles - 	Entry: C:\Users\USER\Downloads\sts-4.21.1.RELEASE\plugins\org.eclipse.m2e.maven.runtime_3.9.500.20231113-2345\jars\aopalliance-1.0.jar
2024-06-12 18:10:18,900 [Worker-145: Launching Executing clean in C__Users_USER_Desktop_react project_library-app_02-backend_spring-boot-library] INFO  o.eclipse.m2e.core.internal.Bundles - 	Entry: C:\Users\USER\Downloads\sts-4.21.1.RELEASE\plugins\org.eclipse.m2e.maven.runtime_3.9.500.20231113-2345\jars\guice-5.1.0.jar
2024-06-12 18:10:18,900 [Worker-145: Launching Executing clean in C__Users_USER_Desktop_react project_library-app_02-backend_spring-boot-library] INFO  o.eclipse.m2e.core.internal.Bundles - 	Entry: C:\Users\USER\Downloads\sts-4.21.1.RELEASE\plugins\org.eclipse.m2e.maven.runtime_3.9.500.20231113-2345\jars\httpclient-4.5.14.jar
2024-06-12 18:10:18,901 [Worker-145: Launching Executing clean in C__Users_USER_Desktop_react project_library-app_02-backend_spring-boot-library] INFO  o.eclipse.m2e.core.internal.Bundles - 	Entry: C:\Users\USER\Downloads\sts-4.21.1.RELEASE\plugins\org.eclipse.m2e.maven.runtime_3.9.500.20231113-2345\jars\httpcore-4.4.16.jar
2024-06-12 18:10:18,902 [Worker-145: Launching Executing clean in C__Users_USER_Desktop_react project_library-app_02-backend_spring-boot-library] INFO  o.eclipse.m2e.core.internal.Bundles - 	Entry: C:\Users\USER\Downloads\sts-4.21.1.RELEASE\plugins\org.eclipse.m2e.maven.runtime_3.9.500.20231113-2345\jars\jansi-2.4.0.jar
2024-06-12 18:10:18,902 [Worker-145: Launching Executing clean in C__Users_USER_Desktop_react project_library-app_02-backend_spring-boot-library] INFO  o.eclipse.m2e.core.internal.Bundles - 	Entry: C:\Users\USER\Downloads\sts-4.21.1.RELEASE\plugins\org.eclipse.m2e.maven.runtime_3.9.500.20231113-2345\jars\jcl-over-slf4j-1.7.36.jar
2024-06-12 18:10:18,902 [Worker-145: Launching Executing clean in C__Users_USER_Desktop_react project_library-app_02-backend_spring-boot-library] INFO  o.eclipse.m2e.core.internal.Bundles - 	Entry: C:\Users\USER\Downloads\sts-4.21.1.RELEASE\plugins\org.eclipse.m2e.maven.runtime_3.9.500.20231113-2345\jars\maven-artifact-3.9.5.jar
2024-06-12 18:10:18,903 [Worker-145: Launching Executing clean in C__Users_USER_Desktop_react project_library-app_02-backend_spring-boot-library] INFO  o.eclipse.m2e.core.internal.Bundles - 	Entry: C:\Users\USER\Downloads\sts-4.21.1.RELEASE\plugins\org.eclipse.m2e.maven.runtime_3.9.500.20231113-2345\jars\maven-builder-support-3.9.5.jar
2024-06-12 18:10:18,903 [Worker-145: Launching Executing clean in C__Users_USER_Desktop_react project_library-app_02-backend_spring-boot-library] INFO  o.eclipse.m2e.core.internal.Bundles - 	Entry: C:\Users\USER\Downloads\sts-4.21.1.RELEASE\plugins\org.eclipse.m2e.maven.runtime_3.9.500.20231113-2345\jars\maven-compat-3.9.5.jar
2024-06-12 18:10:18,903 [Worker-145: Launching Executing clean in C__Users_USER_Desktop_react project_library-app_02-backend_spring-boot-library] INFO  o.eclipse.m2e.core.internal.Bundles - 	Entry: C:\Users\USER\Downloads\sts-4.21.1.RELEASE\plugins\org.eclipse.m2e.maven.runtime_3.9.500.20231113-2345\jars\maven-core-3.9.5.jar
2024-06-12 18:10:18,903 [Worker-145: Launching Executing clean in C__Users_USER_Desktop_react project_library-app_02-backend_spring-boot-library] INFO  o.eclipse.m2e.core.internal.Bundles - 	Entry: C:\Users\USER\Downloads\sts-4.21.1.RELEASE\plugins\org.eclipse.m2e.maven.runtime_3.9.500.20231113-2345\jars\maven-embedder-3.9.5.jar
2024-06-12 18:10:18,904 [Worker-145: Launching Executing clean in C__Users_USER_Desktop_react project_library-app_02-backend_spring-boot-library] INFO  o.eclipse.m2e.core.internal.Bundles - 	Entry: C:\Users\USER\Downloads\sts-4.21.1.RELEASE\plugins\org.eclipse.m2e.maven.runtime_3.9.500.20231113-2345\jars\maven-model-3.9.5.jar
2024-06-12 18:10:18,904 [Worker-145: Launching Executing clean in C__Users_USER_Desktop_react project_library-app_02-backend_spring-boot-library] INFO  o.eclipse.m2e.core.internal.Bundles - 	Entry: C:\Users\USER\Downloads\sts-4.21.1.RELEASE\plugins\org.eclipse.m2e.maven.runtime_3.9.500.20231113-2345\jars\maven-model-builder-3.9.5.jar
2024-06-12 18:10:18,904 [Worker-145: Launching Executing clean in C__Users_USER_Desktop_react project_library-app_02-backend_spring-boot-library] INFO  o.eclipse.m2e.core.internal.Bundles - 	Entry: C:\Users\USER\Downloads\sts-4.21.1.RELEASE\plugins\org.eclipse.m2e.maven.runtime_3.9.500.20231113-2345\jars\maven-plugin-api-3.9.5.jar
2024-06-12 18:10:18,905 [Worker-145: Launching Executing clean in C__Users_USER_Desktop_react project_library-app_02-backend_spring-boot-library] INFO  o.eclipse.m2e.core.internal.Bundles - 	Entry: C:\Users\USER\Downloads\sts-4.21.1.RELEASE\plugins\org.eclipse.m2e.maven.runtime_3.9.500.20231113-2345\jars\maven-repository-metadata-3.9.5.jar
2024-06-12 18:10:18,905 [Worker-145: Launching Executing clean in C__Users_USER_Desktop_react project_library-app_02-backend_spring-boot-library] INFO  o.eclipse.m2e.core.internal.Bundles - 	Entry: C:\Users\USER\Downloads\sts-4.21.1.RELEASE\plugins\org.eclipse.m2e.maven.runtime_3.9.500.20231113-2345\jars\maven-resolver-api-1.9.16.jar
2024-06-12 18:10:18,905 [Worker-145: Launching Executing clean in C__Users_USER_Desktop_react project_library-app_02-backend_spring-boot-library] INFO  o.eclipse.m2e.core.internal.Bundles - 	Entry: C:\Users\USER\Downloads\sts-4.21.1.RELEASE\plugins\org.eclipse.m2e.maven.runtime_3.9.500.20231113-2345\jars\maven-resolver-connector-basic-1.9.16.jar
2024-06-12 18:10:18,906 [Worker-145: Launching Executing clean in C__Users_USER_Desktop_react project_library-app_02-backend_spring-boot-library] INFO  o.eclipse.m2e.core.internal.Bundles - 	Entry: C:\Users\USER\Downloads\sts-4.21.1.RELEASE\plugins\org.eclipse.m2e.maven.runtime_3.9.500.20231113-2345\jars\maven-resolver-impl-1.9.16.jar
2024-06-12 18:10:18,906 [Worker-145: Launching Executing clean in C__Users_USER_Desktop_react project_library-app_02-backend_spring-boot-library] INFO  o.eclipse.m2e.core.internal.Bundles - 	Entry: C:\Users\USER\Downloads\sts-4.21.1.RELEASE\plugins\org.eclipse.m2e.maven.runtime_3.9.500.20231113-2345\jars\maven-resolver-named-locks-1.9.16.jar
2024-06-12 18:10:18,906 [Worker-145: Launching Executing clean in C__Users_USER_Desktop_react project_library-app_02-backend_spring-boot-library] INFO  o.eclipse.m2e.core.internal.Bundles - 	Entry: C:\Users\USER\Downloads\sts-4.21.1.RELEASE\plugins\org.eclipse.m2e.maven.runtime_3.9.500.20231113-2345\jars\maven-resolver-provider-3.9.5.jar
2024-06-12 18:10:18,907 [Worker-145: Launching Executing clean in C__Users_USER_Desktop_react project_library-app_02-backend_spring-boot-library] INFO  o.eclipse.m2e.core.internal.Bundles - 	Entry: C:\Users\USER\Downloads\sts-4.21.1.RELEASE\plugins\org.eclipse.m2e.maven.runtime_3.9.500.20231113-2345\jars\maven-resolver-spi-1.9.16.jar
2024-06-12 18:10:18,907 [Worker-145: Launching Executing clean in C__Users_USER_Desktop_react project_library-app_02-backend_spring-boot-library] INFO  o.eclipse.m2e.core.internal.Bundles - 	Entry: C:\Users\USER\Downloads\sts-4.21.1.RELEASE\plugins\org.eclipse.m2e.maven.runtime_3.9.500.20231113-2345\jars\maven-resolver-transport-file-1.9.16.jar
2024-06-12 18:10:18,907 [Worker-145: Launching Executing clean in C__Users_USER_Desktop_react project_library-app_02-backend_spring-boot-library] INFO  o.eclipse.m2e.core.internal.Bundles - 	Entry: C:\Users\USER\Downloads\sts-4.21.1.RELEASE\plugins\org.eclipse.m2e.maven.runtime_3.9.500.20231113-2345\jars\maven-resolver-transport-http-1.9.16.jar
2024-06-12 18:10:18,907 [Worker-145: Launching Executing clean in C__Users_USER_Desktop_react project_library-app_02-backend_spring-boot-library] INFO  o.eclipse.m2e.core.internal.Bundles - 	Entry: C:\Users\USER\Downloads\sts-4.21.1.RELEASE\plugins\org.eclipse.m2e.maven.runtime_3.9.500.20231113-2345\jars\maven-resolver-transport-wagon-1.9.16.jar
2024-06-12 18:10:18,908 [Worker-145: Launching Executing clean in C__Users_USER_Desktop_react project_library-app_02-backend_spring-boot-library] INFO  o.eclipse.m2e.core.internal.Bundles - 	Entry: C:\Users\USER\Downloads\sts-4.21.1.RELEASE\plugins\org.eclipse.m2e.maven.runtime_3.9.500.20231113-2345\jars\maven-resolver-util-1.9.16.jar
2024-06-12 18:10:18,908 [Worker-145: Launching Executing clean in C__Users_USER_Desktop_react project_library-app_02-backend_spring-boot-library] INFO  o.eclipse.m2e.core.internal.Bundles - 	Entry: C:\Users\USER\Downloads\sts-4.21.1.RELEASE\plugins\org.eclipse.m2e.maven.runtime_3.9.500.20231113-2345\jars\maven-settings-3.9.5.jar
2024-06-12 18:10:18,908 [Worker-145: Launching Executing clean in C__Users_USER_Desktop_react project_library-app_02-backend_spring-boot-library] INFO  o.eclipse.m2e.core.internal.Bundles - 	Entry: C:\Users\USER\Downloads\sts-4.21.1.RELEASE\plugins\org.eclipse.m2e.maven.runtime_3.9.500.20231113-2345\jars\maven-settings-builder-3.9.5.jar
2024-06-12 18:10:18,909 [Worker-145: Launching Executing clean in C__Users_USER_Desktop_react project_library-app_02-backend_spring-boot-library] INFO  o.eclipse.m2e.core.internal.Bundles - 	Entry: C:\Users\USER\Downloads\sts-4.21.1.RELEASE\plugins\org.eclipse.m2e.maven.runtime_3.9.500.20231113-2345\jars\maven-shared-utils-3.3.4.jar
2024-06-12 18:10:18,909 [Worker-145: Launching Executing clean in C__Users_USER_Desktop_react project_library-app_02-backend_spring-boot-library] INFO  o.eclipse.m2e.core.internal.Bundles - 	Entry: C:\Users\USER\Downloads\sts-4.21.1.RELEASE\plugins\org.eclipse.m2e.maven.runtime_3.9.500.20231113-2345\jars\org.eclipse.sisu.inject-0.3.5.jar
2024-06-12 18:10:18,910 [Worker-145: Launching Executing clean in C__Users_USER_Desktop_react project_library-app_02-backend_spring-boot-library] INFO  o.eclipse.m2e.core.internal.Bundles - 	Entry: C:\Users\USER\Downloads\sts-4.21.1.RELEASE\plugins\org.eclipse.m2e.maven.runtime_3.9.500.20231113-2345\jars\org.eclipse.sisu.plexus-0.3.5.jar
2024-06-12 18:10:18,910 [Worker-145: Launching Executing clean in C__Users_USER_Desktop_react project_library-app_02-backend_spring-boot-library] INFO  o.eclipse.m2e.core.internal.Bundles - 	Entry: C:\Users\USER\Downloads\sts-4.21.1.RELEASE\plugins\org.eclipse.m2e.maven.runtime_3.9.500.20231113-2345\jars\plexus-build-api-0.0.7.jar
2024-06-12 18:10:18,910 [Worker-145: Launching Executing clean in C__Users_USER_Desktop_react project_library-app_02-backend_spring-boot-library] INFO  o.eclipse.m2e.core.internal.Bundles - 	Entry: C:\Users\USER\Downloads\sts-4.21.1.RELEASE\plugins\org.eclipse.m2e.maven.runtime_3.9.500.20231113-2345\jars\plexus-cipher-2.0.jar
2024-06-12 18:10:18,911 [Worker-145: Launching Executing clean in C__Users_USER_Desktop_react project_library-app_02-backend_spring-boot-library] INFO  o.eclipse.m2e.core.internal.Bundles - 	Entry: C:\Users\USER\Downloads\sts-4.21.1.RELEASE\plugins\org.eclipse.m2e.maven.runtime_3.9.500.20231113-2345\jars\plexus-classworlds-2.7.0.jar
2024-06-12 18:10:18,911 [Worker-145: Launching Executing clean in C__Users_USER_Desktop_react project_library-app_02-backend_spring-boot-library] INFO  o.eclipse.m2e.core.internal.Bundles - 	Entry: C:\Users\USER\Downloads\sts-4.21.1.RELEASE\plugins\org.eclipse.m2e.maven.runtime_3.9.500.20231113-2345\jars\plexus-component-annotations-2.1.0.jar
2024-06-12 18:10:18,911 [Worker-145: Launching Executing clean in C__Users_USER_Desktop_react project_library-app_02-backend_spring-boot-library] INFO  o.eclipse.m2e.core.internal.Bundles - 	Entry: C:\Users\USER\Downloads\sts-4.21.1.RELEASE\plugins\org.eclipse.m2e.maven.runtime_3.9.500.20231113-2345\jars\plexus-interpolation-1.26.jar
2024-06-12 18:10:18,912 [Worker-145: Launching Executing clean in C__Users_USER_Desktop_react project_library-app_02-backend_spring-boot-library] INFO  o.eclipse.m2e.core.internal.Bundles - 	Entry: C:\Users\USER\Downloads\sts-4.21.1.RELEASE\plugins\org.eclipse.m2e.maven.runtime_3.9.500.20231113-2345\jars\plexus-sec-dispatcher-2.0.jar
2024-06-12 18:10:18,912 [Worker-145: Launching Executing clean in C__Users_USER_Desktop_react project_library-app_02-backend_spring-boot-library] INFO  o.eclipse.m2e.core.internal.Bundles - 	Entry: C:\Users\USER\Downloads\sts-4.21.1.RELEASE\plugins\org.eclipse.m2e.maven.runtime_3.9.500.20231113-2345\jars\plexus-utils-3.5.1.jar
2024-06-12 18:10:18,913 [Worker-145: Launching Executing clean in C__Users_USER_Desktop_react project_library-app_02-backend_spring-boot-library] INFO  o.eclipse.m2e.core.internal.Bundles - 	Entry: C:\Users\USER\Downloads\sts-4.21.1.RELEASE\plugins\org.eclipse.m2e.maven.runtime_3.9.500.20231113-2345\jars\wagon-file-3.5.3.jar
2024-06-12 18:10:18,913 [Worker-145: Launching Executing clean in C__Users_USER_Desktop_react project_library-app_02-backend_spring-boot-library] INFO  o.eclipse.m2e.core.internal.Bundles - 	Entry: C:\Users\USER\Downloads\sts-4.21.1.RELEASE\plugins\org.eclipse.m2e.maven.runtime_3.9.500.20231113-2345\jars\wagon-http-3.5.3.jar
2024-06-12 18:10:18,913 [Worker-145: Launching Executing clean in C__Users_USER_Desktop_react project_library-app_02-backend_spring-boot-library] INFO  o.eclipse.m2e.core.internal.Bundles - 	Entry: C:\Users\USER\Downloads\sts-4.21.1.RELEASE\plugins\org.eclipse.m2e.maven.runtime_3.9.500.20231113-2345\jars\wagon-http-shared-3.5.3.jar
2024-06-12 18:10:18,913 [Worker-145: Launching Executing clean in C__Users_USER_Desktop_react project_library-app_02-backend_spring-boot-library] INFO  o.eclipse.m2e.core.internal.Bundles - 	Entry: C:\Users\USER\Downloads\sts-4.21.1.RELEASE\plugins\org.eclipse.m2e.maven.runtime_3.9.500.20231113-2345\jars\wagon-provider-api-3.5.3.jar
2024-06-12 18:10:18,914 [Worker-145: Launching Executing clean in C__Users_USER_Desktop_react project_library-app_02-backend_spring-boot-library] INFO  o.eclipse.m2e.core.internal.Bundles - getClasspathEntries(Bundle=com.google.guava_33.0.0.jre [25])
2024-06-12 18:10:18,915 [Worker-145: Launching Executing clean in C__Users_USER_Desktop_react project_library-app_02-backend_spring-boot-library] INFO  o.eclipse.m2e.core.internal.Bundles - 	Entry: C:\Users\USER\Downloads\sts-4.21.1.RELEASE\plugins\com.google.guava_33.0.0.jre.jar
2024-06-12 18:10:18,915 [Worker-145: Launching Executing clean in C__Users_USER_Desktop_react project_library-app_02-backend_spring-boot-library] INFO  o.eclipse.m2e.core.internal.Bundles - getClasspathEntries(Bundle=slf4j.api_2.0.9 [573])
2024-06-12 18:10:18,916 [Worker-145: Launching Executing clean in C__Users_USER_Desktop_react project_library-app_02-backend_spring-boot-library] INFO  o.eclipse.m2e.core.internal.Bundles - 	Entry: C:\Users\USER\Downloads\sts-4.21.1.RELEASE\plugins\slf4j.api_2.0.9.jar
2024-06-12 18:10:18,916 [Worker-145: Launching Executing clean in C__Users_USER_Desktop_react project_library-app_02-backend_spring-boot-library] INFO  o.eclipse.m2e.core.internal.Bundles - getClasspathEntries(Bundle=jakarta.inject.jakarta.inject-api_1.0.5 [41])
2024-06-12 18:10:18,917 [Worker-145: Launching Executing clean in C__Users_USER_Desktop_react project_library-app_02-backend_spring-boot-library] INFO  o.eclipse.m2e.core.internal.Bundles - 	Entry: C:\Users\USER\Downloads\sts-4.21.1.RELEASE\plugins\jakarta.inject.jakarta.inject-api_1.0.5.jar
2024-06-12 18:10:18,917 [Worker-145: Launching Executing clean in C__Users_USER_Desktop_react project_library-app_02-backend_spring-boot-library] INFO  o.eclipse.m2e.core.internal.Bundles - getClasspathEntries(Bundle=jakarta.annotation-api_1.3.5 [37])
2024-06-12 18:10:18,918 [Worker-145: Launching Executing clean in C__Users_USER_Desktop_react project_library-app_02-backend_spring-boot-library] INFO  o.eclipse.m2e.core.internal.Bundles - 	Entry: C:\Users\USER\Downloads\sts-4.21.1.RELEASE\plugins\jakarta.annotation-api_1.3.5.jar
2024-06-12 18:10:18,918 [Worker-145: Launching Executing clean in C__Users_USER_Desktop_react project_library-app_02-backend_spring-boot-library] INFO  o.eclipse.m2e.core.internal.Bundles - getClasspathEntries(Bundle=org.apache.commons.cli_1.6.0 [71])
2024-06-12 18:10:18,919 [Worker-145: Launching Executing clean in C__Users_USER_Desktop_react project_library-app_02-backend_spring-boot-library] INFO  o.eclipse.m2e.core.internal.Bundles - 	Entry: C:\Users\USER\Downloads\sts-4.21.1.RELEASE\plugins\org.apache.commons.cli_1.6.0.jar
2024-06-12 18:10:18,919 [Worker-145: Launching Executing clean in C__Users_USER_Desktop_react project_library-app_02-backend_spring-boot-library] INFO  o.eclipse.m2e.core.internal.Bundles - getClasspathEntries(Bundle=org.apache.commons.commons-codec_1.16.0 [73])
2024-06-12 18:10:18,920 [Worker-145: Launching Executing clean in C__Users_USER_Desktop_react project_library-app_02-backend_spring-boot-library] INFO  o.eclipse.m2e.core.internal.Bundles - 	Entry: C:\Users\USER\Downloads\sts-4.21.1.RELEASE\plugins\org.apache.commons.commons-codec_1.16.0.jar
2024-06-12 18:10:18,920 [Worker-145: Launching Executing clean in C__Users_USER_Desktop_react project_library-app_02-backend_spring-boot-library] INFO  o.eclipse.m2e.core.internal.Bundles - getClasspathEntries(Bundle=org.apache.commons.lang3_3.13.0 [77])
2024-06-12 18:10:18,922 [Worker-145: Launching Executing clean in C__Users_USER_Desktop_react project_library-app_02-backend_spring-boot-library] INFO  o.eclipse.m2e.core.internal.Bundles - 	Entry: C:\Users\USER\Downloads\sts-4.21.1.RELEASE\plugins\org.apache.commons.lang3_3.13.0.jar
2024-06-12 18:10:18,922 [Worker-145: Launching Executing clean in C__Users_USER_Desktop_react project_library-app_02-backend_spring-boot-library] INFO  o.eclipse.m2e.core.internal.Bundles - getClasspathEntries(Bundle=com.google.guava.failureaccess_1.0.2 [27])
2024-06-12 18:10:18,923 [Worker-145: Launching Executing clean in C__Users_USER_Desktop_react project_library-app_02-backend_spring-boot-library] INFO  o.eclipse.m2e.core.internal.Bundles - 	Entry: C:\Users\USER\Downloads\sts-4.21.1.RELEASE\plugins\com.google.guava.failureaccess_1.0.2.jar
2024-06-12 18:10:18,927 [Worker-145: Launching Executing clean in C__Users_USER_Desktop_react project_library-app_02-backend_spring-boot-library] INFO  o.e.m.i.launch.MavenLaunchDelegate - Run build in "C:\Users\USER\Desktop\react project\library-app\02-backend\spring-boot-library":
2024-06-12 18:10:18,928 [Worker-145: Launching Executing clean in C__Users_USER_Desktop_react project_library-app_02-backend_spring-boot-library] INFO  o.e.m.i.launch.MavenLaunchDelegate -  mvn  -Ppom.xml -B -Dstyle.color=always clean
2024-06-12 18:10:38,802 [Worker-152: Launching Executing install in C__Users_USER_Desktop_react project_library-app_02-backend_spring-boot-library] INFO  o.eclipse.m2e.core.internal.Bundles - getClasspathEntries(Bundle=org.eclipse.m2e.maven.runtime_3.9.500.20231113-2345 [346])
2024-06-12 18:10:38,804 [Worker-152: Launching Executing install in C__Users_USER_Desktop_react project_library-app_02-backend_spring-boot-library] INFO  o.eclipse.m2e.core.internal.Bundles - 	Entry: C:\Users\USER\Downloads\sts-4.21.1.RELEASE\plugins\org.eclipse.m2e.maven.runtime_3.9.500.20231113-2345
2024-06-12 18:10:38,805 [Worker-152: Launching Executing install in C__Users_USER_Desktop_react project_library-app_02-backend_spring-boot-library] INFO  o.eclipse.m2e.core.internal.Bundles - 	Entry: C:\Users\USER\Downloads\sts-4.21.1.RELEASE\plugins\org.eclipse.m2e.maven.runtime_3.9.500.20231113-2345\jars\aopalliance-1.0.jar
2024-06-12 18:10:38,805 [Worker-152: Launching Executing install in C__Users_USER_Desktop_react project_library-app_02-backend_spring-boot-library] INFO  o.eclipse.m2e.core.internal.Bundles - 	Entry: C:\Users\USER\Downloads\sts-4.21.1.RELEASE\plugins\org.eclipse.m2e.maven.runtime_3.9.500.20231113-2345\jars\guice-5.1.0.jar
2024-06-12 18:10:38,805 [Worker-152: Launching Executing install in C__Users_USER_Desktop_react project_library-app_02-backend_spring-boot-library] INFO  o.eclipse.m2e.core.internal.Bundles - 	Entry: C:\Users\USER\Downloads\sts-4.21.1.RELEASE\plugins\org.eclipse.m2e.maven.runtime_3.9.500.20231113-2345\jars\httpclient-4.5.14.jar
2024-06-12 18:10:38,806 [Worker-152: Launching Executing install in C__Users_USER_Desktop_react project_library-app_02-backend_spring-boot-library] INFO  o.eclipse.m2e.core.internal.Bundles - 	Entry: C:\Users\USER\Downloads\sts-4.21.1.RELEASE\plugins\org.eclipse.m2e.maven.runtime_3.9.500.20231113-2345\jars\httpcore-4.4.16.jar
2024-06-12 18:10:38,806 [Worker-152: Launching Executing install in C__Users_USER_Desktop_react project_library-app_02-backend_spring-boot-library] INFO  o.eclipse.m2e.core.internal.Bundles - 	Entry: C:\Users\USER\Downloads\sts-4.21.1.RELEASE\plugins\org.eclipse.m2e.maven.runtime_3.9.500.20231113-2345\jars\jansi-2.4.0.jar
2024-06-12 18:10:38,807 [Worker-152: Launching Executing install in C__Users_USER_Desktop_react project_library-app_02-backend_spring-boot-library] INFO  o.eclipse.m2e.core.internal.Bundles - 	Entry: C:\Users\USER\Downloads\sts-4.21.1.RELEASE\plugins\org.eclipse.m2e.maven.runtime_3.9.500.20231113-2345\jars\jcl-over-slf4j-1.7.36.jar
2024-06-12 18:10:38,807 [Worker-152: Launching Executing install in C__Users_USER_Desktop_react project_library-app_02-backend_spring-boot-library] INFO  o.eclipse.m2e.core.internal.Bundles - 	Entry: C:\Users\USER\Downloads\sts-4.21.1.RELEASE\plugins\org.eclipse.m2e.maven.runtime_3.9.500.20231113-2345\jars\maven-artifact-3.9.5.jar
2024-06-12 18:10:38,807 [Worker-152: Launching Executing install in C__Users_USER_Desktop_react project_library-app_02-backend_spring-boot-library] INFO  o.eclipse.m2e.core.internal.Bundles - 	Entry: C:\Users\USER\Downloads\sts-4.21.1.RELEASE\plugins\org.eclipse.m2e.maven.runtime_3.9.500.20231113-2345\jars\maven-builder-support-3.9.5.jar
2024-06-12 18:10:38,808 [Worker-152: Launching Executing install in C__Users_USER_Desktop_react project_library-app_02-backend_spring-boot-library] INFO  o.eclipse.m2e.core.internal.Bundles - 	Entry: C:\Users\USER\Downloads\sts-4.21.1.RELEASE\plugins\org.eclipse.m2e.maven.runtime_3.9.500.20231113-2345\jars\maven-compat-3.9.5.jar
2024-06-12 18:10:38,808 [Worker-152: Launching Executing install in C__Users_USER_Desktop_react project_library-app_02-backend_spring-boot-library] INFO  o.eclipse.m2e.core.internal.Bundles - 	Entry: C:\Users\USER\Downloads\sts-4.21.1.RELEASE\plugins\org.eclipse.m2e.maven.runtime_3.9.500.20231113-2345\jars\maven-core-3.9.5.jar
2024-06-12 18:10:38,809 [Worker-152: Launching Executing install in C__Users_USER_Desktop_react project_library-app_02-backend_spring-boot-library] INFO  o.eclipse.m2e.core.internal.Bundles - 	Entry: C:\Users\USER\Downloads\sts-4.21.1.RELEASE\plugins\org.eclipse.m2e.maven.runtime_3.9.500.20231113-2345\jars\maven-embedder-3.9.5.jar
2024-06-12 18:10:38,809 [Worker-152: Launching Executing install in C__Users_USER_Desktop_react project_library-app_02-backend_spring-boot-library] INFO  o.eclipse.m2e.core.internal.Bundles - 	Entry: C:\Users\USER\Downloads\sts-4.21.1.RELEASE\plugins\org.eclipse.m2e.maven.runtime_3.9.500.20231113-2345\jars\maven-model-3.9.5.jar
2024-06-12 18:10:38,810 [Worker-152: Launching Executing install in C__Users_USER_Desktop_react project_library-app_02-backend_spring-boot-library] INFO  o.eclipse.m2e.core.internal.Bundles - 	Entry: C:\Users\USER\Downloads\sts-4.21.1.RELEASE\plugins\org.eclipse.m2e.maven.runtime_3.9.500.20231113-2345\jars\maven-model-builder-3.9.5.jar
2024-06-12 18:10:38,810 [Worker-152: Launching Executing install in C__Users_USER_Desktop_react project_library-app_02-backend_spring-boot-library] INFO  o.eclipse.m2e.core.internal.Bundles - 	Entry: C:\Users\USER\Downloads\sts-4.21.1.RELEASE\plugins\org.eclipse.m2e.maven.runtime_3.9.500.20231113-2345\jars\maven-plugin-api-3.9.5.jar
2024-06-12 18:10:38,810 [Worker-152: Launching Executing install in C__Users_USER_Desktop_react project_library-app_02-backend_spring-boot-library] INFO  o.eclipse.m2e.core.internal.Bundles - 	Entry: C:\Users\USER\Downloads\sts-4.21.1.RELEASE\plugins\org.eclipse.m2e.maven.runtime_3.9.500.20231113-2345\jars\maven-repository-metadata-3.9.5.jar
2024-06-12 18:10:38,811 [Worker-152: Launching Executing install in C__Users_USER_Desktop_react project_library-app_02-backend_spring-boot-library] INFO  o.eclipse.m2e.core.internal.Bundles - 	Entry: C:\Users\USER\Downloads\sts-4.21.1.RELEASE\plugins\org.eclipse.m2e.maven.runtime_3.9.500.20231113-2345\jars\maven-resolver-api-1.9.16.jar
2024-06-12 18:10:38,811 [Worker-152: Launching Executing install in C__Users_USER_Desktop_react project_library-app_02-backend_spring-boot-library] INFO  o.eclipse.m2e.core.internal.Bundles - 	Entry: C:\Users\USER\Downloads\sts-4.21.1.RELEASE\plugins\org.eclipse.m2e.maven.runtime_3.9.500.20231113-2345\jars\maven-resolver-connector-basic-1.9.16.jar
2024-06-12 18:10:38,811 [Worker-152: Launching Executing install in C__Users_USER_Desktop_react project_library-app_02-backend_spring-boot-library] INFO  o.eclipse.m2e.core.internal.Bundles - 	Entry: C:\Users\USER\Downloads\sts-4.21.1.RELEASE\plugins\org.eclipse.m2e.maven.runtime_3.9.500.20231113-2345\jars\maven-resolver-impl-1.9.16.jar
2024-06-12 18:10:38,812 [Worker-152: Launching Executing install in C__Users_USER_Desktop_react project_library-app_02-backend_spring-boot-library] INFO  o.eclipse.m2e.core.internal.Bundles - 	Entry: C:\Users\USER\Downloads\sts-4.21.1.RELEASE\plugins\org.eclipse.m2e.maven.runtime_3.9.500.20231113-2345\jars\maven-resolver-named-locks-1.9.16.jar
2024-06-12 18:10:38,812 [Worker-152: Launching Executing install in C__Users_USER_Desktop_react project_library-app_02-backend_spring-boot-library] INFO  o.eclipse.m2e.core.internal.Bundles - 	Entry: C:\Users\USER\Downloads\sts-4.21.1.RELEASE\plugins\org.eclipse.m2e.maven.runtime_3.9.500.20231113-2345\jars\maven-resolver-provider-3.9.5.jar
2024-06-12 18:10:38,812 [Worker-152: Launching Executing install in C__Users_USER_Desktop_react project_library-app_02-backend_spring-boot-library] INFO  o.eclipse.m2e.core.internal.Bundles - 	Entry: C:\Users\USER\Downloads\sts-4.21.1.RELEASE\plugins\org.eclipse.m2e.maven.runtime_3.9.500.20231113-2345\jars\maven-resolver-spi-1.9.16.jar
2024-06-12 18:10:38,813 [Worker-152: Launching Executing install in C__Users_USER_Desktop_react project_library-app_02-backend_spring-boot-library] INFO  o.eclipse.m2e.core.internal.Bundles - 	Entry: C:\Users\USER\Downloads\sts-4.21.1.RELEASE\plugins\org.eclipse.m2e.maven.runtime_3.9.500.20231113-2345\jars\maven-resolver-transport-file-1.9.16.jar
2024-06-12 18:10:38,813 [Worker-152: Launching Executing install in C__Users_USER_Desktop_react project_library-app_02-backend_spring-boot-library] INFO  o.eclipse.m2e.core.internal.Bundles - 	Entry: C:\Users\USER\Downloads\sts-4.21.1.RELEASE\plugins\org.eclipse.m2e.maven.runtime_3.9.500.20231113-2345\jars\maven-resolver-transport-http-1.9.16.jar
2024-06-12 18:10:38,813 [Worker-152: Launching Executing install in C__Users_USER_Desktop_react project_library-app_02-backend_spring-boot-library] INFO  o.eclipse.m2e.core.internal.Bundles - 	Entry: C:\Users\USER\Downloads\sts-4.21.1.RELEASE\plugins\org.eclipse.m2e.maven.runtime_3.9.500.20231113-2345\jars\maven-resolver-transport-wagon-1.9.16.jar
2024-06-12 18:10:38,814 [Worker-152: Launching Executing install in C__Users_USER_Desktop_react project_library-app_02-backend_spring-boot-library] INFO  o.eclipse.m2e.core.internal.Bundles - 	Entry: C:\Users\USER\Downloads\sts-4.21.1.RELEASE\plugins\org.eclipse.m2e.maven.runtime_3.9.500.20231113-2345\jars\maven-resolver-util-1.9.16.jar
2024-06-12 18:10:38,814 [Worker-152: Launching Executing install in C__Users_USER_Desktop_react project_library-app_02-backend_spring-boot-library] INFO  o.eclipse.m2e.core.internal.Bundles - 	Entry: C:\Users\USER\Downloads\sts-4.21.1.RELEASE\plugins\org.eclipse.m2e.maven.runtime_3.9.500.20231113-2345\jars\maven-settings-3.9.5.jar
2024-06-12 18:10:38,814 [Worker-152: Launching Executing install in C__Users_USER_Desktop_react project_library-app_02-backend_spring-boot-library] INFO  o.eclipse.m2e.core.internal.Bundles - 	Entry: C:\Users\USER\Downloads\sts-4.21.1.RELEASE\plugins\org.eclipse.m2e.maven.runtime_3.9.500.20231113-2345\jars\maven-settings-builder-3.9.5.jar
2024-06-12 18:10:38,815 [Worker-152: Launching Executing install in C__Users_USER_Desktop_react project_library-app_02-backend_spring-boot-library] INFO  o.eclipse.m2e.core.internal.Bundles - 	Entry: C:\Users\USER\Downloads\sts-4.21.1.RELEASE\plugins\org.eclipse.m2e.maven.runtime_3.9.500.20231113-2345\jars\maven-shared-utils-3.3.4.jar
2024-06-12 18:10:38,815 [Worker-152: Launching Executing install in C__Users_USER_Desktop_react project_library-app_02-backend_spring-boot-library] INFO  o.eclipse.m2e.core.internal.Bundles - 	Entry: C:\Users\USER\Downloads\sts-4.21.1.RELEASE\plugins\org.eclipse.m2e.maven.runtime_3.9.500.20231113-2345\jars\org.eclipse.sisu.inject-0.3.5.jar
2024-06-12 18:10:38,815 [Worker-152: Launching Executing install in C__Users_USER_Desktop_react project_library-app_02-backend_spring-boot-library] INFO  o.eclipse.m2e.core.internal.Bundles - 	Entry: C:\Users\USER\Downloads\sts-4.21.1.RELEASE\plugins\org.eclipse.m2e.maven.runtime_3.9.500.20231113-2345\jars\org.eclipse.sisu.plexus-0.3.5.jar
2024-06-12 18:10:38,816 [Worker-152: Launching Executing install in C__Users_USER_Desktop_react project_library-app_02-backend_spring-boot-library] INFO  o.eclipse.m2e.core.internal.Bundles - 	Entry: C:\Users\USER\Downloads\sts-4.21.1.RELEASE\plugins\org.eclipse.m2e.maven.runtime_3.9.500.20231113-2345\jars\plexus-build-api-0.0.7.jar
2024-06-12 18:10:38,816 [Worker-152: Launching Executing install in C__Users_USER_Desktop_react project_library-app_02-backend_spring-boot-library] INFO  o.eclipse.m2e.core.internal.Bundles - 	Entry: C:\Users\USER\Downloads\sts-4.21.1.RELEASE\plugins\org.eclipse.m2e.maven.runtime_3.9.500.20231113-2345\jars\plexus-cipher-2.0.jar
2024-06-12 18:10:38,816 [Worker-152: Launching Executing install in C__Users_USER_Desktop_react project_library-app_02-backend_spring-boot-library] INFO  o.eclipse.m2e.core.internal.Bundles - 	Entry: C:\Users\USER\Downloads\sts-4.21.1.RELEASE\plugins\org.eclipse.m2e.maven.runtime_3.9.500.20231113-2345\jars\plexus-classworlds-2.7.0.jar
2024-06-12 18:10:38,817 [Worker-152: Launching Executing install in C__Users_USER_Desktop_react project_library-app_02-backend_spring-boot-library] INFO  o.eclipse.m2e.core.internal.Bundles - 	Entry: C:\Users\USER\Downloads\sts-4.21.1.RELEASE\plugins\org.eclipse.m2e.maven.runtime_3.9.500.20231113-2345\jars\plexus-component-annotations-2.1.0.jar
2024-06-12 18:10:38,817 [Worker-152: Launching Executing install in C__Users_USER_Desktop_react project_library-app_02-backend_spring-boot-library] INFO  o.eclipse.m2e.core.internal.Bundles - 	Entry: C:\Users\USER\Downloads\sts-4.21.1.RELEASE\plugins\org.eclipse.m2e.maven.runtime_3.9.500.20231113-2345\jars\plexus-interpolation-1.26.jar
2024-06-12 18:10:38,817 [Worker-152: Launching Executing install in C__Users_USER_Desktop_react project_library-app_02-backend_spring-boot-library] INFO  o.eclipse.m2e.core.internal.Bundles - 	Entry: C:\Users\USER\Downloads\sts-4.21.1.RELEASE\plugins\org.eclipse.m2e.maven.runtime_3.9.500.20231113-2345\jars\plexus-sec-dispatcher-2.0.jar
2024-06-12 18:10:38,818 [Worker-152: Launching Executing install in C__Users_USER_Desktop_react project_library-app_02-backend_spring-boot-library] INFO  o.eclipse.m2e.core.internal.Bundles - 	Entry: C:\Users\USER\Downloads\sts-4.21.1.RELEASE\plugins\org.eclipse.m2e.maven.runtime_3.9.500.20231113-2345\jars\plexus-utils-3.5.1.jar
2024-06-12 18:10:38,818 [Worker-152: Launching Executing install in C__Users_USER_Desktop_react project_library-app_02-backend_spring-boot-library] INFO  o.eclipse.m2e.core.internal.Bundles - 	Entry: C:\Users\USER\Downloads\sts-4.21.1.RELEASE\plugins\org.eclipse.m2e.maven.runtime_3.9.500.20231113-2345\jars\wagon-file-3.5.3.jar
2024-06-12 18:10:38,818 [Worker-152: Launching Executing install in C__Users_USER_Desktop_react project_library-app_02-backend_spring-boot-library] INFO  o.eclipse.m2e.core.internal.Bundles - 	Entry: C:\Users\USER\Downloads\sts-4.21.1.RELEASE\plugins\org.eclipse.m2e.maven.runtime_3.9.500.20231113-2345\jars\wagon-http-3.5.3.jar
2024-06-12 18:10:38,819 [Worker-152: Launching Executing install in C__Users_USER_Desktop_react project_library-app_02-backend_spring-boot-library] INFO  o.eclipse.m2e.core.internal.Bundles - 	Entry: C:\Users\USER\Downloads\sts-4.21.1.RELEASE\plugins\org.eclipse.m2e.maven.runtime_3.9.500.20231113-2345\jars\wagon-http-shared-3.5.3.jar
2024-06-12 18:10:38,819 [Worker-152: Launching Executing install in C__Users_USER_Desktop_react project_library-app_02-backend_spring-boot-library] INFO  o.eclipse.m2e.core.internal.Bundles - 	Entry: C:\Users\USER\Downloads\sts-4.21.1.RELEASE\plugins\org.eclipse.m2e.maven.runtime_3.9.500.20231113-2345\jars\wagon-provider-api-3.5.3.jar
2024-06-12 18:10:38,819 [Worker-152: Launching Executing install in C__Users_USER_Desktop_react project_library-app_02-backend_spring-boot-library] INFO  o.eclipse.m2e.core.internal.Bundles - getClasspathEntries(Bundle=com.google.guava_33.0.0.jre [25])
2024-06-12 18:10:38,820 [Worker-152: Launching Executing install in C__Users_USER_Desktop_react project_library-app_02-backend_spring-boot-library] INFO  o.eclipse.m2e.core.internal.Bundles - 	Entry: C:\Users\USER\Downloads\sts-4.21.1.RELEASE\plugins\com.google.guava_33.0.0.jre.jar
2024-06-12 18:10:38,820 [Worker-152: Launching Executing install in C__Users_USER_Desktop_react project_library-app_02-backend_spring-boot-library] INFO  o.eclipse.m2e.core.internal.Bundles - getClasspathEntries(Bundle=slf4j.api_2.0.9 [573])
2024-06-12 18:10:38,821 [Worker-152: Launching Executing install in C__Users_USER_Desktop_react project_library-app_02-backend_spring-boot-library] INFO  o.eclipse.m2e.core.internal.Bundles - 	Entry: C:\Users\USER\Downloads\sts-4.21.1.RELEASE\plugins\slf4j.api_2.0.9.jar
2024-06-12 18:10:38,821 [Worker-152: Launching Executing install in C__Users_USER_Desktop_react project_library-app_02-backend_spring-boot-library] INFO  o.eclipse.m2e.core.internal.Bundles - getClasspathEntries(Bundle=jakarta.inject.jakarta.inject-api_1.0.5 [41])
2024-06-12 18:10:38,823 [Worker-152: Launching Executing install in C__Users_USER_Desktop_react project_library-app_02-backend_spring-boot-library] INFO  o.eclipse.m2e.core.internal.Bundles - 	Entry: C:\Users\USER\Downloads\sts-4.21.1.RELEASE\plugins\jakarta.inject.jakarta.inject-api_1.0.5.jar
2024-06-12 18:10:38,823 [Worker-152: Launching Executing install in C__Users_USER_Desktop_react project_library-app_02-backend_spring-boot-library] INFO  o.eclipse.m2e.core.internal.Bundles - getClasspathEntries(Bundle=jakarta.annotation-api_1.3.5 [37])
2024-06-12 18:10:38,823 [Worker-152: Launching Executing install in C__Users_USER_Desktop_react project_library-app_02-backend_spring-boot-library] INFO  o.eclipse.m2e.core.internal.Bundles - 	Entry: C:\Users\USER\Downloads\sts-4.21.1.RELEASE\plugins\jakarta.annotation-api_1.3.5.jar
2024-06-12 18:10:38,824 [Worker-152: Launching Executing install in C__Users_USER_Desktop_react project_library-app_02-backend_spring-boot-library] INFO  o.eclipse.m2e.core.internal.Bundles - getClasspathEntries(Bundle=org.apache.commons.cli_1.6.0 [71])
2024-06-12 18:10:38,825 [Worker-152: Launching Executing install in C__Users_USER_Desktop_react project_library-app_02-backend_spring-boot-library] INFO  o.eclipse.m2e.core.internal.Bundles - 	Entry: C:\Users\USER\Downloads\sts-4.21.1.RELEASE\plugins\org.apache.commons.cli_1.6.0.jar
2024-06-12 18:10:38,825 [Worker-152: Launching Executing install in C__Users_USER_Desktop_react project_library-app_02-backend_spring-boot-library] INFO  o.eclipse.m2e.core.internal.Bundles - getClasspathEntries(Bundle=org.apache.commons.commons-codec_1.16.0 [73])
2024-06-12 18:10:38,826 [Worker-152: Launching Executing install in C__Users_USER_Desktop_react project_library-app_02-backend_spring-boot-library] INFO  o.eclipse.m2e.core.internal.Bundles - 	Entry: C:\Users\USER\Downloads\sts-4.21.1.RELEASE\plugins\org.apache.commons.commons-codec_1.16.0.jar
2024-06-12 18:10:38,826 [Worker-152: Launching Executing install in C__Users_USER_Desktop_react project_library-app_02-backend_spring-boot-library] INFO  o.eclipse.m2e.core.internal.Bundles - getClasspathEntries(Bundle=org.apache.commons.lang3_3.13.0 [77])
2024-06-12 18:10:38,827 [Worker-152: Launching Executing install in C__Users_USER_Desktop_react project_library-app_02-backend_spring-boot-library] INFO  o.eclipse.m2e.core.internal.Bundles - 	Entry: C:\Users\USER\Downloads\sts-4.21.1.RELEASE\plugins\org.apache.commons.lang3_3.13.0.jar
2024-06-12 18:10:38,827 [Worker-152: Launching Executing install in C__Users_USER_Desktop_react project_library-app_02-backend_spring-boot-library] INFO  o.eclipse.m2e.core.internal.Bundles - getClasspathEntries(Bundle=com.google.guava.failureaccess_1.0.2 [27])
2024-06-12 18:10:38,828 [Worker-152: Launching Executing install in C__Users_USER_Desktop_react project_library-app_02-backend_spring-boot-library] INFO  o.eclipse.m2e.core.internal.Bundles - 	Entry: C:\Users\USER\Downloads\sts-4.21.1.RELEASE\plugins\com.google.guava.failureaccess_1.0.2.jar
2024-06-12 18:10:38,832 [Worker-152: Launching Executing install in C__Users_USER_Desktop_react project_library-app_02-backend_spring-boot-library] INFO  o.e.m.i.launch.MavenLaunchDelegate - Run build in "C:\Users\USER\Desktop\react project\library-app\02-backend\spring-boot-library":
2024-06-12 18:10:38,833 [Worker-152: Launching Executing install in C__Users_USER_Desktop_react project_library-app_02-backend_spring-boot-library] INFO  o.e.m.i.launch.MavenLaunchDelegate -  mvn  -Ppom.xml -B -Dstyle.color=always install
2024-06-12 18:13:05,018 [Worker-157: Building] INFO  o.e.m.c.i.l.LifecycleMappingFactory - Using org.eclipse.m2e.jdt.JarLifecycleMapping lifecycle mapping for MavenProject: com.snccreations:spring-boot-library:2.7.3 @ C:\Users\USER\Desktop\react project\library-app\02-backend\spring-boot-library\pom.xml.
2024-06-12 18:13:05,945 [Worker-157: Building] INFO  o.a.m.s.f.DefaultMavenResourcesFiltering - Copying 1 resource from src\main\resources to target\classes
2024-06-12 18:13:05,972 [Worker-157: Building] INFO  o.a.m.s.f.DefaultMavenResourcesFiltering - Copying 0 resource from src\main\resources to target\classes
2024-06-12 18:13:05,979 [Worker-157: Building] INFO  o.a.m.s.f.DefaultMavenResourcesFiltering - skip non existing resourceDirectory C:\Users\USER\Desktop\react project\library-app\02-backend\spring-boot-library\src\test\resources
2024-06-12 18:13:06,119 [Worker-155: Updating Maven Project] INFO  o.e.m.c.i.p.ProjectConfigurationManager - Update started
2024-06-12 18:13:06,634 [Worker-155: Updating Maven Project] INFO  o.e.m.c.i.l.LifecycleMappingFactory - Using org.eclipse.m2e.jdt.JarLifecycleMapping lifecycle mapping for MavenProject: com.snccreations:spring-boot-library:2.7.3 @ C:\Users\USER\Desktop\react project\library-app\02-backend\spring-boot-library\pom.xml.
2024-06-12 18:13:07,472 [Worker-155: Updating Maven Project] INFO  o.e.m.j.i.AbstractJavaProjectConfigurator - Adding source folder /spring-boot-library/src/main/java
2024-06-12 18:13:07,472 [Worker-155: Updating Maven Project] INFO  o.e.m.j.i.AbstractJavaProjectConfigurator - Adding resource folder /spring-boot-library/src/main/resources
2024-06-12 18:13:07,472 [Worker-155: Updating Maven Project] INFO  o.e.m.j.i.AbstractJavaProjectConfigurator - Adding resource folder /spring-boot-library/src/main/resources
2024-06-12 18:13:07,472 [Worker-155: Updating Maven Project] INFO  o.e.m.j.i.AbstractJavaProjectConfigurator - Adding source folder /spring-boot-library/src/test/java
2024-06-12 18:13:07,473 [Worker-155: Updating Maven Project] INFO  o.e.m.j.i.AbstractJavaProjectConfigurator - Adding resource folder /spring-boot-library/src/test/resources
2024-06-12 18:13:08,301 [Worker-155: Updating Maven Project] INFO  o.e.m.c.i.p.ProjectConfigurationManager - Update completed for 1 poms: local refresh takes 0.00 sec, refresh facades takes 1.00 sec, update config takes 0.00 sec 
2024-06-12 18:13:08,997 [Worker-160: Building] INFO  o.a.m.s.f.DefaultMavenResourcesFiltering - Copying 1 resource from src\main\resources to target\classes
2024-06-12 18:13:09,031 [Worker-160: Building] INFO  o.a.m.s.f.DefaultMavenResourcesFiltering - Copying 0 resource from src\main\resources to target\classes
2024-06-12 18:13:09,036 [Worker-160: Building] INFO  o.a.m.s.f.DefaultMavenResourcesFiltering - skip non existing resourceDirectory C:\Users\USER\Desktop\react project\library-app\02-backend\spring-boot-library\src\test\resources
2024-06-12 18:13:22,861 [Worker-158: Building] INFO  o.a.m.s.f.DefaultMavenResourcesFiltering - Copying 1 resource from src\main\resources to target\classes
2024-06-12 18:13:22,873 [Worker-158: Building] INFO  o.a.m.s.f.DefaultMavenResourcesFiltering - Copying 0 resource from src\main\resources to target\classes
2024-06-12 18:13:22,878 [Worker-158: Building] INFO  o.a.m.s.f.DefaultMavenResourcesFiltering - skip non existing resourceDirectory C:\Users\USER\Desktop\react project\library-app\02-backend\spring-boot-library\src\test\resources
2024-06-12 18:13:35,553 [Worker-157: Updating Maven Project] INFO  o.e.m.c.i.p.ProjectConfigurationManager - Update started
2024-06-12 18:13:36,000 [Worker-157: Updating Maven Project] INFO  o.e.m.c.i.l.LifecycleMappingFactory - Using org.eclipse.m2e.jdt.JarLifecycleMapping lifecycle mapping for MavenProject: com.snccreations:spring-boot-library:2.7.3 @ C:\Users\USER\Desktop\react project\library-app\02-backend\spring-boot-library\pom.xml.
2024-06-12 18:13:36,703 [Worker-157: Updating Maven Project] INFO  o.e.m.j.i.AbstractJavaProjectConfigurator - Adding source folder /spring-boot-library/src/main/java
2024-06-12 18:13:36,703 [Worker-157: Updating Maven Project] INFO  o.e.m.j.i.AbstractJavaProjectConfigurator - Adding resource folder /spring-boot-library/src/main/resources
2024-06-12 18:13:36,704 [Worker-157: Updating Maven Project] INFO  o.e.m.j.i.AbstractJavaProjectConfigurator - Adding resource folder /spring-boot-library/src/main/resources
2024-06-12 18:13:36,704 [Worker-157: Updating Maven Project] INFO  o.e.m.j.i.AbstractJavaProjectConfigurator - Adding source folder /spring-boot-library/src/test/java
2024-06-12 18:13:36,704 [Worker-157: Updating Maven Project] INFO  o.e.m.j.i.AbstractJavaProjectConfigurator - Adding resource folder /spring-boot-library/src/test/resources
2024-06-12 18:13:37,515 [Worker-157: Updating Maven Project] INFO  o.e.m.c.i.p.ProjectConfigurationManager - Update completed for 1 poms: local refresh takes 0.00 sec, refresh facades takes 0.00 sec, update config takes 0.00 sec 
2024-06-12 18:13:38,448 [Worker-156: Building] INFO  o.a.m.s.f.DefaultMavenResourcesFiltering - Copying 1 resource from src\main\resources to target\classes
2024-06-12 18:13:38,472 [Worker-156: Building] INFO  o.a.m.s.f.DefaultMavenResourcesFiltering - Copying 0 resource from src\main\resources to target\classes
2024-06-12 18:13:38,478 [Worker-156: Building] INFO  o.a.m.s.f.DefaultMavenResourcesFiltering - skip non existing resourceDirectory C:\Users\USER\Desktop\react project\library-app\02-backend\spring-boot-library\src\test\resources
2024-06-12 18:13:48,463 [Worker-162: Launching Executing clean in C__Users_USER_Desktop_react project_library-app_02-backend_spring-boot-library] INFO  o.eclipse.m2e.core.internal.Bundles - getClasspathEntries(Bundle=org.eclipse.m2e.maven.runtime_3.9.500.20231113-2345 [346])
2024-06-12 18:13:48,464 [Worker-162: Launching Executing clean in C__Users_USER_Desktop_react project_library-app_02-backend_spring-boot-library] INFO  o.eclipse.m2e.core.internal.Bundles - 	Entry: C:\Users\USER\Downloads\sts-4.21.1.RELEASE\plugins\org.eclipse.m2e.maven.runtime_3.9.500.20231113-2345
2024-06-12 18:13:48,465 [Worker-162: Launching Executing clean in C__Users_USER_Desktop_react project_library-app_02-backend_spring-boot-library] INFO  o.eclipse.m2e.core.internal.Bundles - 	Entry: C:\Users\USER\Downloads\sts-4.21.1.RELEASE\plugins\org.eclipse.m2e.maven.runtime_3.9.500.20231113-2345\jars\aopalliance-1.0.jar
2024-06-12 18:13:48,465 [Worker-162: Launching Executing clean in C__Users_USER_Desktop_react project_library-app_02-backend_spring-boot-library] INFO  o.eclipse.m2e.core.internal.Bundles - 	Entry: C:\Users\USER\Downloads\sts-4.21.1.RELEASE\plugins\org.eclipse.m2e.maven.runtime_3.9.500.20231113-2345\jars\guice-5.1.0.jar
2024-06-12 18:13:48,465 [Worker-162: Launching Executing clean in C__Users_USER_Desktop_react project_library-app_02-backend_spring-boot-library] INFO  o.eclipse.m2e.core.internal.Bundles - 	Entry: C:\Users\USER\Downloads\sts-4.21.1.RELEASE\plugins\org.eclipse.m2e.maven.runtime_3.9.500.20231113-2345\jars\httpclient-4.5.14.jar
2024-06-12 18:13:48,466 [Worker-162: Launching Executing clean in C__Users_USER_Desktop_react project_library-app_02-backend_spring-boot-library] INFO  o.eclipse.m2e.core.internal.Bundles - 	Entry: C:\Users\USER\Downloads\sts-4.21.1.RELEASE\plugins\org.eclipse.m2e.maven.runtime_3.9.500.20231113-2345\jars\httpcore-4.4.16.jar
2024-06-12 18:13:48,466 [Worker-162: Launching Executing clean in C__Users_USER_Desktop_react project_library-app_02-backend_spring-boot-library] INFO  o.eclipse.m2e.core.internal.Bundles - 	Entry: C:\Users\USER\Downloads\sts-4.21.1.RELEASE\plugins\org.eclipse.m2e.maven.runtime_3.9.500.20231113-2345\jars\jansi-2.4.0.jar
2024-06-12 18:13:48,466 [Worker-162: Launching Executing clean in C__Users_USER_Desktop_react project_library-app_02-backend_spring-boot-library] INFO  o.eclipse.m2e.core.internal.Bundles - 	Entry: C:\Users\USER\Downloads\sts-4.21.1.RELEASE\plugins\org.eclipse.m2e.maven.runtime_3.9.500.20231113-2345\jars\jcl-over-slf4j-1.7.36.jar
2024-06-12 18:13:48,467 [Worker-162: Launching Executing clean in C__Users_USER_Desktop_react project_library-app_02-backend_spring-boot-library] INFO  o.eclipse.m2e.core.internal.Bundles - 	Entry: C:\Users\USER\Downloads\sts-4.21.1.RELEASE\plugins\org.eclipse.m2e.maven.runtime_3.9.500.20231113-2345\jars\maven-artifact-3.9.5.jar
2024-06-12 18:13:48,467 [Worker-162: Launching Executing clean in C__Users_USER_Desktop_react project_library-app_02-backend_spring-boot-library] INFO  o.eclipse.m2e.core.internal.Bundles - 	Entry: C:\Users\USER\Downloads\sts-4.21.1.RELEASE\plugins\org.eclipse.m2e.maven.runtime_3.9.500.20231113-2345\jars\maven-builder-support-3.9.5.jar
2024-06-12 18:13:48,467 [Worker-162: Launching Executing clean in C__Users_USER_Desktop_react project_library-app_02-backend_spring-boot-library] INFO  o.eclipse.m2e.core.internal.Bundles - 	Entry: C:\Users\USER\Downloads\sts-4.21.1.RELEASE\plugins\org.eclipse.m2e.maven.runtime_3.9.500.20231113-2345\jars\maven-compat-3.9.5.jar
2024-06-12 18:13:48,467 [Worker-162: Launching Executing clean in C__Users_USER_Desktop_react project_library-app_02-backend_spring-boot-library] INFO  o.eclipse.m2e.core.internal.Bundles - 	Entry: C:\Users\USER\Downloads\sts-4.21.1.RELEASE\plugins\org.eclipse.m2e.maven.runtime_3.9.500.20231113-2345\jars\maven-core-3.9.5.jar
2024-06-12 18:13:48,468 [Worker-162: Launching Executing clean in C__Users_USER_Desktop_react project_library-app_02-backend_spring-boot-library] INFO  o.eclipse.m2e.core.internal.Bundles - 	Entry: C:\Users\USER\Downloads\sts-4.21.1.RELEASE\plugins\org.eclipse.m2e.maven.runtime_3.9.500.20231113-2345\jars\maven-embedder-3.9.5.jar
2024-06-12 18:13:48,469 [Worker-162: Launching Executing clean in C__Users_USER_Desktop_react project_library-app_02-backend_spring-boot-library] INFO  o.eclipse.m2e.core.internal.Bundles - 	Entry: C:\Users\USER\Downloads\sts-4.21.1.RELEASE\plugins\org.eclipse.m2e.maven.runtime_3.9.500.20231113-2345\jars\maven-model-3.9.5.jar
2024-06-12 18:13:48,469 [Worker-162: Launching Executing clean in C__Users_USER_Desktop_react project_library-app_02-backend_spring-boot-library] INFO  o.eclipse.m2e.core.internal.Bundles - 	Entry: C:\Users\USER\Downloads\sts-4.21.1.RELEASE\plugins\org.eclipse.m2e.maven.runtime_3.9.500.20231113-2345\jars\maven-model-builder-3.9.5.jar
2024-06-12 18:13:48,469 [Worker-162: Launching Executing clean in C__Users_USER_Desktop_react project_library-app_02-backend_spring-boot-library] INFO  o.eclipse.m2e.core.internal.Bundles - 	Entry: C:\Users\USER\Downloads\sts-4.21.1.RELEASE\plugins\org.eclipse.m2e.maven.runtime_3.9.500.20231113-2345\jars\maven-plugin-api-3.9.5.jar
2024-06-12 18:13:48,470 [Worker-162: Launching Executing clean in C__Users_USER_Desktop_react project_library-app_02-backend_spring-boot-library] INFO  o.eclipse.m2e.core.internal.Bundles - 	Entry: C:\Users\USER\Downloads\sts-4.21.1.RELEASE\plugins\org.eclipse.m2e.maven.runtime_3.9.500.20231113-2345\jars\maven-repository-metadata-3.9.5.jar
2024-06-12 18:13:48,470 [Worker-162: Launching Executing clean in C__Users_USER_Desktop_react project_library-app_02-backend_spring-boot-library] INFO  o.eclipse.m2e.core.internal.Bundles - 	Entry: C:\Users\USER\Downloads\sts-4.21.1.RELEASE\plugins\org.eclipse.m2e.maven.runtime_3.9.500.20231113-2345\jars\maven-resolver-api-1.9.16.jar
2024-06-12 18:13:48,470 [Worker-162: Launching Executing clean in C__Users_USER_Desktop_react project_library-app_02-backend_spring-boot-library] INFO  o.eclipse.m2e.core.internal.Bundles - 	Entry: C:\Users\USER\Downloads\sts-4.21.1.RELEASE\plugins\org.eclipse.m2e.maven.runtime_3.9.500.20231113-2345\jars\maven-resolver-connector-basic-1.9.16.jar
2024-06-12 18:13:48,471 [Worker-162: Launching Executing clean in C__Users_USER_Desktop_react project_library-app_02-backend_spring-boot-library] INFO  o.eclipse.m2e.core.internal.Bundles - 	Entry: C:\Users\USER\Downloads\sts-4.21.1.RELEASE\plugins\org.eclipse.m2e.maven.runtime_3.9.500.20231113-2345\jars\maven-resolver-impl-1.9.16.jar
2024-06-12 18:13:48,471 [Worker-162: Launching Executing clean in C__Users_USER_Desktop_react project_library-app_02-backend_spring-boot-library] INFO  o.eclipse.m2e.core.internal.Bundles - 	Entry: C:\Users\USER\Downloads\sts-4.21.1.RELEASE\plugins\org.eclipse.m2e.maven.runtime_3.9.500.20231113-2345\jars\maven-resolver-named-locks-1.9.16.jar
2024-06-12 18:13:48,471 [Worker-162: Launching Executing clean in C__Users_USER_Desktop_react project_library-app_02-backend_spring-boot-library] INFO  o.eclipse.m2e.core.internal.Bundles - 	Entry: C:\Users\USER\Downloads\sts-4.21.1.RELEASE\plugins\org.eclipse.m2e.maven.runtime_3.9.500.20231113-2345\jars\maven-resolver-provider-3.9.5.jar
2024-06-12 18:13:48,471 [Worker-162: Launching Executing clean in C__Users_USER_Desktop_react project_library-app_02-backend_spring-boot-library] INFO  o.eclipse.m2e.core.internal.Bundles - 	Entry: C:\Users\USER\Downloads\sts-4.21.1.RELEASE\plugins\org.eclipse.m2e.maven.runtime_3.9.500.20231113-2345\jars\maven-resolver-spi-1.9.16.jar
2024-06-12 18:13:48,472 [Worker-162: Launching Executing clean in C__Users_USER_Desktop_react project_library-app_02-backend_spring-boot-library] INFO  o.eclipse.m2e.core.internal.Bundles - 	Entry: C:\Users\USER\Downloads\sts-4.21.1.RELEASE\plugins\org.eclipse.m2e.maven.runtime_3.9.500.20231113-2345\jars\maven-resolver-transport-file-1.9.16.jar
2024-06-12 18:13:48,472 [Worker-162: Launching Executing clean in C__Users_USER_Desktop_react project_library-app_02-backend_spring-boot-library] INFO  o.eclipse.m2e.core.internal.Bundles - 	Entry: C:\Users\USER\Downloads\sts-4.21.1.RELEASE\plugins\org.eclipse.m2e.maven.runtime_3.9.500.20231113-2345\jars\maven-resolver-transport-http-1.9.16.jar
2024-06-12 18:13:48,472 [Worker-162: Launching Executing clean in C__Users_USER_Desktop_react project_library-app_02-backend_spring-boot-library] INFO  o.eclipse.m2e.core.internal.Bundles - 	Entry: C:\Users\USER\Downloads\sts-4.21.1.RELEASE\plugins\org.eclipse.m2e.maven.runtime_3.9.500.20231113-2345\jars\maven-resolver-transport-wagon-1.9.16.jar
2024-06-12 18:13:48,473 [Worker-162: Launching Executing clean in C__Users_USER_Desktop_react project_library-app_02-backend_spring-boot-library] INFO  o.eclipse.m2e.core.internal.Bundles - 	Entry: C:\Users\USER\Downloads\sts-4.21.1.RELEASE\plugins\org.eclipse.m2e.maven.runtime_3.9.500.20231113-2345\jars\maven-resolver-util-1.9.16.jar
2024-06-12 18:13:48,473 [Worker-162: Launching Executing clean in C__Users_USER_Desktop_react project_library-app_02-backend_spring-boot-library] INFO  o.eclipse.m2e.core.internal.Bundles - 	Entry: C:\Users\USER\Downloads\sts-4.21.1.RELEASE\plugins\org.eclipse.m2e.maven.runtime_3.9.500.20231113-2345\jars\maven-settings-3.9.5.jar
2024-06-12 18:13:48,474 [Worker-162: Launching Executing clean in C__Users_USER_Desktop_react project_library-app_02-backend_spring-boot-library] INFO  o.eclipse.m2e.core.internal.Bundles - 	Entry: C:\Users\USER\Downloads\sts-4.21.1.RELEASE\plugins\org.eclipse.m2e.maven.runtime_3.9.500.20231113-2345\jars\maven-settings-builder-3.9.5.jar
2024-06-12 18:13:48,474 [Worker-162: Launching Executing clean in C__Users_USER_Desktop_react project_library-app_02-backend_spring-boot-library] INFO  o.eclipse.m2e.core.internal.Bundles - 	Entry: C:\Users\USER\Downloads\sts-4.21.1.RELEASE\plugins\org.eclipse.m2e.maven.runtime_3.9.500.20231113-2345\jars\maven-shared-utils-3.3.4.jar
2024-06-12 18:13:48,475 [Worker-162: Launching Executing clean in C__Users_USER_Desktop_react project_library-app_02-backend_spring-boot-library] INFO  o.eclipse.m2e.core.internal.Bundles - 	Entry: C:\Users\USER\Downloads\sts-4.21.1.RELEASE\plugins\org.eclipse.m2e.maven.runtime_3.9.500.20231113-2345\jars\org.eclipse.sisu.inject-0.3.5.jar
2024-06-12 18:13:48,475 [Worker-162: Launching Executing clean in C__Users_USER_Desktop_react project_library-app_02-backend_spring-boot-library] INFO  o.eclipse.m2e.core.internal.Bundles - 	Entry: C:\Users\USER\Downloads\sts-4.21.1.RELEASE\plugins\org.eclipse.m2e.maven.runtime_3.9.500.20231113-2345\jars\org.eclipse.sisu.plexus-0.3.5.jar
2024-06-12 18:13:48,476 [Worker-162: Launching Executing clean in C__Users_USER_Desktop_react project_library-app_02-backend_spring-boot-library] INFO  o.eclipse.m2e.core.internal.Bundles - 	Entry: C:\Users\USER\Downloads\sts-4.21.1.RELEASE\plugins\org.eclipse.m2e.maven.runtime_3.9.500.20231113-2345\jars\plexus-build-api-0.0.7.jar
2024-06-12 18:13:48,476 [Worker-162: Launching Executing clean in C__Users_USER_Desktop_react project_library-app_02-backend_spring-boot-library] INFO  o.eclipse.m2e.core.internal.Bundles - 	Entry: C:\Users\USER\Downloads\sts-4.21.1.RELEASE\plugins\org.eclipse.m2e.maven.runtime_3.9.500.20231113-2345\jars\plexus-cipher-2.0.jar
2024-06-12 18:13:48,476 [Worker-162: Launching Executing clean in C__Users_USER_Desktop_react project_library-app_02-backend_spring-boot-library] INFO  o.eclipse.m2e.core.internal.Bundles - 	Entry: C:\Users\USER\Downloads\sts-4.21.1.RELEASE\plugins\org.eclipse.m2e.maven.runtime_3.9.500.20231113-2345\jars\plexus-classworlds-2.7.0.jar
2024-06-12 18:13:48,477 [Worker-162: Launching Executing clean in C__Users_USER_Desktop_react project_library-app_02-backend_spring-boot-library] INFO  o.eclipse.m2e.core.internal.Bundles - 	Entry: C:\Users\USER\Downloads\sts-4.21.1.RELEASE\plugins\org.eclipse.m2e.maven.runtime_3.9.500.20231113-2345\jars\plexus-component-annotations-2.1.0.jar
2024-06-12 18:13:48,477 [Worker-162: Launching Executing clean in C__Users_USER_Desktop_react project_library-app_02-backend_spring-boot-library] INFO  o.eclipse.m2e.core.internal.Bundles - 	Entry: C:\Users\USER\Downloads\sts-4.21.1.RELEASE\plugins\org.eclipse.m2e.maven.runtime_3.9.500.20231113-2345\jars\plexus-interpolation-1.26.jar
2024-06-12 18:13:48,478 [Worker-162: Launching Executing clean in C__Users_USER_Desktop_react project_library-app_02-backend_spring-boot-library] INFO  o.eclipse.m2e.core.internal.Bundles - 	Entry: C:\Users\USER\Downloads\sts-4.21.1.RELEASE\plugins\org.eclipse.m2e.maven.runtime_3.9.500.20231113-2345\jars\plexus-sec-dispatcher-2.0.jar
2024-06-12 18:13:48,478 [Worker-162: Launching Executing clean in C__Users_USER_Desktop_react project_library-app_02-backend_spring-boot-library] INFO  o.eclipse.m2e.core.internal.Bundles - 	Entry: C:\Users\USER\Downloads\sts-4.21.1.RELEASE\plugins\org.eclipse.m2e.maven.runtime_3.9.500.20231113-2345\jars\plexus-utils-3.5.1.jar
2024-06-12 18:13:48,478 [Worker-162: Launching Executing clean in C__Users_USER_Desktop_react project_library-app_02-backend_spring-boot-library] INFO  o.eclipse.m2e.core.internal.Bundles - 	Entry: C:\Users\USER\Downloads\sts-4.21.1.RELEASE\plugins\org.eclipse.m2e.maven.runtime_3.9.500.20231113-2345\jars\wagon-file-3.5.3.jar
2024-06-12 18:13:48,479 [Worker-162: Launching Executing clean in C__Users_USER_Desktop_react project_library-app_02-backend_spring-boot-library] INFO  o.eclipse.m2e.core.internal.Bundles - 	Entry: C:\Users\USER\Downloads\sts-4.21.1.RELEASE\plugins\org.eclipse.m2e.maven.runtime_3.9.500.20231113-2345\jars\wagon-http-3.5.3.jar
2024-06-12 18:13:48,479 [Worker-162: Launching Executing clean in C__Users_USER_Desktop_react project_library-app_02-backend_spring-boot-library] INFO  o.eclipse.m2e.core.internal.Bundles - 	Entry: C:\Users\USER\Downloads\sts-4.21.1.RELEASE\plugins\org.eclipse.m2e.maven.runtime_3.9.500.20231113-2345\jars\wagon-http-shared-3.5.3.jar
2024-06-12 18:13:48,479 [Worker-162: Launching Executing clean in C__Users_USER_Desktop_react project_library-app_02-backend_spring-boot-library] INFO  o.eclipse.m2e.core.internal.Bundles - 	Entry: C:\Users\USER\Downloads\sts-4.21.1.RELEASE\plugins\org.eclipse.m2e.maven.runtime_3.9.500.20231113-2345\jars\wagon-provider-api-3.5.3.jar
2024-06-12 18:13:48,480 [Worker-162: Launching Executing clean in C__Users_USER_Desktop_react project_library-app_02-backend_spring-boot-library] INFO  o.eclipse.m2e.core.internal.Bundles - getClasspathEntries(Bundle=com.google.guava_33.0.0.jre [25])
2024-06-12 18:13:48,481 [Worker-162: Launching Executing clean in C__Users_USER_Desktop_react project_library-app_02-backend_spring-boot-library] INFO  o.eclipse.m2e.core.internal.Bundles - 	Entry: C:\Users\USER\Downloads\sts-4.21.1.RELEASE\plugins\com.google.guava_33.0.0.jre.jar
2024-06-12 18:13:48,481 [Worker-162: Launching Executing clean in C__Users_USER_Desktop_react project_library-app_02-backend_spring-boot-library] INFO  o.eclipse.m2e.core.internal.Bundles - getClasspathEntries(Bundle=slf4j.api_2.0.9 [573])
2024-06-12 18:13:48,482 [Worker-162: Launching Executing clean in C__Users_USER_Desktop_react project_library-app_02-backend_spring-boot-library] INFO  o.eclipse.m2e.core.internal.Bundles - 	Entry: C:\Users\USER\Downloads\sts-4.21.1.RELEASE\plugins\slf4j.api_2.0.9.jar
2024-06-12 18:13:48,482 [Worker-162: Launching Executing clean in C__Users_USER_Desktop_react project_library-app_02-backend_spring-boot-library] INFO  o.eclipse.m2e.core.internal.Bundles - getClasspathEntries(Bundle=jakarta.inject.jakarta.inject-api_1.0.5 [41])
2024-06-12 18:13:48,482 [Worker-162: Launching Executing clean in C__Users_USER_Desktop_react project_library-app_02-backend_spring-boot-library] INFO  o.eclipse.m2e.core.internal.Bundles - 	Entry: C:\Users\USER\Downloads\sts-4.21.1.RELEASE\plugins\jakarta.inject.jakarta.inject-api_1.0.5.jar
2024-06-12 18:13:48,483 [Worker-162: Launching Executing clean in C__Users_USER_Desktop_react project_library-app_02-backend_spring-boot-library] INFO  o.eclipse.m2e.core.internal.Bundles - getClasspathEntries(Bundle=jakarta.annotation-api_1.3.5 [37])
2024-06-12 18:13:48,483 [Worker-162: Launching Executing clean in C__Users_USER_Desktop_react project_library-app_02-backend_spring-boot-library] INFO  o.eclipse.m2e.core.internal.Bundles - 	Entry: C:\Users\USER\Downloads\sts-4.21.1.RELEASE\plugins\jakarta.annotation-api_1.3.5.jar
2024-06-12 18:13:48,483 [Worker-162: Launching Executing clean in C__Users_USER_Desktop_react project_library-app_02-backend_spring-boot-library] INFO  o.eclipse.m2e.core.internal.Bundles - getClasspathEntries(Bundle=org.apache.commons.cli_1.6.0 [71])
2024-06-12 18:13:48,484 [Worker-162: Launching Executing clean in C__Users_USER_Desktop_react project_library-app_02-backend_spring-boot-library] INFO  o.eclipse.m2e.core.internal.Bundles - 	Entry: C:\Users\USER\Downloads\sts-4.21.1.RELEASE\plugins\org.apache.commons.cli_1.6.0.jar
2024-06-12 18:13:48,484 [Worker-162: Launching Executing clean in C__Users_USER_Desktop_react project_library-app_02-backend_spring-boot-library] INFO  o.eclipse.m2e.core.internal.Bundles - getClasspathEntries(Bundle=org.apache.commons.commons-codec_1.16.0 [73])
2024-06-12 18:13:48,485 [Worker-162: Launching Executing clean in C__Users_USER_Desktop_react project_library-app_02-backend_spring-boot-library] INFO  o.eclipse.m2e.core.internal.Bundles - 	Entry: C:\Users\USER\Downloads\sts-4.21.1.RELEASE\plugins\org.apache.commons.commons-codec_1.16.0.jar
2024-06-12 18:13:48,485 [Worker-162: Launching Executing clean in C__Users_USER_Desktop_react project_library-app_02-backend_spring-boot-library] INFO  o.eclipse.m2e.core.internal.Bundles - getClasspathEntries(Bundle=org.apache.commons.lang3_3.13.0 [77])
2024-06-12 18:13:48,486 [Worker-162: Launching Executing clean in C__Users_USER_Desktop_react project_library-app_02-backend_spring-boot-library] INFO  o.eclipse.m2e.core.internal.Bundles - 	Entry: C:\Users\USER\Downloads\sts-4.21.1.RELEASE\plugins\org.apache.commons.lang3_3.13.0.jar
2024-06-12 18:13:48,486 [Worker-162: Launching Executing clean in C__Users_USER_Desktop_react project_library-app_02-backend_spring-boot-library] INFO  o.eclipse.m2e.core.internal.Bundles - getClasspathEntries(Bundle=com.google.guava.failureaccess_1.0.2 [27])
2024-06-12 18:13:48,487 [Worker-162: Launching Executing clean in C__Users_USER_Desktop_react project_library-app_02-backend_spring-boot-library] INFO  o.eclipse.m2e.core.internal.Bundles - 	Entry: C:\Users\USER\Downloads\sts-4.21.1.RELEASE\plugins\com.google.guava.failureaccess_1.0.2.jar
2024-06-12 18:13:48,490 [Worker-162: Launching Executing clean in C__Users_USER_Desktop_react project_library-app_02-backend_spring-boot-library] INFO  o.e.m.i.launch.MavenLaunchDelegate - Run build in "C:\Users\USER\Desktop\react project\library-app\02-backend\spring-boot-library":
2024-06-12 18:13:48,491 [Worker-162: Launching Executing clean in C__Users_USER_Desktop_react project_library-app_02-backend_spring-boot-library] INFO  o.e.m.i.launch.MavenLaunchDelegate -  mvn  -Ppom.xml -B -Dstyle.color=always clean
2024-06-12 18:14:03,302 [Worker-156: Launching Executing install in C__Users_USER_Desktop_react project_library-app_02-backend_spring-boot-library] INFO  o.eclipse.m2e.core.internal.Bundles - getClasspathEntries(Bundle=org.eclipse.m2e.maven.runtime_3.9.500.20231113-2345 [346])
2024-06-12 18:14:03,304 [Worker-156: Launching Executing install in C__Users_USER_Desktop_react project_library-app_02-backend_spring-boot-library] INFO  o.eclipse.m2e.core.internal.Bundles - 	Entry: C:\Users\USER\Downloads\sts-4.21.1.RELEASE\plugins\org.eclipse.m2e.maven.runtime_3.9.500.20231113-2345
2024-06-12 18:14:03,304 [Worker-156: Launching Executing install in C__Users_USER_Desktop_react project_library-app_02-backend_spring-boot-library] INFO  o.eclipse.m2e.core.internal.Bundles - 	Entry: C:\Users\USER\Downloads\sts-4.21.1.RELEASE\plugins\org.eclipse.m2e.maven.runtime_3.9.500.20231113-2345\jars\aopalliance-1.0.jar
2024-06-12 18:14:03,304 [Worker-156: Launching Executing install in C__Users_USER_Desktop_react project_library-app_02-backend_spring-boot-library] INFO  o.eclipse.m2e.core.internal.Bundles - 	Entry: C:\Users\USER\Downloads\sts-4.21.1.RELEASE\plugins\org.eclipse.m2e.maven.runtime_3.9.500.20231113-2345\jars\guice-5.1.0.jar
2024-06-12 18:14:03,305 [Worker-156: Launching Executing install in C__Users_USER_Desktop_react project_library-app_02-backend_spring-boot-library] INFO  o.eclipse.m2e.core.internal.Bundles - 	Entry: C:\Users\USER\Downloads\sts-4.21.1.RELEASE\plugins\org.eclipse.m2e.maven.runtime_3.9.500.20231113-2345\jars\httpclient-4.5.14.jar
2024-06-12 18:14:03,305 [Worker-156: Launching Executing install in C__Users_USER_Desktop_react project_library-app_02-backend_spring-boot-library] INFO  o.eclipse.m2e.core.internal.Bundles - 	Entry: C:\Users\USER\Downloads\sts-4.21.1.RELEASE\plugins\org.eclipse.m2e.maven.runtime_3.9.500.20231113-2345\jars\httpcore-4.4.16.jar
2024-06-12 18:14:03,305 [Worker-156: Launching Executing install in C__Users_USER_Desktop_react project_library-app_02-backend_spring-boot-library] INFO  o.eclipse.m2e.core.internal.Bundles - 	Entry: C:\Users\USER\Downloads\sts-4.21.1.RELEASE\plugins\org.eclipse.m2e.maven.runtime_3.9.500.20231113-2345\jars\jansi-2.4.0.jar
2024-06-12 18:14:03,306 [Worker-156: Launching Executing install in C__Users_USER_Desktop_react project_library-app_02-backend_spring-boot-library] INFO  o.eclipse.m2e.core.internal.Bundles - 	Entry: C:\Users\USER\Downloads\sts-4.21.1.RELEASE\plugins\org.eclipse.m2e.maven.runtime_3.9.500.20231113-2345\jars\jcl-over-slf4j-1.7.36.jar
2024-06-12 18:14:03,306 [Worker-156: Launching Executing install in C__Users_USER_Desktop_react project_library-app_02-backend_spring-boot-library] INFO  o.eclipse.m2e.core.internal.Bundles - 	Entry: C:\Users\USER\Downloads\sts-4.21.1.RELEASE\plugins\org.eclipse.m2e.maven.runtime_3.9.500.20231113-2345\jars\maven-artifact-3.9.5.jar
2024-06-12 18:14:03,306 [Worker-156: Launching Executing install in C__Users_USER_Desktop_react project_library-app_02-backend_spring-boot-library] INFO  o.eclipse.m2e.core.internal.Bundles - 	Entry: C:\Users\USER\Downloads\sts-4.21.1.RELEASE\plugins\org.eclipse.m2e.maven.runtime_3.9.500.20231113-2345\jars\maven-builder-support-3.9.5.jar
2024-06-12 18:14:03,307 [Worker-156: Launching Executing install in C__Users_USER_Desktop_react project_library-app_02-backend_spring-boot-library] INFO  o.eclipse.m2e.core.internal.Bundles - 	Entry: C:\Users\USER\Downloads\sts-4.21.1.RELEASE\plugins\org.eclipse.m2e.maven.runtime_3.9.500.20231113-2345\jars\maven-compat-3.9.5.jar
2024-06-12 18:14:03,307 [Worker-156: Launching Executing install in C__Users_USER_Desktop_react project_library-app_02-backend_spring-boot-library] INFO  o.eclipse.m2e.core.internal.Bundles - 	Entry: C:\Users\USER\Downloads\sts-4.21.1.RELEASE\plugins\org.eclipse.m2e.maven.runtime_3.9.500.20231113-2345\jars\maven-core-3.9.5.jar
2024-06-12 18:14:03,307 [Worker-156: Launching Executing install in C__Users_USER_Desktop_react project_library-app_02-backend_spring-boot-library] INFO  o.eclipse.m2e.core.internal.Bundles - 	Entry: C:\Users\USER\Downloads\sts-4.21.1.RELEASE\plugins\org.eclipse.m2e.maven.runtime_3.9.500.20231113-2345\jars\maven-embedder-3.9.5.jar
2024-06-12 18:14:03,307 [Worker-156: Launching Executing install in C__Users_USER_Desktop_react project_library-app_02-backend_spring-boot-library] INFO  o.eclipse.m2e.core.internal.Bundles - 	Entry: C:\Users\USER\Downloads\sts-4.21.1.RELEASE\plugins\org.eclipse.m2e.maven.runtime_3.9.500.20231113-2345\jars\maven-model-3.9.5.jar
2024-06-12 18:14:03,308 [Worker-156: Launching Executing install in C__Users_USER_Desktop_react project_library-app_02-backend_spring-boot-library] INFO  o.eclipse.m2e.core.internal.Bundles - 	Entry: C:\Users\USER\Downloads\sts-4.21.1.RELEASE\plugins\org.eclipse.m2e.maven.runtime_3.9.500.20231113-2345\jars\maven-model-builder-3.9.5.jar
2024-06-12 18:14:03,308 [Worker-156: Launching Executing install in C__Users_USER_Desktop_react project_library-app_02-backend_spring-boot-library] INFO  o.eclipse.m2e.core.internal.Bundles - 	Entry: C:\Users\USER\Downloads\sts-4.21.1.RELEASE\plugins\org.eclipse.m2e.maven.runtime_3.9.500.20231113-2345\jars\maven-plugin-api-3.9.5.jar
2024-06-12 18:14:03,308 [Worker-156: Launching Executing install in C__Users_USER_Desktop_react project_library-app_02-backend_spring-boot-library] INFO  o.eclipse.m2e.core.internal.Bundles - 	Entry: C:\Users\USER\Downloads\sts-4.21.1.RELEASE\plugins\org.eclipse.m2e.maven.runtime_3.9.500.20231113-2345\jars\maven-repository-metadata-3.9.5.jar
2024-06-12 18:14:03,309 [Worker-156: Launching Executing install in C__Users_USER_Desktop_react project_library-app_02-backend_spring-boot-library] INFO  o.eclipse.m2e.core.internal.Bundles - 	Entry: C:\Users\USER\Downloads\sts-4.21.1.RELEASE\plugins\org.eclipse.m2e.maven.runtime_3.9.500.20231113-2345\jars\maven-resolver-api-1.9.16.jar
2024-06-12 18:14:03,309 [Worker-156: Launching Executing install in C__Users_USER_Desktop_react project_library-app_02-backend_spring-boot-library] INFO  o.eclipse.m2e.core.internal.Bundles - 	Entry: C:\Users\USER\Downloads\sts-4.21.1.RELEASE\plugins\org.eclipse.m2e.maven.runtime_3.9.500.20231113-2345\jars\maven-resolver-connector-basic-1.9.16.jar
2024-06-12 18:14:03,309 [Worker-156: Launching Executing install in C__Users_USER_Desktop_react project_library-app_02-backend_spring-boot-library] INFO  o.eclipse.m2e.core.internal.Bundles - 	Entry: C:\Users\USER\Downloads\sts-4.21.1.RELEASE\plugins\org.eclipse.m2e.maven.runtime_3.9.500.20231113-2345\jars\maven-resolver-impl-1.9.16.jar
2024-06-12 18:14:03,310 [Worker-156: Launching Executing install in C__Users_USER_Desktop_react project_library-app_02-backend_spring-boot-library] INFO  o.eclipse.m2e.core.internal.Bundles - 	Entry: C:\Users\USER\Downloads\sts-4.21.1.RELEASE\plugins\org.eclipse.m2e.maven.runtime_3.9.500.20231113-2345\jars\maven-resolver-named-locks-1.9.16.jar
2024-06-12 18:14:03,310 [Worker-156: Launching Executing install in C__Users_USER_Desktop_react project_library-app_02-backend_spring-boot-library] INFO  o.eclipse.m2e.core.internal.Bundles - 	Entry: C:\Users\USER\Downloads\sts-4.21.1.RELEASE\plugins\org.eclipse.m2e.maven.runtime_3.9.500.20231113-2345\jars\maven-resolver-provider-3.9.5.jar
2024-06-12 18:14:03,311 [Worker-156: Launching Executing install in C__Users_USER_Desktop_react project_library-app_02-backend_spring-boot-library] INFO  o.eclipse.m2e.core.internal.Bundles - 	Entry: C:\Users\USER\Downloads\sts-4.21.1.RELEASE\plugins\org.eclipse.m2e.maven.runtime_3.9.500.20231113-2345\jars\maven-resolver-spi-1.9.16.jar
2024-06-12 18:14:03,311 [Worker-156: Launching Executing install in C__Users_USER_Desktop_react project_library-app_02-backend_spring-boot-library] INFO  o.eclipse.m2e.core.internal.Bundles - 	Entry: C:\Users\USER\Downloads\sts-4.21.1.RELEASE\plugins\org.eclipse.m2e.maven.runtime_3.9.500.20231113-2345\jars\maven-resolver-transport-file-1.9.16.jar
2024-06-12 18:14:03,311 [Worker-156: Launching Executing install in C__Users_USER_Desktop_react project_library-app_02-backend_spring-boot-library] INFO  o.eclipse.m2e.core.internal.Bundles - 	Entry: C:\Users\USER\Downloads\sts-4.21.1.RELEASE\plugins\org.eclipse.m2e.maven.runtime_3.9.500.20231113-2345\jars\maven-resolver-transport-http-1.9.16.jar
2024-06-12 18:14:03,312 [Worker-156: Launching Executing install in C__Users_USER_Desktop_react project_library-app_02-backend_spring-boot-library] INFO  o.eclipse.m2e.core.internal.Bundles - 	Entry: C:\Users\USER\Downloads\sts-4.21.1.RELEASE\plugins\org.eclipse.m2e.maven.runtime_3.9.500.20231113-2345\jars\maven-resolver-transport-wagon-1.9.16.jar
2024-06-12 18:14:03,312 [Worker-156: Launching Executing install in C__Users_USER_Desktop_react project_library-app_02-backend_spring-boot-library] INFO  o.eclipse.m2e.core.internal.Bundles - 	Entry: C:\Users\USER\Downloads\sts-4.21.1.RELEASE\plugins\org.eclipse.m2e.maven.runtime_3.9.500.20231113-2345\jars\maven-resolver-util-1.9.16.jar
2024-06-12 18:14:03,312 [Worker-156: Launching Executing install in C__Users_USER_Desktop_react project_library-app_02-backend_spring-boot-library] INFO  o.eclipse.m2e.core.internal.Bundles - 	Entry: C:\Users\USER\Downloads\sts-4.21.1.RELEASE\plugins\org.eclipse.m2e.maven.runtime_3.9.500.20231113-2345\jars\maven-settings-3.9.5.jar
2024-06-12 18:14:03,312 [Worker-156: Launching Executing install in C__Users_USER_Desktop_react project_library-app_02-backend_spring-boot-library] INFO  o.eclipse.m2e.core.internal.Bundles - 	Entry: C:\Users\USER\Downloads\sts-4.21.1.RELEASE\plugins\org.eclipse.m2e.maven.runtime_3.9.500.20231113-2345\jars\maven-settings-builder-3.9.5.jar
2024-06-12 18:14:03,313 [Worker-156: Launching Executing install in C__Users_USER_Desktop_react project_library-app_02-backend_spring-boot-library] INFO  o.eclipse.m2e.core.internal.Bundles - 	Entry: C:\Users\USER\Downloads\sts-4.21.1.RELEASE\plugins\org.eclipse.m2e.maven.runtime_3.9.500.20231113-2345\jars\maven-shared-utils-3.3.4.jar
2024-06-12 18:14:03,313 [Worker-156: Launching Executing install in C__Users_USER_Desktop_react project_library-app_02-backend_spring-boot-library] INFO  o.eclipse.m2e.core.internal.Bundles - 	Entry: C:\Users\USER\Downloads\sts-4.21.1.RELEASE\plugins\org.eclipse.m2e.maven.runtime_3.9.500.20231113-2345\jars\org.eclipse.sisu.inject-0.3.5.jar
2024-06-12 18:14:03,313 [Worker-156: Launching Executing install in C__Users_USER_Desktop_react project_library-app_02-backend_spring-boot-library] INFO  o.eclipse.m2e.core.internal.Bundles - 	Entry: C:\Users\USER\Downloads\sts-4.21.1.RELEASE\plugins\org.eclipse.m2e.maven.runtime_3.9.500.20231113-2345\jars\org.eclipse.sisu.plexus-0.3.5.jar
2024-06-12 18:14:03,314 [Worker-156: Launching Executing install in C__Users_USER_Desktop_react project_library-app_02-backend_spring-boot-library] INFO  o.eclipse.m2e.core.internal.Bundles - 	Entry: C:\Users\USER\Downloads\sts-4.21.1.RELEASE\plugins\org.eclipse.m2e.maven.runtime_3.9.500.20231113-2345\jars\plexus-build-api-0.0.7.jar
2024-06-12 18:14:03,314 [Worker-156: Launching Executing install in C__Users_USER_Desktop_react project_library-app_02-backend_spring-boot-library] INFO  o.eclipse.m2e.core.internal.Bundles - 	Entry: C:\Users\USER\Downloads\sts-4.21.1.RELEASE\plugins\org.eclipse.m2e.maven.runtime_3.9.500.20231113-2345\jars\plexus-cipher-2.0.jar
2024-06-12 18:14:03,314 [Worker-156: Launching Executing install in C__Users_USER_Desktop_react project_library-app_02-backend_spring-boot-library] INFO  o.eclipse.m2e.core.internal.Bundles - 	Entry: C:\Users\USER\Downloads\sts-4.21.1.RELEASE\plugins\org.eclipse.m2e.maven.runtime_3.9.500.20231113-2345\jars\plexus-classworlds-2.7.0.jar
2024-06-12 18:14:03,315 [Worker-156: Launching Executing install in C__Users_USER_Desktop_react project_library-app_02-backend_spring-boot-library] INFO  o.eclipse.m2e.core.internal.Bundles - 	Entry: C:\Users\USER\Downloads\sts-4.21.1.RELEASE\plugins\org.eclipse.m2e.maven.runtime_3.9.500.20231113-2345\jars\plexus-component-annotations-2.1.0.jar
2024-06-12 18:14:03,315 [Worker-156: Launching Executing install in C__Users_USER_Desktop_react project_library-app_02-backend_spring-boot-library] INFO  o.eclipse.m2e.core.internal.Bundles - 	Entry: C:\Users\USER\Downloads\sts-4.21.1.RELEASE\plugins\org.eclipse.m2e.maven.runtime_3.9.500.20231113-2345\jars\plexus-interpolation-1.26.jar
2024-06-12 18:14:03,315 [Worker-156: Launching Executing install in C__Users_USER_Desktop_react project_library-app_02-backend_spring-boot-library] INFO  o.eclipse.m2e.core.internal.Bundles - 	Entry: C:\Users\USER\Downloads\sts-4.21.1.RELEASE\plugins\org.eclipse.m2e.maven.runtime_3.9.500.20231113-2345\jars\plexus-sec-dispatcher-2.0.jar
2024-06-12 18:14:03,316 [Worker-156: Launching Executing install in C__Users_USER_Desktop_react project_library-app_02-backend_spring-boot-library] INFO  o.eclipse.m2e.core.internal.Bundles - 	Entry: C:\Users\USER\Downloads\sts-4.21.1.RELEASE\plugins\org.eclipse.m2e.maven.runtime_3.9.500.20231113-2345\jars\plexus-utils-3.5.1.jar
2024-06-12 18:14:03,316 [Worker-156: Launching Executing install in C__Users_USER_Desktop_react project_library-app_02-backend_spring-boot-library] INFO  o.eclipse.m2e.core.internal.Bundles - 	Entry: C:\Users\USER\Downloads\sts-4.21.1.RELEASE\plugins\org.eclipse.m2e.maven.runtime_3.9.500.20231113-2345\jars\wagon-file-3.5.3.jar
2024-06-12 18:14:03,316 [Worker-156: Launching Executing install in C__Users_USER_Desktop_react project_library-app_02-backend_spring-boot-library] INFO  o.eclipse.m2e.core.internal.Bundles - 	Entry: C:\Users\USER\Downloads\sts-4.21.1.RELEASE\plugins\org.eclipse.m2e.maven.runtime_3.9.500.20231113-2345\jars\wagon-http-3.5.3.jar
2024-06-12 18:14:03,317 [Worker-156: Launching Executing install in C__Users_USER_Desktop_react project_library-app_02-backend_spring-boot-library] INFO  o.eclipse.m2e.core.internal.Bundles - 	Entry: C:\Users\USER\Downloads\sts-4.21.1.RELEASE\plugins\org.eclipse.m2e.maven.runtime_3.9.500.20231113-2345\jars\wagon-http-shared-3.5.3.jar
2024-06-12 18:14:03,317 [Worker-156: Launching Executing install in C__Users_USER_Desktop_react project_library-app_02-backend_spring-boot-library] INFO  o.eclipse.m2e.core.internal.Bundles - 	Entry: C:\Users\USER\Downloads\sts-4.21.1.RELEASE\plugins\org.eclipse.m2e.maven.runtime_3.9.500.20231113-2345\jars\wagon-provider-api-3.5.3.jar
2024-06-12 18:14:03,318 [Worker-156: Launching Executing install in C__Users_USER_Desktop_react project_library-app_02-backend_spring-boot-library] INFO  o.eclipse.m2e.core.internal.Bundles - getClasspathEntries(Bundle=com.google.guava_33.0.0.jre [25])
2024-06-12 18:14:03,319 [Worker-156: Launching Executing install in C__Users_USER_Desktop_react project_library-app_02-backend_spring-boot-library] INFO  o.eclipse.m2e.core.internal.Bundles - 	Entry: C:\Users\USER\Downloads\sts-4.21.1.RELEASE\plugins\com.google.guava_33.0.0.jre.jar
2024-06-12 18:14:03,319 [Worker-156: Launching Executing install in C__Users_USER_Desktop_react project_library-app_02-backend_spring-boot-library] INFO  o.eclipse.m2e.core.internal.Bundles - getClasspathEntries(Bundle=slf4j.api_2.0.9 [573])
2024-06-12 18:14:03,320 [Worker-156: Launching Executing install in C__Users_USER_Desktop_react project_library-app_02-backend_spring-boot-library] INFO  o.eclipse.m2e.core.internal.Bundles - 	Entry: C:\Users\USER\Downloads\sts-4.21.1.RELEASE\plugins\slf4j.api_2.0.9.jar
2024-06-12 18:14:03,320 [Worker-156: Launching Executing install in C__Users_USER_Desktop_react project_library-app_02-backend_spring-boot-library] INFO  o.eclipse.m2e.core.internal.Bundles - getClasspathEntries(Bundle=jakarta.inject.jakarta.inject-api_1.0.5 [41])
2024-06-12 18:14:03,321 [Worker-156: Launching Executing install in C__Users_USER_Desktop_react project_library-app_02-backend_spring-boot-library] INFO  o.eclipse.m2e.core.internal.Bundles - 	Entry: C:\Users\USER\Downloads\sts-4.21.1.RELEASE\plugins\jakarta.inject.jakarta.inject-api_1.0.5.jar
2024-06-12 18:14:03,321 [Worker-156: Launching Executing install in C__Users_USER_Desktop_react project_library-app_02-backend_spring-boot-library] INFO  o.eclipse.m2e.core.internal.Bundles - getClasspathEntries(Bundle=jakarta.annotation-api_1.3.5 [37])
2024-06-12 18:14:03,322 [Worker-156: Launching Executing install in C__Users_USER_Desktop_react project_library-app_02-backend_spring-boot-library] INFO  o.eclipse.m2e.core.internal.Bundles - 	Entry: C:\Users\USER\Downloads\sts-4.21.1.RELEASE\plugins\jakarta.annotation-api_1.3.5.jar
2024-06-12 18:14:03,322 [Worker-156: Launching Executing install in C__Users_USER_Desktop_react project_library-app_02-backend_spring-boot-library] INFO  o.eclipse.m2e.core.internal.Bundles - getClasspathEntries(Bundle=org.apache.commons.cli_1.6.0 [71])
2024-06-12 18:14:03,323 [Worker-156: Launching Executing install in C__Users_USER_Desktop_react project_library-app_02-backend_spring-boot-library] INFO  o.eclipse.m2e.core.internal.Bundles - 	Entry: C:\Users\USER\Downloads\sts-4.21.1.RELEASE\plugins\org.apache.commons.cli_1.6.0.jar
2024-06-12 18:14:03,323 [Worker-156: Launching Executing install in C__Users_USER_Desktop_react project_library-app_02-backend_spring-boot-library] INFO  o.eclipse.m2e.core.internal.Bundles - getClasspathEntries(Bundle=org.apache.commons.commons-codec_1.16.0 [73])
2024-06-12 18:14:03,324 [Worker-156: Launching Executing install in C__Users_USER_Desktop_react project_library-app_02-backend_spring-boot-library] INFO  o.eclipse.m2e.core.internal.Bundles - 	Entry: C:\Users\USER\Downloads\sts-4.21.1.RELEASE\plugins\org.apache.commons.commons-codec_1.16.0.jar
2024-06-12 18:14:03,324 [Worker-156: Launching Executing install in C__Users_USER_Desktop_react project_library-app_02-backend_spring-boot-library] INFO  o.eclipse.m2e.core.internal.Bundles - getClasspathEntries(Bundle=org.apache.commons.lang3_3.13.0 [77])
2024-06-12 18:14:03,325 [Worker-156: Launching Executing install in C__Users_USER_Desktop_react project_library-app_02-backend_spring-boot-library] INFO  o.eclipse.m2e.core.internal.Bundles - 	Entry: C:\Users\USER\Downloads\sts-4.21.1.RELEASE\plugins\org.apache.commons.lang3_3.13.0.jar
2024-06-12 18:14:03,325 [Worker-156: Launching Executing install in C__Users_USER_Desktop_react project_library-app_02-backend_spring-boot-library] INFO  o.eclipse.m2e.core.internal.Bundles - getClasspathEntries(Bundle=com.google.guava.failureaccess_1.0.2 [27])
2024-06-12 18:14:03,326 [Worker-156: Launching Executing install in C__Users_USER_Desktop_react project_library-app_02-backend_spring-boot-library] INFO  o.eclipse.m2e.core.internal.Bundles - 	Entry: C:\Users\USER\Downloads\sts-4.21.1.RELEASE\plugins\com.google.guava.failureaccess_1.0.2.jar
2024-06-12 18:14:03,330 [Worker-156: Launching Executing install in C__Users_USER_Desktop_react project_library-app_02-backend_spring-boot-library] INFO  o.e.m.i.launch.MavenLaunchDelegate - Run build in "C:\Users\USER\Desktop\react project\library-app\02-backend\spring-boot-library":
2024-06-12 18:14:03,330 [Worker-156: Launching Executing install in C__Users_USER_Desktop_react project_library-app_02-backend_spring-boot-library] INFO  o.e.m.i.launch.MavenLaunchDelegate -  mvn  -Ppom.xml -B -Dstyle.color=always install
2024-06-13 12:25:06,133 [Worker-8: Loading available Gradle versions] INFO  o.e.b.c.i.u.g.PublishedGradleVersions - Gradle version information cache is out-of-date. Trying to update.
2024-06-13 12:27:55,704 [Worker-0: Launching Executing clean in C__Users_USER_Desktop_react project_library-app_02-backend_spring-boot-library] INFO  o.eclipse.m2e.core.internal.Bundles - getClasspathEntries(Bundle=org.eclipse.m2e.maven.runtime_3.9.500.20231113-2345 [346])
2024-06-13 12:27:55,711 [Worker-0: Launching Executing clean in C__Users_USER_Desktop_react project_library-app_02-backend_spring-boot-library] INFO  o.eclipse.m2e.core.internal.Bundles - 	Entry: C:\Users\USER\Downloads\sts-4.21.1.RELEASE\plugins\org.eclipse.m2e.maven.runtime_3.9.500.20231113-2345
2024-06-13 12:27:55,711 [Worker-0: Launching Executing clean in C__Users_USER_Desktop_react project_library-app_02-backend_spring-boot-library] INFO  o.eclipse.m2e.core.internal.Bundles - 	Entry: C:\Users\USER\Downloads\sts-4.21.1.RELEASE\plugins\org.eclipse.m2e.maven.runtime_3.9.500.20231113-2345\jars\aopalliance-1.0.jar
2024-06-13 12:27:55,712 [Worker-0: Launching Executing clean in C__Users_USER_Desktop_react project_library-app_02-backend_spring-boot-library] INFO  o.eclipse.m2e.core.internal.Bundles - 	Entry: C:\Users\USER\Downloads\sts-4.21.1.RELEASE\plugins\org.eclipse.m2e.maven.runtime_3.9.500.20231113-2345\jars\guice-5.1.0.jar
2024-06-13 12:27:55,712 [Worker-0: Launching Executing clean in C__Users_USER_Desktop_react project_library-app_02-backend_spring-boot-library] INFO  o.eclipse.m2e.core.internal.Bundles - 	Entry: C:\Users\USER\Downloads\sts-4.21.1.RELEASE\plugins\org.eclipse.m2e.maven.runtime_3.9.500.20231113-2345\jars\httpclient-4.5.14.jar
2024-06-13 12:27:55,713 [Worker-0: Launching Executing clean in C__Users_USER_Desktop_react project_library-app_02-backend_spring-boot-library] INFO  o.eclipse.m2e.core.internal.Bundles - 	Entry: C:\Users\USER\Downloads\sts-4.21.1.RELEASE\plugins\org.eclipse.m2e.maven.runtime_3.9.500.20231113-2345\jars\httpcore-4.4.16.jar
2024-06-13 12:27:55,713 [Worker-0: Launching Executing clean in C__Users_USER_Desktop_react project_library-app_02-backend_spring-boot-library] INFO  o.eclipse.m2e.core.internal.Bundles - 	Entry: C:\Users\USER\Downloads\sts-4.21.1.RELEASE\plugins\org.eclipse.m2e.maven.runtime_3.9.500.20231113-2345\jars\jansi-2.4.0.jar
2024-06-13 12:27:55,714 [Worker-0: Launching Executing clean in C__Users_USER_Desktop_react project_library-app_02-backend_spring-boot-library] INFO  o.eclipse.m2e.core.internal.Bundles - 	Entry: C:\Users\USER\Downloads\sts-4.21.1.RELEASE\plugins\org.eclipse.m2e.maven.runtime_3.9.500.20231113-2345\jars\jcl-over-slf4j-1.7.36.jar
2024-06-13 12:27:55,714 [Worker-0: Launching Executing clean in C__Users_USER_Desktop_react project_library-app_02-backend_spring-boot-library] INFO  o.eclipse.m2e.core.internal.Bundles - 	Entry: C:\Users\USER\Downloads\sts-4.21.1.RELEASE\plugins\org.eclipse.m2e.maven.runtime_3.9.500.20231113-2345\jars\maven-artifact-3.9.5.jar
2024-06-13 12:27:55,714 [Worker-0: Launching Executing clean in C__Users_USER_Desktop_react project_library-app_02-backend_spring-boot-library] INFO  o.eclipse.m2e.core.internal.Bundles - 	Entry: C:\Users\USER\Downloads\sts-4.21.1.RELEASE\plugins\org.eclipse.m2e.maven.runtime_3.9.500.20231113-2345\jars\maven-builder-support-3.9.5.jar
2024-06-13 12:27:55,715 [Worker-0: Launching Executing clean in C__Users_USER_Desktop_react project_library-app_02-backend_spring-boot-library] INFO  o.eclipse.m2e.core.internal.Bundles - 	Entry: C:\Users\USER\Downloads\sts-4.21.1.RELEASE\plugins\org.eclipse.m2e.maven.runtime_3.9.500.20231113-2345\jars\maven-compat-3.9.5.jar
2024-06-13 12:27:55,715 [Worker-0: Launching Executing clean in C__Users_USER_Desktop_react project_library-app_02-backend_spring-boot-library] INFO  o.eclipse.m2e.core.internal.Bundles - 	Entry: C:\Users\USER\Downloads\sts-4.21.1.RELEASE\plugins\org.eclipse.m2e.maven.runtime_3.9.500.20231113-2345\jars\maven-core-3.9.5.jar
2024-06-13 12:27:55,715 [Worker-0: Launching Executing clean in C__Users_USER_Desktop_react project_library-app_02-backend_spring-boot-library] INFO  o.eclipse.m2e.core.internal.Bundles - 	Entry: C:\Users\USER\Downloads\sts-4.21.1.RELEASE\plugins\org.eclipse.m2e.maven.runtime_3.9.500.20231113-2345\jars\maven-embedder-3.9.5.jar
2024-06-13 12:27:55,715 [Worker-0: Launching Executing clean in C__Users_USER_Desktop_react project_library-app_02-backend_spring-boot-library] INFO  o.eclipse.m2e.core.internal.Bundles - 	Entry: C:\Users\USER\Downloads\sts-4.21.1.RELEASE\plugins\org.eclipse.m2e.maven.runtime_3.9.500.20231113-2345\jars\maven-model-3.9.5.jar
2024-06-13 12:27:55,716 [Worker-0: Launching Executing clean in C__Users_USER_Desktop_react project_library-app_02-backend_spring-boot-library] INFO  o.eclipse.m2e.core.internal.Bundles - 	Entry: C:\Users\USER\Downloads\sts-4.21.1.RELEASE\plugins\org.eclipse.m2e.maven.runtime_3.9.500.20231113-2345\jars\maven-model-builder-3.9.5.jar
2024-06-13 12:27:55,716 [Worker-0: Launching Executing clean in C__Users_USER_Desktop_react project_library-app_02-backend_spring-boot-library] INFO  o.eclipse.m2e.core.internal.Bundles - 	Entry: C:\Users\USER\Downloads\sts-4.21.1.RELEASE\plugins\org.eclipse.m2e.maven.runtime_3.9.500.20231113-2345\jars\maven-plugin-api-3.9.5.jar
2024-06-13 12:27:55,716 [Worker-0: Launching Executing clean in C__Users_USER_Desktop_react project_library-app_02-backend_spring-boot-library] INFO  o.eclipse.m2e.core.internal.Bundles - 	Entry: C:\Users\USER\Downloads\sts-4.21.1.RELEASE\plugins\org.eclipse.m2e.maven.runtime_3.9.500.20231113-2345\jars\maven-repository-metadata-3.9.5.jar
2024-06-13 12:27:55,717 [Worker-0: Launching Executing clean in C__Users_USER_Desktop_react project_library-app_02-backend_spring-boot-library] INFO  o.eclipse.m2e.core.internal.Bundles - 	Entry: C:\Users\USER\Downloads\sts-4.21.1.RELEASE\plugins\org.eclipse.m2e.maven.runtime_3.9.500.20231113-2345\jars\maven-resolver-api-1.9.16.jar
2024-06-13 12:27:55,717 [Worker-0: Launching Executing clean in C__Users_USER_Desktop_react project_library-app_02-backend_spring-boot-library] INFO  o.eclipse.m2e.core.internal.Bundles - 	Entry: C:\Users\USER\Downloads\sts-4.21.1.RELEASE\plugins\org.eclipse.m2e.maven.runtime_3.9.500.20231113-2345\jars\maven-resolver-connector-basic-1.9.16.jar
2024-06-13 12:27:55,717 [Worker-0: Launching Executing clean in C__Users_USER_Desktop_react project_library-app_02-backend_spring-boot-library] INFO  o.eclipse.m2e.core.internal.Bundles - 	Entry: C:\Users\USER\Downloads\sts-4.21.1.RELEASE\plugins\org.eclipse.m2e.maven.runtime_3.9.500.20231113-2345\jars\maven-resolver-impl-1.9.16.jar
2024-06-13 12:27:55,718 [Worker-0: Launching Executing clean in C__Users_USER_Desktop_react project_library-app_02-backend_spring-boot-library] INFO  o.eclipse.m2e.core.internal.Bundles - 	Entry: C:\Users\USER\Downloads\sts-4.21.1.RELEASE\plugins\org.eclipse.m2e.maven.runtime_3.9.500.20231113-2345\jars\maven-resolver-named-locks-1.9.16.jar
2024-06-13 12:27:55,718 [Worker-0: Launching Executing clean in C__Users_USER_Desktop_react project_library-app_02-backend_spring-boot-library] INFO  o.eclipse.m2e.core.internal.Bundles - 	Entry: C:\Users\USER\Downloads\sts-4.21.1.RELEASE\plugins\org.eclipse.m2e.maven.runtime_3.9.500.20231113-2345\jars\maven-resolver-provider-3.9.5.jar
2024-06-13 12:27:55,718 [Worker-0: Launching Executing clean in C__Users_USER_Desktop_react project_library-app_02-backend_spring-boot-library] INFO  o.eclipse.m2e.core.internal.Bundles - 	Entry: C:\Users\USER\Downloads\sts-4.21.1.RELEASE\plugins\org.eclipse.m2e.maven.runtime_3.9.500.20231113-2345\jars\maven-resolver-spi-1.9.16.jar
2024-06-13 12:27:55,718 [Worker-0: Launching Executing clean in C__Users_USER_Desktop_react project_library-app_02-backend_spring-boot-library] INFO  o.eclipse.m2e.core.internal.Bundles - 	Entry: C:\Users\USER\Downloads\sts-4.21.1.RELEASE\plugins\org.eclipse.m2e.maven.runtime_3.9.500.20231113-2345\jars\maven-resolver-transport-file-1.9.16.jar
2024-06-13 12:27:55,719 [Worker-0: Launching Executing clean in C__Users_USER_Desktop_react project_library-app_02-backend_spring-boot-library] INFO  o.eclipse.m2e.core.internal.Bundles - 	Entry: C:\Users\USER\Downloads\sts-4.21.1.RELEASE\plugins\org.eclipse.m2e.maven.runtime_3.9.500.20231113-2345\jars\maven-resolver-transport-http-1.9.16.jar
2024-06-13 12:27:55,719 [Worker-0: Launching Executing clean in C__Users_USER_Desktop_react project_library-app_02-backend_spring-boot-library] INFO  o.eclipse.m2e.core.internal.Bundles - 	Entry: C:\Users\USER\Downloads\sts-4.21.1.RELEASE\plugins\org.eclipse.m2e.maven.runtime_3.9.500.20231113-2345\jars\maven-resolver-transport-wagon-1.9.16.jar
2024-06-13 12:27:55,720 [Worker-0: Launching Executing clean in C__Users_USER_Desktop_react project_library-app_02-backend_spring-boot-library] INFO  o.eclipse.m2e.core.internal.Bundles - 	Entry: C:\Users\USER\Downloads\sts-4.21.1.RELEASE\plugins\org.eclipse.m2e.maven.runtime_3.9.500.20231113-2345\jars\maven-resolver-util-1.9.16.jar
2024-06-13 12:27:55,720 [Worker-0: Launching Executing clean in C__Users_USER_Desktop_react project_library-app_02-backend_spring-boot-library] INFO  o.eclipse.m2e.core.internal.Bundles - 	Entry: C:\Users\USER\Downloads\sts-4.21.1.RELEASE\plugins\org.eclipse.m2e.maven.runtime_3.9.500.20231113-2345\jars\maven-settings-3.9.5.jar
2024-06-13 12:27:55,720 [Worker-0: Launching Executing clean in C__Users_USER_Desktop_react project_library-app_02-backend_spring-boot-library] INFO  o.eclipse.m2e.core.internal.Bundles - 	Entry: C:\Users\USER\Downloads\sts-4.21.1.RELEASE\plugins\org.eclipse.m2e.maven.runtime_3.9.500.20231113-2345\jars\maven-settings-builder-3.9.5.jar
2024-06-13 12:27:55,720 [Worker-0: Launching Executing clean in C__Users_USER_Desktop_react project_library-app_02-backend_spring-boot-library] INFO  o.eclipse.m2e.core.internal.Bundles - 	Entry: C:\Users\USER\Downloads\sts-4.21.1.RELEASE\plugins\org.eclipse.m2e.maven.runtime_3.9.500.20231113-2345\jars\maven-shared-utils-3.3.4.jar
2024-06-13 12:27:55,720 [Worker-0: Launching Executing clean in C__Users_USER_Desktop_react project_library-app_02-backend_spring-boot-library] INFO  o.eclipse.m2e.core.internal.Bundles - 	Entry: C:\Users\USER\Downloads\sts-4.21.1.RELEASE\plugins\org.eclipse.m2e.maven.runtime_3.9.500.20231113-2345\jars\org.eclipse.sisu.inject-0.3.5.jar
2024-06-13 12:27:55,721 [Worker-0: Launching Executing clean in C__Users_USER_Desktop_react project_library-app_02-backend_spring-boot-library] INFO  o.eclipse.m2e.core.internal.Bundles - 	Entry: C:\Users\USER\Downloads\sts-4.21.1.RELEASE\plugins\org.eclipse.m2e.maven.runtime_3.9.500.20231113-2345\jars\org.eclipse.sisu.plexus-0.3.5.jar
2024-06-13 12:27:55,721 [Worker-0: Launching Executing clean in C__Users_USER_Desktop_react project_library-app_02-backend_spring-boot-library] INFO  o.eclipse.m2e.core.internal.Bundles - 	Entry: C:\Users\USER\Downloads\sts-4.21.1.RELEASE\plugins\org.eclipse.m2e.maven.runtime_3.9.500.20231113-2345\jars\plexus-build-api-0.0.7.jar
2024-06-13 12:27:55,721 [Worker-0: Launching Executing clean in C__Users_USER_Desktop_react project_library-app_02-backend_spring-boot-library] INFO  o.eclipse.m2e.core.internal.Bundles - 	Entry: C:\Users\USER\Downloads\sts-4.21.1.RELEASE\plugins\org.eclipse.m2e.maven.runtime_3.9.500.20231113-2345\jars\plexus-cipher-2.0.jar
2024-06-13 12:27:55,721 [Worker-0: Launching Executing clean in C__Users_USER_Desktop_react project_library-app_02-backend_spring-boot-library] INFO  o.eclipse.m2e.core.internal.Bundles - 	Entry: C:\Users\USER\Downloads\sts-4.21.1.RELEASE\plugins\org.eclipse.m2e.maven.runtime_3.9.500.20231113-2345\jars\plexus-classworlds-2.7.0.jar
2024-06-13 12:27:55,721 [Worker-0: Launching Executing clean in C__Users_USER_Desktop_react project_library-app_02-backend_spring-boot-library] INFO  o.eclipse.m2e.core.internal.Bundles - 	Entry: C:\Users\USER\Downloads\sts-4.21.1.RELEASE\plugins\org.eclipse.m2e.maven.runtime_3.9.500.20231113-2345\jars\plexus-component-annotations-2.1.0.jar
2024-06-13 12:27:55,721 [Worker-0: Launching Executing clean in C__Users_USER_Desktop_react project_library-app_02-backend_spring-boot-library] INFO  o.eclipse.m2e.core.internal.Bundles - 	Entry: C:\Users\USER\Downloads\sts-4.21.1.RELEASE\plugins\org.eclipse.m2e.maven.runtime_3.9.500.20231113-2345\jars\plexus-interpolation-1.26.jar
2024-06-13 12:27:55,722 [Worker-0: Launching Executing clean in C__Users_USER_Desktop_react project_library-app_02-backend_spring-boot-library] INFO  o.eclipse.m2e.core.internal.Bundles - 	Entry: C:\Users\USER\Downloads\sts-4.21.1.RELEASE\plugins\org.eclipse.m2e.maven.runtime_3.9.500.20231113-2345\jars\plexus-sec-dispatcher-2.0.jar
2024-06-13 12:27:55,722 [Worker-0: Launching Executing clean in C__Users_USER_Desktop_react project_library-app_02-backend_spring-boot-library] INFO  o.eclipse.m2e.core.internal.Bundles - 	Entry: C:\Users\USER\Downloads\sts-4.21.1.RELEASE\plugins\org.eclipse.m2e.maven.runtime_3.9.500.20231113-2345\jars\plexus-utils-3.5.1.jar
2024-06-13 12:27:55,722 [Worker-0: Launching Executing clean in C__Users_USER_Desktop_react project_library-app_02-backend_spring-boot-library] INFO  o.eclipse.m2e.core.internal.Bundles - 	Entry: C:\Users\USER\Downloads\sts-4.21.1.RELEASE\plugins\org.eclipse.m2e.maven.runtime_3.9.500.20231113-2345\jars\wagon-file-3.5.3.jar
2024-06-13 12:27:55,722 [Worker-0: Launching Executing clean in C__Users_USER_Desktop_react project_library-app_02-backend_spring-boot-library] INFO  o.eclipse.m2e.core.internal.Bundles - 	Entry: C:\Users\USER\Downloads\sts-4.21.1.RELEASE\plugins\org.eclipse.m2e.maven.runtime_3.9.500.20231113-2345\jars\wagon-http-3.5.3.jar
2024-06-13 12:27:55,722 [Worker-0: Launching Executing clean in C__Users_USER_Desktop_react project_library-app_02-backend_spring-boot-library] INFO  o.eclipse.m2e.core.internal.Bundles - 	Entry: C:\Users\USER\Downloads\sts-4.21.1.RELEASE\plugins\org.eclipse.m2e.maven.runtime_3.9.500.20231113-2345\jars\wagon-http-shared-3.5.3.jar
2024-06-13 12:27:55,723 [Worker-0: Launching Executing clean in C__Users_USER_Desktop_react project_library-app_02-backend_spring-boot-library] INFO  o.eclipse.m2e.core.internal.Bundles - 	Entry: C:\Users\USER\Downloads\sts-4.21.1.RELEASE\plugins\org.eclipse.m2e.maven.runtime_3.9.500.20231113-2345\jars\wagon-provider-api-3.5.3.jar
2024-06-13 12:27:55,727 [Worker-0: Launching Executing clean in C__Users_USER_Desktop_react project_library-app_02-backend_spring-boot-library] INFO  o.eclipse.m2e.core.internal.Bundles - getClasspathEntries(Bundle=com.google.guava_33.0.0.jre [25])
2024-06-13 12:27:55,728 [Worker-0: Launching Executing clean in C__Users_USER_Desktop_react project_library-app_02-backend_spring-boot-library] INFO  o.eclipse.m2e.core.internal.Bundles - 	Entry: C:\Users\USER\Downloads\sts-4.21.1.RELEASE\plugins\com.google.guava_33.0.0.jre.jar
2024-06-13 12:27:55,728 [Worker-0: Launching Executing clean in C__Users_USER_Desktop_react project_library-app_02-backend_spring-boot-library] INFO  o.eclipse.m2e.core.internal.Bundles - getClasspathEntries(Bundle=slf4j.api_2.0.9 [573])
2024-06-13 12:27:55,728 [Worker-0: Launching Executing clean in C__Users_USER_Desktop_react project_library-app_02-backend_spring-boot-library] INFO  o.eclipse.m2e.core.internal.Bundles - 	Entry: C:\Users\USER\Downloads\sts-4.21.1.RELEASE\plugins\slf4j.api_2.0.9.jar
2024-06-13 12:27:55,729 [Worker-0: Launching Executing clean in C__Users_USER_Desktop_react project_library-app_02-backend_spring-boot-library] INFO  o.eclipse.m2e.core.internal.Bundles - getClasspathEntries(Bundle=jakarta.inject.jakarta.inject-api_1.0.5 [41])
2024-06-13 12:27:55,729 [Worker-0: Launching Executing clean in C__Users_USER_Desktop_react project_library-app_02-backend_spring-boot-library] INFO  o.eclipse.m2e.core.internal.Bundles - 	Entry: C:\Users\USER\Downloads\sts-4.21.1.RELEASE\plugins\jakarta.inject.jakarta.inject-api_1.0.5.jar
2024-06-13 12:27:55,729 [Worker-0: Launching Executing clean in C__Users_USER_Desktop_react project_library-app_02-backend_spring-boot-library] INFO  o.eclipse.m2e.core.internal.Bundles - getClasspathEntries(Bundle=jakarta.annotation-api_1.3.5 [37])
2024-06-13 12:27:55,730 [Worker-0: Launching Executing clean in C__Users_USER_Desktop_react project_library-app_02-backend_spring-boot-library] INFO  o.eclipse.m2e.core.internal.Bundles - 	Entry: C:\Users\USER\Downloads\sts-4.21.1.RELEASE\plugins\jakarta.annotation-api_1.3.5.jar
2024-06-13 12:27:55,730 [Worker-0: Launching Executing clean in C__Users_USER_Desktop_react project_library-app_02-backend_spring-boot-library] INFO  o.eclipse.m2e.core.internal.Bundles - getClasspathEntries(Bundle=org.apache.commons.cli_1.6.0 [71])
2024-06-13 12:27:55,730 [Worker-0: Launching Executing clean in C__Users_USER_Desktop_react project_library-app_02-backend_spring-boot-library] INFO  o.eclipse.m2e.core.internal.Bundles - 	Entry: C:\Users\USER\Downloads\sts-4.21.1.RELEASE\plugins\org.apache.commons.cli_1.6.0.jar
2024-06-13 12:27:55,730 [Worker-0: Launching Executing clean in C__Users_USER_Desktop_react project_library-app_02-backend_spring-boot-library] INFO  o.eclipse.m2e.core.internal.Bundles - getClasspathEntries(Bundle=org.apache.commons.commons-codec_1.16.0 [73])
2024-06-13 12:27:55,731 [Worker-0: Launching Executing clean in C__Users_USER_Desktop_react project_library-app_02-backend_spring-boot-library] INFO  o.eclipse.m2e.core.internal.Bundles - 	Entry: C:\Users\USER\Downloads\sts-4.21.1.RELEASE\plugins\org.apache.commons.commons-codec_1.16.0.jar
2024-06-13 12:27:55,731 [Worker-0: Launching Executing clean in C__Users_USER_Desktop_react project_library-app_02-backend_spring-boot-library] INFO  o.eclipse.m2e.core.internal.Bundles - getClasspathEntries(Bundle=org.apache.commons.lang3_3.13.0 [77])
2024-06-13 12:27:55,731 [Worker-0: Launching Executing clean in C__Users_USER_Desktop_react project_library-app_02-backend_spring-boot-library] INFO  o.eclipse.m2e.core.internal.Bundles - 	Entry: C:\Users\USER\Downloads\sts-4.21.1.RELEASE\plugins\org.apache.commons.lang3_3.13.0.jar
2024-06-13 12:27:55,731 [Worker-0: Launching Executing clean in C__Users_USER_Desktop_react project_library-app_02-backend_spring-boot-library] INFO  o.eclipse.m2e.core.internal.Bundles - getClasspathEntries(Bundle=com.google.guava.failureaccess_1.0.2 [27])
2024-06-13 12:27:55,732 [Worker-0: Launching Executing clean in C__Users_USER_Desktop_react project_library-app_02-backend_spring-boot-library] INFO  o.eclipse.m2e.core.internal.Bundles - 	Entry: C:\Users\USER\Downloads\sts-4.21.1.RELEASE\plugins\com.google.guava.failureaccess_1.0.2.jar
2024-06-13 12:27:55,738 [Worker-0: Launching Executing clean in C__Users_USER_Desktop_react project_library-app_02-backend_spring-boot-library] INFO  o.e.m.i.launch.MavenLaunchDelegate - Run build in "C:\Users\USER\Desktop\react project\library-app\02-backend\spring-boot-library":
2024-06-13 12:27:55,745 [Worker-0: Launching Executing clean in C__Users_USER_Desktop_react project_library-app_02-backend_spring-boot-library] INFO  o.e.m.i.launch.MavenLaunchDelegate -  mvn  -Ppom.xml -B -Dstyle.color=always clean
2024-06-13 12:28:09,992 [Worker-3: Launching Executing install in C__Users_USER_Desktop_react project_library-app_02-backend_spring-boot-library] INFO  o.eclipse.m2e.core.internal.Bundles - getClasspathEntries(Bundle=org.eclipse.m2e.maven.runtime_3.9.500.20231113-2345 [346])
2024-06-13 12:28:09,993 [Worker-3: Launching Executing install in C__Users_USER_Desktop_react project_library-app_02-backend_spring-boot-library] INFO  o.eclipse.m2e.core.internal.Bundles - 	Entry: C:\Users\USER\Downloads\sts-4.21.1.RELEASE\plugins\org.eclipse.m2e.maven.runtime_3.9.500.20231113-2345
2024-06-13 12:28:09,994 [Worker-3: Launching Executing install in C__Users_USER_Desktop_react project_library-app_02-backend_spring-boot-library] INFO  o.eclipse.m2e.core.internal.Bundles - 	Entry: C:\Users\USER\Downloads\sts-4.21.1.RELEASE\plugins\org.eclipse.m2e.maven.runtime_3.9.500.20231113-2345\jars\aopalliance-1.0.jar
2024-06-13 12:28:09,994 [Worker-3: Launching Executing install in C__Users_USER_Desktop_react project_library-app_02-backend_spring-boot-library] INFO  o.eclipse.m2e.core.internal.Bundles - 	Entry: C:\Users\USER\Downloads\sts-4.21.1.RELEASE\plugins\org.eclipse.m2e.maven.runtime_3.9.500.20231113-2345\jars\guice-5.1.0.jar
2024-06-13 12:28:09,994 [Worker-3: Launching Executing install in C__Users_USER_Desktop_react project_library-app_02-backend_spring-boot-library] INFO  o.eclipse.m2e.core.internal.Bundles - 	Entry: C:\Users\USER\Downloads\sts-4.21.1.RELEASE\plugins\org.eclipse.m2e.maven.runtime_3.9.500.20231113-2345\jars\httpclient-4.5.14.jar
2024-06-13 12:28:09,994 [Worker-3: Launching Executing install in C__Users_USER_Desktop_react project_library-app_02-backend_spring-boot-library] INFO  o.eclipse.m2e.core.internal.Bundles - 	Entry: C:\Users\USER\Downloads\sts-4.21.1.RELEASE\plugins\org.eclipse.m2e.maven.runtime_3.9.500.20231113-2345\jars\httpcore-4.4.16.jar
2024-06-13 12:28:09,995 [Worker-3: Launching Executing install in C__Users_USER_Desktop_react project_library-app_02-backend_spring-boot-library] INFO  o.eclipse.m2e.core.internal.Bundles - 	Entry: C:\Users\USER\Downloads\sts-4.21.1.RELEASE\plugins\org.eclipse.m2e.maven.runtime_3.9.500.20231113-2345\jars\jansi-2.4.0.jar
2024-06-13 12:28:09,995 [Worker-3: Launching Executing install in C__Users_USER_Desktop_react project_library-app_02-backend_spring-boot-library] INFO  o.eclipse.m2e.core.internal.Bundles - 	Entry: C:\Users\USER\Downloads\sts-4.21.1.RELEASE\plugins\org.eclipse.m2e.maven.runtime_3.9.500.20231113-2345\jars\jcl-over-slf4j-1.7.36.jar
2024-06-13 12:28:09,997 [Worker-3: Launching Executing install in C__Users_USER_Desktop_react project_library-app_02-backend_spring-boot-library] INFO  o.eclipse.m2e.core.internal.Bundles - 	Entry: C:\Users\USER\Downloads\sts-4.21.1.RELEASE\plugins\org.eclipse.m2e.maven.runtime_3.9.500.20231113-2345\jars\maven-artifact-3.9.5.jar
2024-06-13 12:28:09,998 [Worker-3: Launching Executing install in C__Users_USER_Desktop_react project_library-app_02-backend_spring-boot-library] INFO  o.eclipse.m2e.core.internal.Bundles - 	Entry: C:\Users\USER\Downloads\sts-4.21.1.RELEASE\plugins\org.eclipse.m2e.maven.runtime_3.9.500.20231113-2345\jars\maven-builder-support-3.9.5.jar
2024-06-13 12:28:09,998 [Worker-3: Launching Executing install in C__Users_USER_Desktop_react project_library-app_02-backend_spring-boot-library] INFO  o.eclipse.m2e.core.internal.Bundles - 	Entry: C:\Users\USER\Downloads\sts-4.21.1.RELEASE\plugins\org.eclipse.m2e.maven.runtime_3.9.500.20231113-2345\jars\maven-compat-3.9.5.jar
2024-06-13 12:28:09,999 [Worker-3: Launching Executing install in C__Users_USER_Desktop_react project_library-app_02-backend_spring-boot-library] INFO  o.eclipse.m2e.core.internal.Bundles - 	Entry: C:\Users\USER\Downloads\sts-4.21.1.RELEASE\plugins\org.eclipse.m2e.maven.runtime_3.9.500.20231113-2345\jars\maven-core-3.9.5.jar
2024-06-13 12:28:09,999 [Worker-3: Launching Executing install in C__Users_USER_Desktop_react project_library-app_02-backend_spring-boot-library] INFO  o.eclipse.m2e.core.internal.Bundles - 	Entry: C:\Users\USER\Downloads\sts-4.21.1.RELEASE\plugins\org.eclipse.m2e.maven.runtime_3.9.500.20231113-2345\jars\maven-embedder-3.9.5.jar
2024-06-13 12:28:10,000 [Worker-3: Launching Executing install in C__Users_USER_Desktop_react project_library-app_02-backend_spring-boot-library] INFO  o.eclipse.m2e.core.internal.Bundles - 	Entry: C:\Users\USER\Downloads\sts-4.21.1.RELEASE\plugins\org.eclipse.m2e.maven.runtime_3.9.500.20231113-2345\jars\maven-model-3.9.5.jar
2024-06-13 12:28:10,000 [Worker-3: Launching Executing install in C__Users_USER_Desktop_react project_library-app_02-backend_spring-boot-library] INFO  o.eclipse.m2e.core.internal.Bundles - 	Entry: C:\Users\USER\Downloads\sts-4.21.1.RELEASE\plugins\org.eclipse.m2e.maven.runtime_3.9.500.20231113-2345\jars\maven-model-builder-3.9.5.jar
2024-06-13 12:28:10,000 [Worker-3: Launching Executing install in C__Users_USER_Desktop_react project_library-app_02-backend_spring-boot-library] INFO  o.eclipse.m2e.core.internal.Bundles - 	Entry: C:\Users\USER\Downloads\sts-4.21.1.RELEASE\plugins\org.eclipse.m2e.maven.runtime_3.9.500.20231113-2345\jars\maven-plugin-api-3.9.5.jar
2024-06-13 12:28:10,001 [Worker-3: Launching Executing install in C__Users_USER_Desktop_react project_library-app_02-backend_spring-boot-library] INFO  o.eclipse.m2e.core.internal.Bundles - 	Entry: C:\Users\USER\Downloads\sts-4.21.1.RELEASE\plugins\org.eclipse.m2e.maven.runtime_3.9.500.20231113-2345\jars\maven-repository-metadata-3.9.5.jar
2024-06-13 12:28:10,001 [Worker-3: Launching Executing install in C__Users_USER_Desktop_react project_library-app_02-backend_spring-boot-library] INFO  o.eclipse.m2e.core.internal.Bundles - 	Entry: C:\Users\USER\Downloads\sts-4.21.1.RELEASE\plugins\org.eclipse.m2e.maven.runtime_3.9.500.20231113-2345\jars\maven-resolver-api-1.9.16.jar
2024-06-13 12:28:10,001 [Worker-3: Launching Executing install in C__Users_USER_Desktop_react project_library-app_02-backend_spring-boot-library] INFO  o.eclipse.m2e.core.internal.Bundles - 	Entry: C:\Users\USER\Downloads\sts-4.21.1.RELEASE\plugins\org.eclipse.m2e.maven.runtime_3.9.500.20231113-2345\jars\maven-resolver-connector-basic-1.9.16.jar
2024-06-13 12:28:10,001 [Worker-3: Launching Executing install in C__Users_USER_Desktop_react project_library-app_02-backend_spring-boot-library] INFO  o.eclipse.m2e.core.internal.Bundles - 	Entry: C:\Users\USER\Downloads\sts-4.21.1.RELEASE\plugins\org.eclipse.m2e.maven.runtime_3.9.500.20231113-2345\jars\maven-resolver-impl-1.9.16.jar
2024-06-13 12:28:10,002 [Worker-3: Launching Executing install in C__Users_USER_Desktop_react project_library-app_02-backend_spring-boot-library] INFO  o.eclipse.m2e.core.internal.Bundles - 	Entry: C:\Users\USER\Downloads\sts-4.21.1.RELEASE\plugins\org.eclipse.m2e.maven.runtime_3.9.500.20231113-2345\jars\maven-resolver-named-locks-1.9.16.jar
2024-06-13 12:28:10,002 [Worker-3: Launching Executing install in C__Users_USER_Desktop_react project_library-app_02-backend_spring-boot-library] INFO  o.eclipse.m2e.core.internal.Bundles - 	Entry: C:\Users\USER\Downloads\sts-4.21.1.RELEASE\plugins\org.eclipse.m2e.maven.runtime_3.9.500.20231113-2345\jars\maven-resolver-provider-3.9.5.jar
2024-06-13 12:28:10,002 [Worker-3: Launching Executing install in C__Users_USER_Desktop_react project_library-app_02-backend_spring-boot-library] INFO  o.eclipse.m2e.core.internal.Bundles - 	Entry: C:\Users\USER\Downloads\sts-4.21.1.RELEASE\plugins\org.eclipse.m2e.maven.runtime_3.9.500.20231113-2345\jars\maven-resolver-spi-1.9.16.jar
2024-06-13 12:28:10,002 [Worker-3: Launching Executing install in C__Users_USER_Desktop_react project_library-app_02-backend_spring-boot-library] INFO  o.eclipse.m2e.core.internal.Bundles - 	Entry: C:\Users\USER\Downloads\sts-4.21.1.RELEASE\plugins\org.eclipse.m2e.maven.runtime_3.9.500.20231113-2345\jars\maven-resolver-transport-file-1.9.16.jar
2024-06-13 12:28:10,003 [Worker-3: Launching Executing install in C__Users_USER_Desktop_react project_library-app_02-backend_spring-boot-library] INFO  o.eclipse.m2e.core.internal.Bundles - 	Entry: C:\Users\USER\Downloads\sts-4.21.1.RELEASE\plugins\org.eclipse.m2e.maven.runtime_3.9.500.20231113-2345\jars\maven-resolver-transport-http-1.9.16.jar
2024-06-13 12:28:10,003 [Worker-3: Launching Executing install in C__Users_USER_Desktop_react project_library-app_02-backend_spring-boot-library] INFO  o.eclipse.m2e.core.internal.Bundles - 	Entry: C:\Users\USER\Downloads\sts-4.21.1.RELEASE\plugins\org.eclipse.m2e.maven.runtime_3.9.500.20231113-2345\jars\maven-resolver-transport-wagon-1.9.16.jar
2024-06-13 12:28:10,003 [Worker-3: Launching Executing install in C__Users_USER_Desktop_react project_library-app_02-backend_spring-boot-library] INFO  o.eclipse.m2e.core.internal.Bundles - 	Entry: C:\Users\USER\Downloads\sts-4.21.1.RELEASE\plugins\org.eclipse.m2e.maven.runtime_3.9.500.20231113-2345\jars\maven-resolver-util-1.9.16.jar
2024-06-13 12:28:10,005 [Worker-3: Launching Executing install in C__Users_USER_Desktop_react project_library-app_02-backend_spring-boot-library] INFO  o.eclipse.m2e.core.internal.Bundles - 	Entry: C:\Users\USER\Downloads\sts-4.21.1.RELEASE\plugins\org.eclipse.m2e.maven.runtime_3.9.500.20231113-2345\jars\maven-settings-3.9.5.jar
2024-06-13 12:28:10,005 [Worker-3: Launching Executing install in C__Users_USER_Desktop_react project_library-app_02-backend_spring-boot-library] INFO  o.eclipse.m2e.core.internal.Bundles - 	Entry: C:\Users\USER\Downloads\sts-4.21.1.RELEASE\plugins\org.eclipse.m2e.maven.runtime_3.9.500.20231113-2345\jars\maven-settings-builder-3.9.5.jar
2024-06-13 12:28:10,005 [Worker-3: Launching Executing install in C__Users_USER_Desktop_react project_library-app_02-backend_spring-boot-library] INFO  o.eclipse.m2e.core.internal.Bundles - 	Entry: C:\Users\USER\Downloads\sts-4.21.1.RELEASE\plugins\org.eclipse.m2e.maven.runtime_3.9.500.20231113-2345\jars\maven-shared-utils-3.3.4.jar
2024-06-13 12:28:10,005 [Worker-3: Launching Executing install in C__Users_USER_Desktop_react project_library-app_02-backend_spring-boot-library] INFO  o.eclipse.m2e.core.internal.Bundles - 	Entry: C:\Users\USER\Downloads\sts-4.21.1.RELEASE\plugins\org.eclipse.m2e.maven.runtime_3.9.500.20231113-2345\jars\org.eclipse.sisu.inject-0.3.5.jar
2024-06-13 12:28:10,006 [Worker-3: Launching Executing install in C__Users_USER_Desktop_react project_library-app_02-backend_spring-boot-library] INFO  o.eclipse.m2e.core.internal.Bundles - 	Entry: C:\Users\USER\Downloads\sts-4.21.1.RELEASE\plugins\org.eclipse.m2e.maven.runtime_3.9.500.20231113-2345\jars\org.eclipse.sisu.plexus-0.3.5.jar
2024-06-13 12:28:10,006 [Worker-3: Launching Executing install in C__Users_USER_Desktop_react project_library-app_02-backend_spring-boot-library] INFO  o.eclipse.m2e.core.internal.Bundles - 	Entry: C:\Users\USER\Downloads\sts-4.21.1.RELEASE\plugins\org.eclipse.m2e.maven.runtime_3.9.500.20231113-2345\jars\plexus-build-api-0.0.7.jar
2024-06-13 12:28:10,006 [Worker-3: Launching Executing install in C__Users_USER_Desktop_react project_library-app_02-backend_spring-boot-library] INFO  o.eclipse.m2e.core.internal.Bundles - 	Entry: C:\Users\USER\Downloads\sts-4.21.1.RELEASE\plugins\org.eclipse.m2e.maven.runtime_3.9.500.20231113-2345\jars\plexus-cipher-2.0.jar
2024-06-13 12:28:10,007 [Worker-3: Launching Executing install in C__Users_USER_Desktop_react project_library-app_02-backend_spring-boot-library] INFO  o.eclipse.m2e.core.internal.Bundles - 	Entry: C:\Users\USER\Downloads\sts-4.21.1.RELEASE\plugins\org.eclipse.m2e.maven.runtime_3.9.500.20231113-2345\jars\plexus-classworlds-2.7.0.jar
2024-06-13 12:28:10,007 [Worker-3: Launching Executing install in C__Users_USER_Desktop_react project_library-app_02-backend_spring-boot-library] INFO  o.eclipse.m2e.core.internal.Bundles - 	Entry: C:\Users\USER\Downloads\sts-4.21.1.RELEASE\plugins\org.eclipse.m2e.maven.runtime_3.9.500.20231113-2345\jars\plexus-component-annotations-2.1.0.jar
2024-06-13 12:28:10,007 [Worker-3: Launching Executing install in C__Users_USER_Desktop_react project_library-app_02-backend_spring-boot-library] INFO  o.eclipse.m2e.core.internal.Bundles - 	Entry: C:\Users\USER\Downloads\sts-4.21.1.RELEASE\plugins\org.eclipse.m2e.maven.runtime_3.9.500.20231113-2345\jars\plexus-interpolation-1.26.jar
2024-06-13 12:28:10,008 [Worker-3: Launching Executing install in C__Users_USER_Desktop_react project_library-app_02-backend_spring-boot-library] INFO  o.eclipse.m2e.core.internal.Bundles - 	Entry: C:\Users\USER\Downloads\sts-4.21.1.RELEASE\plugins\org.eclipse.m2e.maven.runtime_3.9.500.20231113-2345\jars\plexus-sec-dispatcher-2.0.jar
2024-06-13 12:28:10,008 [Worker-3: Launching Executing install in C__Users_USER_Desktop_react project_library-app_02-backend_spring-boot-library] INFO  o.eclipse.m2e.core.internal.Bundles - 	Entry: C:\Users\USER\Downloads\sts-4.21.1.RELEASE\plugins\org.eclipse.m2e.maven.runtime_3.9.500.20231113-2345\jars\plexus-utils-3.5.1.jar
2024-06-13 12:28:10,008 [Worker-3: Launching Executing install in C__Users_USER_Desktop_react project_library-app_02-backend_spring-boot-library] INFO  o.eclipse.m2e.core.internal.Bundles - 	Entry: C:\Users\USER\Downloads\sts-4.21.1.RELEASE\plugins\org.eclipse.m2e.maven.runtime_3.9.500.20231113-2345\jars\wagon-file-3.5.3.jar
2024-06-13 12:28:10,008 [Worker-3: Launching Executing install in C__Users_USER_Desktop_react project_library-app_02-backend_spring-boot-library] INFO  o.eclipse.m2e.core.internal.Bundles - 	Entry: C:\Users\USER\Downloads\sts-4.21.1.RELEASE\plugins\org.eclipse.m2e.maven.runtime_3.9.500.20231113-2345\jars\wagon-http-3.5.3.jar
2024-06-13 12:28:10,009 [Worker-3: Launching Executing install in C__Users_USER_Desktop_react project_library-app_02-backend_spring-boot-library] INFO  o.eclipse.m2e.core.internal.Bundles - 	Entry: C:\Users\USER\Downloads\sts-4.21.1.RELEASE\plugins\org.eclipse.m2e.maven.runtime_3.9.500.20231113-2345\jars\wagon-http-shared-3.5.3.jar
2024-06-13 12:28:10,009 [Worker-3: Launching Executing install in C__Users_USER_Desktop_react project_library-app_02-backend_spring-boot-library] INFO  o.eclipse.m2e.core.internal.Bundles - 	Entry: C:\Users\USER\Downloads\sts-4.21.1.RELEASE\plugins\org.eclipse.m2e.maven.runtime_3.9.500.20231113-2345\jars\wagon-provider-api-3.5.3.jar
2024-06-13 12:28:10,010 [Worker-3: Launching Executing install in C__Users_USER_Desktop_react project_library-app_02-backend_spring-boot-library] INFO  o.eclipse.m2e.core.internal.Bundles - getClasspathEntries(Bundle=com.google.guava_33.0.0.jre [25])
2024-06-13 12:28:10,012 [Worker-3: Launching Executing install in C__Users_USER_Desktop_react project_library-app_02-backend_spring-boot-library] INFO  o.eclipse.m2e.core.internal.Bundles - 	Entry: C:\Users\USER\Downloads\sts-4.21.1.RELEASE\plugins\com.google.guava_33.0.0.jre.jar
2024-06-13 12:28:10,012 [Worker-3: Launching Executing install in C__Users_USER_Desktop_react project_library-app_02-backend_spring-boot-library] INFO  o.eclipse.m2e.core.internal.Bundles - getClasspathEntries(Bundle=slf4j.api_2.0.9 [573])
2024-06-13 12:28:10,012 [Worker-3: Launching Executing install in C__Users_USER_Desktop_react project_library-app_02-backend_spring-boot-library] INFO  o.eclipse.m2e.core.internal.Bundles - 	Entry: C:\Users\USER\Downloads\sts-4.21.1.RELEASE\plugins\slf4j.api_2.0.9.jar
2024-06-13 12:28:10,013 [Worker-3: Launching Executing install in C__Users_USER_Desktop_react project_library-app_02-backend_spring-boot-library] INFO  o.eclipse.m2e.core.internal.Bundles - getClasspathEntries(Bundle=jakarta.inject.jakarta.inject-api_1.0.5 [41])
2024-06-13 12:28:10,013 [Worker-3: Launching Executing install in C__Users_USER_Desktop_react project_library-app_02-backend_spring-boot-library] INFO  o.eclipse.m2e.core.internal.Bundles - 	Entry: C:\Users\USER\Downloads\sts-4.21.1.RELEASE\plugins\jakarta.inject.jakarta.inject-api_1.0.5.jar
2024-06-13 12:28:10,014 [Worker-3: Launching Executing install in C__Users_USER_Desktop_react project_library-app_02-backend_spring-boot-library] INFO  o.eclipse.m2e.core.internal.Bundles - getClasspathEntries(Bundle=jakarta.annotation-api_1.3.5 [37])
2024-06-13 12:28:10,015 [Worker-3: Launching Executing install in C__Users_USER_Desktop_react project_library-app_02-backend_spring-boot-library] INFO  o.eclipse.m2e.core.internal.Bundles - 	Entry: C:\Users\USER\Downloads\sts-4.21.1.RELEASE\plugins\jakarta.annotation-api_1.3.5.jar
2024-06-13 12:28:10,015 [Worker-3: Launching Executing install in C__Users_USER_Desktop_react project_library-app_02-backend_spring-boot-library] INFO  o.eclipse.m2e.core.internal.Bundles - getClasspathEntries(Bundle=org.apache.commons.cli_1.6.0 [71])
2024-06-13 12:28:10,017 [Worker-3: Launching Executing install in C__Users_USER_Desktop_react project_library-app_02-backend_spring-boot-library] INFO  o.eclipse.m2e.core.internal.Bundles - 	Entry: C:\Users\USER\Downloads\sts-4.21.1.RELEASE\plugins\org.apache.commons.cli_1.6.0.jar
2024-06-13 12:28:10,018 [Worker-3: Launching Executing install in C__Users_USER_Desktop_react project_library-app_02-backend_spring-boot-library] INFO  o.eclipse.m2e.core.internal.Bundles - getClasspathEntries(Bundle=org.apache.commons.commons-codec_1.16.0 [73])
2024-06-13 12:28:10,019 [Worker-3: Launching Executing install in C__Users_USER_Desktop_react project_library-app_02-backend_spring-boot-library] INFO  o.eclipse.m2e.core.internal.Bundles - 	Entry: C:\Users\USER\Downloads\sts-4.21.1.RELEASE\plugins\org.apache.commons.commons-codec_1.16.0.jar
2024-06-13 12:28:10,019 [Worker-3: Launching Executing install in C__Users_USER_Desktop_react project_library-app_02-backend_spring-boot-library] INFO  o.eclipse.m2e.core.internal.Bundles - getClasspathEntries(Bundle=org.apache.commons.lang3_3.13.0 [77])
2024-06-13 12:28:10,019 [Worker-3: Launching Executing install in C__Users_USER_Desktop_react project_library-app_02-backend_spring-boot-library] INFO  o.eclipse.m2e.core.internal.Bundles - 	Entry: C:\Users\USER\Downloads\sts-4.21.1.RELEASE\plugins\org.apache.commons.lang3_3.13.0.jar
2024-06-13 12:28:10,020 [Worker-3: Launching Executing install in C__Users_USER_Desktop_react project_library-app_02-backend_spring-boot-library] INFO  o.eclipse.m2e.core.internal.Bundles - getClasspathEntries(Bundle=com.google.guava.failureaccess_1.0.2 [27])
2024-06-13 12:28:10,020 [Worker-3: Launching Executing install in C__Users_USER_Desktop_react project_library-app_02-backend_spring-boot-library] INFO  o.eclipse.m2e.core.internal.Bundles - 	Entry: C:\Users\USER\Downloads\sts-4.21.1.RELEASE\plugins\com.google.guava.failureaccess_1.0.2.jar
2024-06-13 12:28:10,023 [Worker-3: Launching Executing install in C__Users_USER_Desktop_react project_library-app_02-backend_spring-boot-library] INFO  o.e.m.i.launch.MavenLaunchDelegate - Run build in "C:\Users\USER\Desktop\react project\library-app\02-backend\spring-boot-library":
2024-06-13 12:28:10,024 [Worker-3: Launching Executing install in C__Users_USER_Desktop_react project_library-app_02-backend_spring-boot-library] INFO  o.e.m.i.launch.MavenLaunchDelegate -  mvn  -Ppom.xml -B -Dstyle.color=always install
2024-06-14 14:22:39,791 [Worker-2: Loading available Gradle versions] INFO  o.e.b.c.i.u.g.PublishedGradleVersions - Gradle version information cache is out-of-date. Trying to update.
2024-06-14 15:39:23,969 [Worker-14: Building] INFO  o.a.m.s.f.DefaultMavenResourcesFiltering - Copying 1 resource from src\main\resources to target\classes
2024-06-14 15:39:24,021 [Worker-14: Building] INFO  o.a.m.s.f.DefaultMavenResourcesFiltering - Copying 0 resource from src\main\resources to target\classes
2024-06-14 15:39:24,031 [Worker-14: Building] INFO  o.a.m.s.f.DefaultMavenResourcesFiltering - skip non existing resourceDirectory C:\Users\USER\Desktop\react project\library-app\02-backend\spring-boot-library\src\test\resources
2024-06-14 15:48:39,430 [Worker-19: Launching Executing clean in C__Users_USER_Desktop_react project_library-app_02-backend_spring-boot-library] INFO  o.eclipse.m2e.core.internal.Bundles - getClasspathEntries(Bundle=org.eclipse.m2e.maven.runtime_3.9.500.20231113-2345 [346])
2024-06-14 15:48:39,436 [Worker-19: Launching Executing clean in C__Users_USER_Desktop_react project_library-app_02-backend_spring-boot-library] INFO  o.eclipse.m2e.core.internal.Bundles - 	Entry: C:\Users\USER\Downloads\sts-4.21.1.RELEASE\plugins\org.eclipse.m2e.maven.runtime_3.9.500.20231113-2345
2024-06-14 15:48:39,437 [Worker-19: Launching Executing clean in C__Users_USER_Desktop_react project_library-app_02-backend_spring-boot-library] INFO  o.eclipse.m2e.core.internal.Bundles - 	Entry: C:\Users\USER\Downloads\sts-4.21.1.RELEASE\plugins\org.eclipse.m2e.maven.runtime_3.9.500.20231113-2345\jars\aopalliance-1.0.jar
2024-06-14 15:48:39,437 [Worker-19: Launching Executing clean in C__Users_USER_Desktop_react project_library-app_02-backend_spring-boot-library] INFO  o.eclipse.m2e.core.internal.Bundles - 	Entry: C:\Users\USER\Downloads\sts-4.21.1.RELEASE\plugins\org.eclipse.m2e.maven.runtime_3.9.500.20231113-2345\jars\guice-5.1.0.jar
2024-06-14 15:48:39,438 [Worker-19: Launching Executing clean in C__Users_USER_Desktop_react project_library-app_02-backend_spring-boot-library] INFO  o.eclipse.m2e.core.internal.Bundles - 	Entry: C:\Users\USER\Downloads\sts-4.21.1.RELEASE\plugins\org.eclipse.m2e.maven.runtime_3.9.500.20231113-2345\jars\httpclient-4.5.14.jar
2024-06-14 15:48:39,438 [Worker-19: Launching Executing clean in C__Users_USER_Desktop_react project_library-app_02-backend_spring-boot-library] INFO  o.eclipse.m2e.core.internal.Bundles - 	Entry: C:\Users\USER\Downloads\sts-4.21.1.RELEASE\plugins\org.eclipse.m2e.maven.runtime_3.9.500.20231113-2345\jars\httpcore-4.4.16.jar
2024-06-14 15:48:39,438 [Worker-19: Launching Executing clean in C__Users_USER_Desktop_react project_library-app_02-backend_spring-boot-library] INFO  o.eclipse.m2e.core.internal.Bundles - 	Entry: C:\Users\USER\Downloads\sts-4.21.1.RELEASE\plugins\org.eclipse.m2e.maven.runtime_3.9.500.20231113-2345\jars\jansi-2.4.0.jar
2024-06-14 15:48:39,438 [Worker-19: Launching Executing clean in C__Users_USER_Desktop_react project_library-app_02-backend_spring-boot-library] INFO  o.eclipse.m2e.core.internal.Bundles - 	Entry: C:\Users\USER\Downloads\sts-4.21.1.RELEASE\plugins\org.eclipse.m2e.maven.runtime_3.9.500.20231113-2345\jars\jcl-over-slf4j-1.7.36.jar
2024-06-14 15:48:39,438 [Worker-19: Launching Executing clean in C__Users_USER_Desktop_react project_library-app_02-backend_spring-boot-library] INFO  o.eclipse.m2e.core.internal.Bundles - 	Entry: C:\Users\USER\Downloads\sts-4.21.1.RELEASE\plugins\org.eclipse.m2e.maven.runtime_3.9.500.20231113-2345\jars\maven-artifact-3.9.5.jar
2024-06-14 15:48:39,439 [Worker-19: Launching Executing clean in C__Users_USER_Desktop_react project_library-app_02-backend_spring-boot-library] INFO  o.eclipse.m2e.core.internal.Bundles - 	Entry: C:\Users\USER\Downloads\sts-4.21.1.RELEASE\plugins\org.eclipse.m2e.maven.runtime_3.9.500.20231113-2345\jars\maven-builder-support-3.9.5.jar
2024-06-14 15:48:39,439 [Worker-19: Launching Executing clean in C__Users_USER_Desktop_react project_library-app_02-backend_spring-boot-library] INFO  o.eclipse.m2e.core.internal.Bundles - 	Entry: C:\Users\USER\Downloads\sts-4.21.1.RELEASE\plugins\org.eclipse.m2e.maven.runtime_3.9.500.20231113-2345\jars\maven-compat-3.9.5.jar
2024-06-14 15:48:39,439 [Worker-19: Launching Executing clean in C__Users_USER_Desktop_react project_library-app_02-backend_spring-boot-library] INFO  o.eclipse.m2e.core.internal.Bundles - 	Entry: C:\Users\USER\Downloads\sts-4.21.1.RELEASE\plugins\org.eclipse.m2e.maven.runtime_3.9.500.20231113-2345\jars\maven-core-3.9.5.jar
2024-06-14 15:48:39,440 [Worker-19: Launching Executing clean in C__Users_USER_Desktop_react project_library-app_02-backend_spring-boot-library] INFO  o.eclipse.m2e.core.internal.Bundles - 	Entry: C:\Users\USER\Downloads\sts-4.21.1.RELEASE\plugins\org.eclipse.m2e.maven.runtime_3.9.500.20231113-2345\jars\maven-embedder-3.9.5.jar
2024-06-14 15:48:39,440 [Worker-19: Launching Executing clean in C__Users_USER_Desktop_react project_library-app_02-backend_spring-boot-library] INFO  o.eclipse.m2e.core.internal.Bundles - 	Entry: C:\Users\USER\Downloads\sts-4.21.1.RELEASE\plugins\org.eclipse.m2e.maven.runtime_3.9.500.20231113-2345\jars\maven-model-3.9.5.jar
2024-06-14 15:48:39,440 [Worker-19: Launching Executing clean in C__Users_USER_Desktop_react project_library-app_02-backend_spring-boot-library] INFO  o.eclipse.m2e.core.internal.Bundles - 	Entry: C:\Users\USER\Downloads\sts-4.21.1.RELEASE\plugins\org.eclipse.m2e.maven.runtime_3.9.500.20231113-2345\jars\maven-model-builder-3.9.5.jar
2024-06-14 15:48:39,441 [Worker-19: Launching Executing clean in C__Users_USER_Desktop_react project_library-app_02-backend_spring-boot-library] INFO  o.eclipse.m2e.core.internal.Bundles - 	Entry: C:\Users\USER\Downloads\sts-4.21.1.RELEASE\plugins\org.eclipse.m2e.maven.runtime_3.9.500.20231113-2345\jars\maven-plugin-api-3.9.5.jar
2024-06-14 15:48:39,441 [Worker-19: Launching Executing clean in C__Users_USER_Desktop_react project_library-app_02-backend_spring-boot-library] INFO  o.eclipse.m2e.core.internal.Bundles - 	Entry: C:\Users\USER\Downloads\sts-4.21.1.RELEASE\plugins\org.eclipse.m2e.maven.runtime_3.9.500.20231113-2345\jars\maven-repository-metadata-3.9.5.jar
2024-06-14 15:48:39,441 [Worker-19: Launching Executing clean in C__Users_USER_Desktop_react project_library-app_02-backend_spring-boot-library] INFO  o.eclipse.m2e.core.internal.Bundles - 	Entry: C:\Users\USER\Downloads\sts-4.21.1.RELEASE\plugins\org.eclipse.m2e.maven.runtime_3.9.500.20231113-2345\jars\maven-resolver-api-1.9.16.jar
2024-06-14 15:48:39,442 [Worker-19: Launching Executing clean in C__Users_USER_Desktop_react project_library-app_02-backend_spring-boot-library] INFO  o.eclipse.m2e.core.internal.Bundles - 	Entry: C:\Users\USER\Downloads\sts-4.21.1.RELEASE\plugins\org.eclipse.m2e.maven.runtime_3.9.500.20231113-2345\jars\maven-resolver-connector-basic-1.9.16.jar
2024-06-14 15:48:39,442 [Worker-19: Launching Executing clean in C__Users_USER_Desktop_react project_library-app_02-backend_spring-boot-library] INFO  o.eclipse.m2e.core.internal.Bundles - 	Entry: C:\Users\USER\Downloads\sts-4.21.1.RELEASE\plugins\org.eclipse.m2e.maven.runtime_3.9.500.20231113-2345\jars\maven-resolver-impl-1.9.16.jar
2024-06-14 15:48:39,442 [Worker-19: Launching Executing clean in C__Users_USER_Desktop_react project_library-app_02-backend_spring-boot-library] INFO  o.eclipse.m2e.core.internal.Bundles - 	Entry: C:\Users\USER\Downloads\sts-4.21.1.RELEASE\plugins\org.eclipse.m2e.maven.runtime_3.9.500.20231113-2345\jars\maven-resolver-named-locks-1.9.16.jar
2024-06-14 15:48:39,442 [Worker-19: Launching Executing clean in C__Users_USER_Desktop_react project_library-app_02-backend_spring-boot-library] INFO  o.eclipse.m2e.core.internal.Bundles - 	Entry: C:\Users\USER\Downloads\sts-4.21.1.RELEASE\plugins\org.eclipse.m2e.maven.runtime_3.9.500.20231113-2345\jars\maven-resolver-provider-3.9.5.jar
2024-06-14 15:48:39,443 [Worker-19: Launching Executing clean in C__Users_USER_Desktop_react project_library-app_02-backend_spring-boot-library] INFO  o.eclipse.m2e.core.internal.Bundles - 	Entry: C:\Users\USER\Downloads\sts-4.21.1.RELEASE\plugins\org.eclipse.m2e.maven.runtime_3.9.500.20231113-2345\jars\maven-resolver-spi-1.9.16.jar
2024-06-14 15:48:39,443 [Worker-19: Launching Executing clean in C__Users_USER_Desktop_react project_library-app_02-backend_spring-boot-library] INFO  o.eclipse.m2e.core.internal.Bundles - 	Entry: C:\Users\USER\Downloads\sts-4.21.1.RELEASE\plugins\org.eclipse.m2e.maven.runtime_3.9.500.20231113-2345\jars\maven-resolver-transport-file-1.9.16.jar
2024-06-14 15:48:39,443 [Worker-19: Launching Executing clean in C__Users_USER_Desktop_react project_library-app_02-backend_spring-boot-library] INFO  o.eclipse.m2e.core.internal.Bundles - 	Entry: C:\Users\USER\Downloads\sts-4.21.1.RELEASE\plugins\org.eclipse.m2e.maven.runtime_3.9.500.20231113-2345\jars\maven-resolver-transport-http-1.9.16.jar
2024-06-14 15:48:39,443 [Worker-19: Launching Executing clean in C__Users_USER_Desktop_react project_library-app_02-backend_spring-boot-library] INFO  o.eclipse.m2e.core.internal.Bundles - 	Entry: C:\Users\USER\Downloads\sts-4.21.1.RELEASE\plugins\org.eclipse.m2e.maven.runtime_3.9.500.20231113-2345\jars\maven-resolver-transport-wagon-1.9.16.jar
2024-06-14 15:48:39,443 [Worker-19: Launching Executing clean in C__Users_USER_Desktop_react project_library-app_02-backend_spring-boot-library] INFO  o.eclipse.m2e.core.internal.Bundles - 	Entry: C:\Users\USER\Downloads\sts-4.21.1.RELEASE\plugins\org.eclipse.m2e.maven.runtime_3.9.500.20231113-2345\jars\maven-resolver-util-1.9.16.jar
2024-06-14 15:48:39,443 [Worker-19: Launching Executing clean in C__Users_USER_Desktop_react project_library-app_02-backend_spring-boot-library] INFO  o.eclipse.m2e.core.internal.Bundles - 	Entry: C:\Users\USER\Downloads\sts-4.21.1.RELEASE\plugins\org.eclipse.m2e.maven.runtime_3.9.500.20231113-2345\jars\maven-settings-3.9.5.jar
2024-06-14 15:48:39,445 [Worker-19: Launching Executing clean in C__Users_USER_Desktop_react project_library-app_02-backend_spring-boot-library] INFO  o.eclipse.m2e.core.internal.Bundles - 	Entry: C:\Users\USER\Downloads\sts-4.21.1.RELEASE\plugins\org.eclipse.m2e.maven.runtime_3.9.500.20231113-2345\jars\maven-settings-builder-3.9.5.jar
2024-06-14 15:48:39,445 [Worker-19: Launching Executing clean in C__Users_USER_Desktop_react project_library-app_02-backend_spring-boot-library] INFO  o.eclipse.m2e.core.internal.Bundles - 	Entry: C:\Users\USER\Downloads\sts-4.21.1.RELEASE\plugins\org.eclipse.m2e.maven.runtime_3.9.500.20231113-2345\jars\maven-shared-utils-3.3.4.jar
2024-06-14 15:48:39,445 [Worker-19: Launching Executing clean in C__Users_USER_Desktop_react project_library-app_02-backend_spring-boot-library] INFO  o.eclipse.m2e.core.internal.Bundles - 	Entry: C:\Users\USER\Downloads\sts-4.21.1.RELEASE\plugins\org.eclipse.m2e.maven.runtime_3.9.500.20231113-2345\jars\org.eclipse.sisu.inject-0.3.5.jar
2024-06-14 15:48:39,445 [Worker-19: Launching Executing clean in C__Users_USER_Desktop_react project_library-app_02-backend_spring-boot-library] INFO  o.eclipse.m2e.core.internal.Bundles - 	Entry: C:\Users\USER\Downloads\sts-4.21.1.RELEASE\plugins\org.eclipse.m2e.maven.runtime_3.9.500.20231113-2345\jars\org.eclipse.sisu.plexus-0.3.5.jar
2024-06-14 15:48:39,446 [Worker-19: Launching Executing clean in C__Users_USER_Desktop_react project_library-app_02-backend_spring-boot-library] INFO  o.eclipse.m2e.core.internal.Bundles - 	Entry: C:\Users\USER\Downloads\sts-4.21.1.RELEASE\plugins\org.eclipse.m2e.maven.runtime_3.9.500.20231113-2345\jars\plexus-build-api-0.0.7.jar
2024-06-14 15:48:39,446 [Worker-19: Launching Executing clean in C__Users_USER_Desktop_react project_library-app_02-backend_spring-boot-library] INFO  o.eclipse.m2e.core.internal.Bundles - 	Entry: C:\Users\USER\Downloads\sts-4.21.1.RELEASE\plugins\org.eclipse.m2e.maven.runtime_3.9.500.20231113-2345\jars\plexus-cipher-2.0.jar
2024-06-14 15:48:39,446 [Worker-19: Launching Executing clean in C__Users_USER_Desktop_react project_library-app_02-backend_spring-boot-library] INFO  o.eclipse.m2e.core.internal.Bundles - 	Entry: C:\Users\USER\Downloads\sts-4.21.1.RELEASE\plugins\org.eclipse.m2e.maven.runtime_3.9.500.20231113-2345\jars\plexus-classworlds-2.7.0.jar
2024-06-14 15:48:39,447 [Worker-19: Launching Executing clean in C__Users_USER_Desktop_react project_library-app_02-backend_spring-boot-library] INFO  o.eclipse.m2e.core.internal.Bundles - 	Entry: C:\Users\USER\Downloads\sts-4.21.1.RELEASE\plugins\org.eclipse.m2e.maven.runtime_3.9.500.20231113-2345\jars\plexus-component-annotations-2.1.0.jar
2024-06-14 15:48:39,447 [Worker-19: Launching Executing clean in C__Users_USER_Desktop_react project_library-app_02-backend_spring-boot-library] INFO  o.eclipse.m2e.core.internal.Bundles - 	Entry: C:\Users\USER\Downloads\sts-4.21.1.RELEASE\plugins\org.eclipse.m2e.maven.runtime_3.9.500.20231113-2345\jars\plexus-interpolation-1.26.jar
2024-06-14 15:48:39,447 [Worker-19: Launching Executing clean in C__Users_USER_Desktop_react project_library-app_02-backend_spring-boot-library] INFO  o.eclipse.m2e.core.internal.Bundles - 	Entry: C:\Users\USER\Downloads\sts-4.21.1.RELEASE\plugins\org.eclipse.m2e.maven.runtime_3.9.500.20231113-2345\jars\plexus-sec-dispatcher-2.0.jar
2024-06-14 15:48:39,448 [Worker-19: Launching Executing clean in C__Users_USER_Desktop_react project_library-app_02-backend_spring-boot-library] INFO  o.eclipse.m2e.core.internal.Bundles - 	Entry: C:\Users\USER\Downloads\sts-4.21.1.RELEASE\plugins\org.eclipse.m2e.maven.runtime_3.9.500.20231113-2345\jars\plexus-utils-3.5.1.jar
2024-06-14 15:48:39,448 [Worker-19: Launching Executing clean in C__Users_USER_Desktop_react project_library-app_02-backend_spring-boot-library] INFO  o.eclipse.m2e.core.internal.Bundles - 	Entry: C:\Users\USER\Downloads\sts-4.21.1.RELEASE\plugins\org.eclipse.m2e.maven.runtime_3.9.500.20231113-2345\jars\wagon-file-3.5.3.jar
2024-06-14 15:48:39,449 [Worker-19: Launching Executing clean in C__Users_USER_Desktop_react project_library-app_02-backend_spring-boot-library] INFO  o.eclipse.m2e.core.internal.Bundles - 	Entry: C:\Users\USER\Downloads\sts-4.21.1.RELEASE\plugins\org.eclipse.m2e.maven.runtime_3.9.500.20231113-2345\jars\wagon-http-3.5.3.jar
2024-06-14 15:48:39,450 [Worker-19: Launching Executing clean in C__Users_USER_Desktop_react project_library-app_02-backend_spring-boot-library] INFO  o.eclipse.m2e.core.internal.Bundles - 	Entry: C:\Users\USER\Downloads\sts-4.21.1.RELEASE\plugins\org.eclipse.m2e.maven.runtime_3.9.500.20231113-2345\jars\wagon-http-shared-3.5.3.jar
2024-06-14 15:48:39,450 [Worker-19: Launching Executing clean in C__Users_USER_Desktop_react project_library-app_02-backend_spring-boot-library] INFO  o.eclipse.m2e.core.internal.Bundles - 	Entry: C:\Users\USER\Downloads\sts-4.21.1.RELEASE\plugins\org.eclipse.m2e.maven.runtime_3.9.500.20231113-2345\jars\wagon-provider-api-3.5.3.jar
2024-06-14 15:48:39,458 [Worker-19: Launching Executing clean in C__Users_USER_Desktop_react project_library-app_02-backend_spring-boot-library] INFO  o.eclipse.m2e.core.internal.Bundles - getClasspathEntries(Bundle=com.google.guava_33.0.0.jre [25])
2024-06-14 15:48:39,459 [Worker-19: Launching Executing clean in C__Users_USER_Desktop_react project_library-app_02-backend_spring-boot-library] INFO  o.eclipse.m2e.core.internal.Bundles - 	Entry: C:\Users\USER\Downloads\sts-4.21.1.RELEASE\plugins\com.google.guava_33.0.0.jre.jar
2024-06-14 15:48:39,459 [Worker-19: Launching Executing clean in C__Users_USER_Desktop_react project_library-app_02-backend_spring-boot-library] INFO  o.eclipse.m2e.core.internal.Bundles - getClasspathEntries(Bundle=slf4j.api_2.0.9 [573])
2024-06-14 15:48:39,460 [Worker-19: Launching Executing clean in C__Users_USER_Desktop_react project_library-app_02-backend_spring-boot-library] INFO  o.eclipse.m2e.core.internal.Bundles - 	Entry: C:\Users\USER\Downloads\sts-4.21.1.RELEASE\plugins\slf4j.api_2.0.9.jar
2024-06-14 15:48:39,460 [Worker-19: Launching Executing clean in C__Users_USER_Desktop_react project_library-app_02-backend_spring-boot-library] INFO  o.eclipse.m2e.core.internal.Bundles - getClasspathEntries(Bundle=jakarta.inject.jakarta.inject-api_1.0.5 [41])
2024-06-14 15:48:39,461 [Worker-19: Launching Executing clean in C__Users_USER_Desktop_react project_library-app_02-backend_spring-boot-library] INFO  o.eclipse.m2e.core.internal.Bundles - 	Entry: C:\Users\USER\Downloads\sts-4.21.1.RELEASE\plugins\jakarta.inject.jakarta.inject-api_1.0.5.jar
2024-06-14 15:48:39,461 [Worker-19: Launching Executing clean in C__Users_USER_Desktop_react project_library-app_02-backend_spring-boot-library] INFO  o.eclipse.m2e.core.internal.Bundles - getClasspathEntries(Bundle=jakarta.annotation-api_1.3.5 [37])
2024-06-14 15:48:39,461 [Worker-19: Launching Executing clean in C__Users_USER_Desktop_react project_library-app_02-backend_spring-boot-library] INFO  o.eclipse.m2e.core.internal.Bundles - 	Entry: C:\Users\USER\Downloads\sts-4.21.1.RELEASE\plugins\jakarta.annotation-api_1.3.5.jar
2024-06-14 15:48:39,461 [Worker-19: Launching Executing clean in C__Users_USER_Desktop_react project_library-app_02-backend_spring-boot-library] INFO  o.eclipse.m2e.core.internal.Bundles - getClasspathEntries(Bundle=org.apache.commons.cli_1.6.0 [71])
2024-06-14 15:48:39,461 [Worker-19: Launching Executing clean in C__Users_USER_Desktop_react project_library-app_02-backend_spring-boot-library] INFO  o.eclipse.m2e.core.internal.Bundles - 	Entry: C:\Users\USER\Downloads\sts-4.21.1.RELEASE\plugins\org.apache.commons.cli_1.6.0.jar
2024-06-14 15:48:39,461 [Worker-19: Launching Executing clean in C__Users_USER_Desktop_react project_library-app_02-backend_spring-boot-library] INFO  o.eclipse.m2e.core.internal.Bundles - getClasspathEntries(Bundle=org.apache.commons.commons-codec_1.16.0 [73])
2024-06-14 15:48:39,462 [Worker-19: Launching Executing clean in C__Users_USER_Desktop_react project_library-app_02-backend_spring-boot-library] INFO  o.eclipse.m2e.core.internal.Bundles - 	Entry: C:\Users\USER\Downloads\sts-4.21.1.RELEASE\plugins\org.apache.commons.commons-codec_1.16.0.jar
2024-06-14 15:48:39,462 [Worker-19: Launching Executing clean in C__Users_USER_Desktop_react project_library-app_02-backend_spring-boot-library] INFO  o.eclipse.m2e.core.internal.Bundles - getClasspathEntries(Bundle=org.apache.commons.lang3_3.13.0 [77])
2024-06-14 15:48:39,462 [Worker-19: Launching Executing clean in C__Users_USER_Desktop_react project_library-app_02-backend_spring-boot-library] INFO  o.eclipse.m2e.core.internal.Bundles - 	Entry: C:\Users\USER\Downloads\sts-4.21.1.RELEASE\plugins\org.apache.commons.lang3_3.13.0.jar
2024-06-14 15:48:39,462 [Worker-19: Launching Executing clean in C__Users_USER_Desktop_react project_library-app_02-backend_spring-boot-library] INFO  o.eclipse.m2e.core.internal.Bundles - getClasspathEntries(Bundle=com.google.guava.failureaccess_1.0.2 [27])
2024-06-14 15:48:39,463 [Worker-19: Launching Executing clean in C__Users_USER_Desktop_react project_library-app_02-backend_spring-boot-library] INFO  o.eclipse.m2e.core.internal.Bundles - 	Entry: C:\Users\USER\Downloads\sts-4.21.1.RELEASE\plugins\com.google.guava.failureaccess_1.0.2.jar
2024-06-14 15:48:39,473 [Worker-19: Launching Executing clean in C__Users_USER_Desktop_react project_library-app_02-backend_spring-boot-library] INFO  o.e.m.i.launch.MavenLaunchDelegate - Run build in "C:\Users\USER\Desktop\react project\library-app\02-backend\spring-boot-library":
2024-06-14 15:48:39,474 [Worker-19: Launching Executing clean in C__Users_USER_Desktop_react project_library-app_02-backend_spring-boot-library] INFO  o.e.m.i.launch.MavenLaunchDelegate -  mvn  -Ppom.xml -B -Dstyle.color=always clean
2024-06-14 15:48:53,887 [Worker-16: Launching Executing install in C__Users_USER_Desktop_react project_library-app_02-backend_spring-boot-library] INFO  o.eclipse.m2e.core.internal.Bundles - getClasspathEntries(Bundle=org.eclipse.m2e.maven.runtime_3.9.500.20231113-2345 [346])
2024-06-14 15:48:53,888 [Worker-16: Launching Executing install in C__Users_USER_Desktop_react project_library-app_02-backend_spring-boot-library] INFO  o.eclipse.m2e.core.internal.Bundles - 	Entry: C:\Users\USER\Downloads\sts-4.21.1.RELEASE\plugins\org.eclipse.m2e.maven.runtime_3.9.500.20231113-2345
2024-06-14 15:48:53,889 [Worker-16: Launching Executing install in C__Users_USER_Desktop_react project_library-app_02-backend_spring-boot-library] INFO  o.eclipse.m2e.core.internal.Bundles - 	Entry: C:\Users\USER\Downloads\sts-4.21.1.RELEASE\plugins\org.eclipse.m2e.maven.runtime_3.9.500.20231113-2345\jars\aopalliance-1.0.jar
2024-06-14 15:48:53,890 [Worker-16: Launching Executing install in C__Users_USER_Desktop_react project_library-app_02-backend_spring-boot-library] INFO  o.eclipse.m2e.core.internal.Bundles - 	Entry: C:\Users\USER\Downloads\sts-4.21.1.RELEASE\plugins\org.eclipse.m2e.maven.runtime_3.9.500.20231113-2345\jars\guice-5.1.0.jar
2024-06-14 15:48:53,890 [Worker-16: Launching Executing install in C__Users_USER_Desktop_react project_library-app_02-backend_spring-boot-library] INFO  o.eclipse.m2e.core.internal.Bundles - 	Entry: C:\Users\USER\Downloads\sts-4.21.1.RELEASE\plugins\org.eclipse.m2e.maven.runtime_3.9.500.20231113-2345\jars\httpclient-4.5.14.jar
2024-06-14 15:48:53,890 [Worker-16: Launching Executing install in C__Users_USER_Desktop_react project_library-app_02-backend_spring-boot-library] INFO  o.eclipse.m2e.core.internal.Bundles - 	Entry: C:\Users\USER\Downloads\sts-4.21.1.RELEASE\plugins\org.eclipse.m2e.maven.runtime_3.9.500.20231113-2345\jars\httpcore-4.4.16.jar
2024-06-14 15:48:53,890 [Worker-16: Launching Executing install in C__Users_USER_Desktop_react project_library-app_02-backend_spring-boot-library] INFO  o.eclipse.m2e.core.internal.Bundles - 	Entry: C:\Users\USER\Downloads\sts-4.21.1.RELEASE\plugins\org.eclipse.m2e.maven.runtime_3.9.500.20231113-2345\jars\jansi-2.4.0.jar
2024-06-14 15:48:53,890 [Worker-16: Launching Executing install in C__Users_USER_Desktop_react project_library-app_02-backend_spring-boot-library] INFO  o.eclipse.m2e.core.internal.Bundles - 	Entry: C:\Users\USER\Downloads\sts-4.21.1.RELEASE\plugins\org.eclipse.m2e.maven.runtime_3.9.500.20231113-2345\jars\jcl-over-slf4j-1.7.36.jar
2024-06-14 15:48:53,891 [Worker-16: Launching Executing install in C__Users_USER_Desktop_react project_library-app_02-backend_spring-boot-library] INFO  o.eclipse.m2e.core.internal.Bundles - 	Entry: C:\Users\USER\Downloads\sts-4.21.1.RELEASE\plugins\org.eclipse.m2e.maven.runtime_3.9.500.20231113-2345\jars\maven-artifact-3.9.5.jar
2024-06-14 15:48:53,891 [Worker-16: Launching Executing install in C__Users_USER_Desktop_react project_library-app_02-backend_spring-boot-library] INFO  o.eclipse.m2e.core.internal.Bundles - 	Entry: C:\Users\USER\Downloads\sts-4.21.1.RELEASE\plugins\org.eclipse.m2e.maven.runtime_3.9.500.20231113-2345\jars\maven-builder-support-3.9.5.jar
2024-06-14 15:48:53,891 [Worker-16: Launching Executing install in C__Users_USER_Desktop_react project_library-app_02-backend_spring-boot-library] INFO  o.eclipse.m2e.core.internal.Bundles - 	Entry: C:\Users\USER\Downloads\sts-4.21.1.RELEASE\plugins\org.eclipse.m2e.maven.runtime_3.9.500.20231113-2345\jars\maven-compat-3.9.5.jar
2024-06-14 15:48:53,891 [Worker-16: Launching Executing install in C__Users_USER_Desktop_react project_library-app_02-backend_spring-boot-library] INFO  o.eclipse.m2e.core.internal.Bundles - 	Entry: C:\Users\USER\Downloads\sts-4.21.1.RELEASE\plugins\org.eclipse.m2e.maven.runtime_3.9.500.20231113-2345\jars\maven-core-3.9.5.jar
2024-06-14 15:48:53,891 [Worker-16: Launching Executing install in C__Users_USER_Desktop_react project_library-app_02-backend_spring-boot-library] INFO  o.eclipse.m2e.core.internal.Bundles - 	Entry: C:\Users\USER\Downloads\sts-4.21.1.RELEASE\plugins\org.eclipse.m2e.maven.runtime_3.9.500.20231113-2345\jars\maven-embedder-3.9.5.jar
2024-06-14 15:48:53,892 [Worker-16: Launching Executing install in C__Users_USER_Desktop_react project_library-app_02-backend_spring-boot-library] INFO  o.eclipse.m2e.core.internal.Bundles - 	Entry: C:\Users\USER\Downloads\sts-4.21.1.RELEASE\plugins\org.eclipse.m2e.maven.runtime_3.9.500.20231113-2345\jars\maven-model-3.9.5.jar
2024-06-14 15:48:53,892 [Worker-16: Launching Executing install in C__Users_USER_Desktop_react project_library-app_02-backend_spring-boot-library] INFO  o.eclipse.m2e.core.internal.Bundles - 	Entry: C:\Users\USER\Downloads\sts-4.21.1.RELEASE\plugins\org.eclipse.m2e.maven.runtime_3.9.500.20231113-2345\jars\maven-model-builder-3.9.5.jar
2024-06-14 15:48:53,892 [Worker-16: Launching Executing install in C__Users_USER_Desktop_react project_library-app_02-backend_spring-boot-library] INFO  o.eclipse.m2e.core.internal.Bundles - 	Entry: C:\Users\USER\Downloads\sts-4.21.1.RELEASE\plugins\org.eclipse.m2e.maven.runtime_3.9.500.20231113-2345\jars\maven-plugin-api-3.9.5.jar
2024-06-14 15:48:53,892 [Worker-16: Launching Executing install in C__Users_USER_Desktop_react project_library-app_02-backend_spring-boot-library] INFO  o.eclipse.m2e.core.internal.Bundles - 	Entry: C:\Users\USER\Downloads\sts-4.21.1.RELEASE\plugins\org.eclipse.m2e.maven.runtime_3.9.500.20231113-2345\jars\maven-repository-metadata-3.9.5.jar
2024-06-14 15:48:53,893 [Worker-16: Launching Executing install in C__Users_USER_Desktop_react project_library-app_02-backend_spring-boot-library] INFO  o.eclipse.m2e.core.internal.Bundles - 	Entry: C:\Users\USER\Downloads\sts-4.21.1.RELEASE\plugins\org.eclipse.m2e.maven.runtime_3.9.500.20231113-2345\jars\maven-resolver-api-1.9.16.jar
2024-06-14 15:48:53,893 [Worker-16: Launching Executing install in C__Users_USER_Desktop_react project_library-app_02-backend_spring-boot-library] INFO  o.eclipse.m2e.core.internal.Bundles - 	Entry: C:\Users\USER\Downloads\sts-4.21.1.RELEASE\plugins\org.eclipse.m2e.maven.runtime_3.9.500.20231113-2345\jars\maven-resolver-connector-basic-1.9.16.jar
2024-06-14 15:48:53,893 [Worker-16: Launching Executing install in C__Users_USER_Desktop_react project_library-app_02-backend_spring-boot-library] INFO  o.eclipse.m2e.core.internal.Bundles - 	Entry: C:\Users\USER\Downloads\sts-4.21.1.RELEASE\plugins\org.eclipse.m2e.maven.runtime_3.9.500.20231113-2345\jars\maven-resolver-impl-1.9.16.jar
2024-06-14 15:48:53,893 [Worker-16: Launching Executing install in C__Users_USER_Desktop_react project_library-app_02-backend_spring-boot-library] INFO  o.eclipse.m2e.core.internal.Bundles - 	Entry: C:\Users\USER\Downloads\sts-4.21.1.RELEASE\plugins\org.eclipse.m2e.maven.runtime_3.9.500.20231113-2345\jars\maven-resolver-named-locks-1.9.16.jar
2024-06-14 15:48:53,894 [Worker-16: Launching Executing install in C__Users_USER_Desktop_react project_library-app_02-backend_spring-boot-library] INFO  o.eclipse.m2e.core.internal.Bundles - 	Entry: C:\Users\USER\Downloads\sts-4.21.1.RELEASE\plugins\org.eclipse.m2e.maven.runtime_3.9.500.20231113-2345\jars\maven-resolver-provider-3.9.5.jar
2024-06-14 15:48:53,894 [Worker-16: Launching Executing install in C__Users_USER_Desktop_react project_library-app_02-backend_spring-boot-library] INFO  o.eclipse.m2e.core.internal.Bundles - 	Entry: C:\Users\USER\Downloads\sts-4.21.1.RELEASE\plugins\org.eclipse.m2e.maven.runtime_3.9.500.20231113-2345\jars\maven-resolver-spi-1.9.16.jar
2024-06-14 15:48:53,894 [Worker-16: Launching Executing install in C__Users_USER_Desktop_react project_library-app_02-backend_spring-boot-library] INFO  o.eclipse.m2e.core.internal.Bundles - 	Entry: C:\Users\USER\Downloads\sts-4.21.1.RELEASE\plugins\org.eclipse.m2e.maven.runtime_3.9.500.20231113-2345\jars\maven-resolver-transport-file-1.9.16.jar
2024-06-14 15:48:53,894 [Worker-16: Launching Executing install in C__Users_USER_Desktop_react project_library-app_02-backend_spring-boot-library] INFO  o.eclipse.m2e.core.internal.Bundles - 	Entry: C:\Users\USER\Downloads\sts-4.21.1.RELEASE\plugins\org.eclipse.m2e.maven.runtime_3.9.500.20231113-2345\jars\maven-resolver-transport-http-1.9.16.jar
2024-06-14 15:48:53,894 [Worker-16: Launching Executing install in C__Users_USER_Desktop_react project_library-app_02-backend_spring-boot-library] INFO  o.eclipse.m2e.core.internal.Bundles - 	Entry: C:\Users\USER\Downloads\sts-4.21.1.RELEASE\plugins\org.eclipse.m2e.maven.runtime_3.9.500.20231113-2345\jars\maven-resolver-transport-wagon-1.9.16.jar
2024-06-14 15:48:53,895 [Worker-16: Launching Executing install in C__Users_USER_Desktop_react project_library-app_02-backend_spring-boot-library] INFO  o.eclipse.m2e.core.internal.Bundles - 	Entry: C:\Users\USER\Downloads\sts-4.21.1.RELEASE\plugins\org.eclipse.m2e.maven.runtime_3.9.500.20231113-2345\jars\maven-resolver-util-1.9.16.jar
2024-06-14 15:48:53,895 [Worker-16: Launching Executing install in C__Users_USER_Desktop_react project_library-app_02-backend_spring-boot-library] INFO  o.eclipse.m2e.core.internal.Bundles - 	Entry: C:\Users\USER\Downloads\sts-4.21.1.RELEASE\plugins\org.eclipse.m2e.maven.runtime_3.9.500.20231113-2345\jars\maven-settings-3.9.5.jar
2024-06-14 15:48:53,895 [Worker-16: Launching Executing install in C__Users_USER_Desktop_react project_library-app_02-backend_spring-boot-library] INFO  o.eclipse.m2e.core.internal.Bundles - 	Entry: C:\Users\USER\Downloads\sts-4.21.1.RELEASE\plugins\org.eclipse.m2e.maven.runtime_3.9.500.20231113-2345\jars\maven-settings-builder-3.9.5.jar
2024-06-14 15:48:53,895 [Worker-16: Launching Executing install in C__Users_USER_Desktop_react project_library-app_02-backend_spring-boot-library] INFO  o.eclipse.m2e.core.internal.Bundles - 	Entry: C:\Users\USER\Downloads\sts-4.21.1.RELEASE\plugins\org.eclipse.m2e.maven.runtime_3.9.500.20231113-2345\jars\maven-shared-utils-3.3.4.jar
2024-06-14 15:48:53,895 [Worker-16: Launching Executing install in C__Users_USER_Desktop_react project_library-app_02-backend_spring-boot-library] INFO  o.eclipse.m2e.core.internal.Bundles - 	Entry: C:\Users\USER\Downloads\sts-4.21.1.RELEASE\plugins\org.eclipse.m2e.maven.runtime_3.9.500.20231113-2345\jars\org.eclipse.sisu.inject-0.3.5.jar
2024-06-14 15:48:53,896 [Worker-16: Launching Executing install in C__Users_USER_Desktop_react project_library-app_02-backend_spring-boot-library] INFO  o.eclipse.m2e.core.internal.Bundles - 	Entry: C:\Users\USER\Downloads\sts-4.21.1.RELEASE\plugins\org.eclipse.m2e.maven.runtime_3.9.500.20231113-2345\jars\org.eclipse.sisu.plexus-0.3.5.jar
2024-06-14 15:48:53,896 [Worker-16: Launching Executing install in C__Users_USER_Desktop_react project_library-app_02-backend_spring-boot-library] INFO  o.eclipse.m2e.core.internal.Bundles - 	Entry: C:\Users\USER\Downloads\sts-4.21.1.RELEASE\plugins\org.eclipse.m2e.maven.runtime_3.9.500.20231113-2345\jars\plexus-build-api-0.0.7.jar
2024-06-14 15:48:53,896 [Worker-16: Launching Executing install in C__Users_USER_Desktop_react project_library-app_02-backend_spring-boot-library] INFO  o.eclipse.m2e.core.internal.Bundles - 	Entry: C:\Users\USER\Downloads\sts-4.21.1.RELEASE\plugins\org.eclipse.m2e.maven.runtime_3.9.500.20231113-2345\jars\plexus-cipher-2.0.jar
2024-06-14 15:48:53,896 [Worker-16: Launching Executing install in C__Users_USER_Desktop_react project_library-app_02-backend_spring-boot-library] INFO  o.eclipse.m2e.core.internal.Bundles - 	Entry: C:\Users\USER\Downloads\sts-4.21.1.RELEASE\plugins\org.eclipse.m2e.maven.runtime_3.9.500.20231113-2345\jars\plexus-classworlds-2.7.0.jar
2024-06-14 15:48:53,896 [Worker-16: Launching Executing install in C__Users_USER_Desktop_react project_library-app_02-backend_spring-boot-library] INFO  o.eclipse.m2e.core.internal.Bundles - 	Entry: C:\Users\USER\Downloads\sts-4.21.1.RELEASE\plugins\org.eclipse.m2e.maven.runtime_3.9.500.20231113-2345\jars\plexus-component-annotations-2.1.0.jar
2024-06-14 15:48:53,897 [Worker-16: Launching Executing install in C__Users_USER_Desktop_react project_library-app_02-backend_spring-boot-library] INFO  o.eclipse.m2e.core.internal.Bundles - 	Entry: C:\Users\USER\Downloads\sts-4.21.1.RELEASE\plugins\org.eclipse.m2e.maven.runtime_3.9.500.20231113-2345\jars\plexus-interpolation-1.26.jar
2024-06-14 15:48:53,897 [Worker-16: Launching Executing install in C__Users_USER_Desktop_react project_library-app_02-backend_spring-boot-library] INFO  o.eclipse.m2e.core.internal.Bundles - 	Entry: C:\Users\USER\Downloads\sts-4.21.1.RELEASE\plugins\org.eclipse.m2e.maven.runtime_3.9.500.20231113-2345\jars\plexus-sec-dispatcher-2.0.jar
2024-06-14 15:48:53,897 [Worker-16: Launching Executing install in C__Users_USER_Desktop_react project_library-app_02-backend_spring-boot-library] INFO  o.eclipse.m2e.core.internal.Bundles - 	Entry: C:\Users\USER\Downloads\sts-4.21.1.RELEASE\plugins\org.eclipse.m2e.maven.runtime_3.9.500.20231113-2345\jars\plexus-utils-3.5.1.jar
2024-06-14 15:48:53,898 [Worker-16: Launching Executing install in C__Users_USER_Desktop_react project_library-app_02-backend_spring-boot-library] INFO  o.eclipse.m2e.core.internal.Bundles - 	Entry: C:\Users\USER\Downloads\sts-4.21.1.RELEASE\plugins\org.eclipse.m2e.maven.runtime_3.9.500.20231113-2345\jars\wagon-file-3.5.3.jar
2024-06-14 15:48:53,898 [Worker-16: Launching Executing install in C__Users_USER_Desktop_react project_library-app_02-backend_spring-boot-library] INFO  o.eclipse.m2e.core.internal.Bundles - 	Entry: C:\Users\USER\Downloads\sts-4.21.1.RELEASE\plugins\org.eclipse.m2e.maven.runtime_3.9.500.20231113-2345\jars\wagon-http-3.5.3.jar
2024-06-14 15:48:53,898 [Worker-16: Launching Executing install in C__Users_USER_Desktop_react project_library-app_02-backend_spring-boot-library] INFO  o.eclipse.m2e.core.internal.Bundles - 	Entry: C:\Users\USER\Downloads\sts-4.21.1.RELEASE\plugins\org.eclipse.m2e.maven.runtime_3.9.500.20231113-2345\jars\wagon-http-shared-3.5.3.jar
2024-06-14 15:48:53,899 [Worker-16: Launching Executing install in C__Users_USER_Desktop_react project_library-app_02-backend_spring-boot-library] INFO  o.eclipse.m2e.core.internal.Bundles - 	Entry: C:\Users\USER\Downloads\sts-4.21.1.RELEASE\plugins\org.eclipse.m2e.maven.runtime_3.9.500.20231113-2345\jars\wagon-provider-api-3.5.3.jar
2024-06-14 15:48:53,900 [Worker-16: Launching Executing install in C__Users_USER_Desktop_react project_library-app_02-backend_spring-boot-library] INFO  o.eclipse.m2e.core.internal.Bundles - getClasspathEntries(Bundle=com.google.guava_33.0.0.jre [25])
2024-06-14 15:48:53,900 [Worker-16: Launching Executing install in C__Users_USER_Desktop_react project_library-app_02-backend_spring-boot-library] INFO  o.eclipse.m2e.core.internal.Bundles - 	Entry: C:\Users\USER\Downloads\sts-4.21.1.RELEASE\plugins\com.google.guava_33.0.0.jre.jar
2024-06-14 15:48:53,901 [Worker-16: Launching Executing install in C__Users_USER_Desktop_react project_library-app_02-backend_spring-boot-library] INFO  o.eclipse.m2e.core.internal.Bundles - getClasspathEntries(Bundle=slf4j.api_2.0.9 [573])
2024-06-14 15:48:53,901 [Worker-16: Launching Executing install in C__Users_USER_Desktop_react project_library-app_02-backend_spring-boot-library] INFO  o.eclipse.m2e.core.internal.Bundles - 	Entry: C:\Users\USER\Downloads\sts-4.21.1.RELEASE\plugins\slf4j.api_2.0.9.jar
2024-06-14 15:48:53,902 [Worker-16: Launching Executing install in C__Users_USER_Desktop_react project_library-app_02-backend_spring-boot-library] INFO  o.eclipse.m2e.core.internal.Bundles - getClasspathEntries(Bundle=jakarta.inject.jakarta.inject-api_1.0.5 [41])
2024-06-14 15:48:53,902 [Worker-16: Launching Executing install in C__Users_USER_Desktop_react project_library-app_02-backend_spring-boot-library] INFO  o.eclipse.m2e.core.internal.Bundles - 	Entry: C:\Users\USER\Downloads\sts-4.21.1.RELEASE\plugins\jakarta.inject.jakarta.inject-api_1.0.5.jar
2024-06-14 15:48:53,902 [Worker-16: Launching Executing install in C__Users_USER_Desktop_react project_library-app_02-backend_spring-boot-library] INFO  o.eclipse.m2e.core.internal.Bundles - getClasspathEntries(Bundle=jakarta.annotation-api_1.3.5 [37])
2024-06-14 15:48:53,904 [Worker-16: Launching Executing install in C__Users_USER_Desktop_react project_library-app_02-backend_spring-boot-library] INFO  o.eclipse.m2e.core.internal.Bundles - 	Entry: C:\Users\USER\Downloads\sts-4.21.1.RELEASE\plugins\jakarta.annotation-api_1.3.5.jar
2024-06-14 15:48:53,904 [Worker-16: Launching Executing install in C__Users_USER_Desktop_react project_library-app_02-backend_spring-boot-library] INFO  o.eclipse.m2e.core.internal.Bundles - getClasspathEntries(Bundle=org.apache.commons.cli_1.6.0 [71])
2024-06-14 15:48:53,904 [Worker-16: Launching Executing install in C__Users_USER_Desktop_react project_library-app_02-backend_spring-boot-library] INFO  o.eclipse.m2e.core.internal.Bundles - 	Entry: C:\Users\USER\Downloads\sts-4.21.1.RELEASE\plugins\org.apache.commons.cli_1.6.0.jar
2024-06-14 15:48:53,904 [Worker-16: Launching Executing install in C__Users_USER_Desktop_react project_library-app_02-backend_spring-boot-library] INFO  o.eclipse.m2e.core.internal.Bundles - getClasspathEntries(Bundle=org.apache.commons.commons-codec_1.16.0 [73])
2024-06-14 15:48:53,905 [Worker-16: Launching Executing install in C__Users_USER_Desktop_react project_library-app_02-backend_spring-boot-library] INFO  o.eclipse.m2e.core.internal.Bundles - 	Entry: C:\Users\USER\Downloads\sts-4.21.1.RELEASE\plugins\org.apache.commons.commons-codec_1.16.0.jar
2024-06-14 15:48:53,905 [Worker-16: Launching Executing install in C__Users_USER_Desktop_react project_library-app_02-backend_spring-boot-library] INFO  o.eclipse.m2e.core.internal.Bundles - getClasspathEntries(Bundle=org.apache.commons.lang3_3.13.0 [77])
2024-06-14 15:48:53,906 [Worker-16: Launching Executing install in C__Users_USER_Desktop_react project_library-app_02-backend_spring-boot-library] INFO  o.eclipse.m2e.core.internal.Bundles - 	Entry: C:\Users\USER\Downloads\sts-4.21.1.RELEASE\plugins\org.apache.commons.lang3_3.13.0.jar
2024-06-14 15:48:53,906 [Worker-16: Launching Executing install in C__Users_USER_Desktop_react project_library-app_02-backend_spring-boot-library] INFO  o.eclipse.m2e.core.internal.Bundles - getClasspathEntries(Bundle=com.google.guava.failureaccess_1.0.2 [27])
2024-06-14 15:48:53,906 [Worker-16: Launching Executing install in C__Users_USER_Desktop_react project_library-app_02-backend_spring-boot-library] INFO  o.eclipse.m2e.core.internal.Bundles - 	Entry: C:\Users\USER\Downloads\sts-4.21.1.RELEASE\plugins\com.google.guava.failureaccess_1.0.2.jar
2024-06-14 15:48:53,909 [Worker-16: Launching Executing install in C__Users_USER_Desktop_react project_library-app_02-backend_spring-boot-library] INFO  o.e.m.i.launch.MavenLaunchDelegate - Run build in "C:\Users\USER\Desktop\react project\library-app\02-backend\spring-boot-library":
2024-06-14 15:48:53,909 [Worker-16: Launching Executing install in C__Users_USER_Desktop_react project_library-app_02-backend_spring-boot-library] INFO  o.e.m.i.launch.MavenLaunchDelegate -  mvn  -Ppom.xml -B -Dstyle.color=always install
2024-06-14 17:33:12,638 [Worker-8: Loading available Gradle versions] INFO  o.e.b.c.i.u.g.PublishedGradleVersions - Gradle version information cache is up-to-date. Trying to read.
2024-06-15 10:36:37,339 [Worker-1: Loading available Gradle versions] INFO  o.e.b.c.i.u.g.PublishedGradleVersions - Gradle version information cache is up-to-date. Trying to read.
2024-06-15 10:38:19,541 [Worker-13: Building] INFO  o.a.m.s.f.DefaultMavenResourcesFiltering - Copying 1 resource from src\main\resources to target\classes
2024-06-15 10:38:19,571 [Worker-13: Building] INFO  o.a.m.s.f.DefaultMavenResourcesFiltering - Copying 0 resource from src\main\resources to target\classes
2024-06-15 10:38:19,579 [Worker-13: Building] INFO  o.a.m.s.f.DefaultMavenResourcesFiltering - skip non existing resourceDirectory C:\Users\USER\Desktop\react project\library-app\02-backend\spring-boot-library\src\test\resources
2024-06-15 10:38:44,481 [Worker-1: Building] INFO  o.a.m.s.f.DefaultMavenResourcesFiltering - Copying 1 resource from src\main\resources to target\classes
2024-06-15 10:38:44,489 [Worker-1: Building] INFO  o.a.m.s.f.DefaultMavenResourcesFiltering - Copying 0 resource from src\main\resources to target\classes
2024-06-15 10:38:44,497 [Worker-1: Building] INFO  o.a.m.s.f.DefaultMavenResourcesFiltering - skip non existing resourceDirectory C:\Users\USER\Desktop\react project\library-app\02-backend\spring-boot-library\src\test\resources
2024-06-15 10:50:51,004 [Worker-18: Building] INFO  o.a.m.s.f.DefaultMavenResourcesFiltering - Copying 1 resource from src\main\resources to target\classes
2024-06-15 10:50:51,012 [Worker-18: Building] INFO  o.a.m.s.f.DefaultMavenResourcesFiltering - Copying 0 resource from src\main\resources to target\classes
2024-06-15 10:50:51,018 [Worker-18: Building] INFO  o.a.m.s.f.DefaultMavenResourcesFiltering - skip non existing resourceDirectory C:\Users\USER\Desktop\react project\library-app\02-backend\spring-boot-library\src\test\resources
2024-06-15 10:52:47,097 [Worker-16: Building] INFO  o.a.m.s.f.DefaultMavenResourcesFiltering - Copying 1 resource from src\main\resources to target\classes
2024-06-15 10:52:47,154 [Worker-16: Building] INFO  o.a.m.s.f.DefaultMavenResourcesFiltering - Copying 0 resource from src\main\resources to target\classes
2024-06-15 10:52:47,162 [Worker-16: Building] INFO  o.a.m.s.f.DefaultMavenResourcesFiltering - skip non existing resourceDirectory C:\Users\USER\Desktop\react project\library-app\02-backend\spring-boot-library\src\test\resources
2024-06-15 12:21:52,753 [Worker-36: Building] INFO  o.a.m.s.f.DefaultMavenResourcesFiltering - Copying 1 resource from src\main\resources to target\classes
2024-06-15 12:21:52,850 [Worker-36: Building] INFO  o.a.m.s.f.DefaultMavenResourcesFiltering - Copying 0 resource from src\main\resources to target\classes
2024-06-15 12:21:52,856 [Worker-36: Building] INFO  o.a.m.s.f.DefaultMavenResourcesFiltering - skip non existing resourceDirectory C:\Users\USER\Desktop\react project\library-app\02-backend\spring-boot-library\src\test\resources
2024-06-15 12:22:06,692 [Worker-35: Building] INFO  o.a.m.s.f.DefaultMavenResourcesFiltering - Copying 1 resource from src\main\resources to target\classes
2024-06-15 12:22:06,743 [Worker-35: Building] INFO  o.a.m.s.f.DefaultMavenResourcesFiltering - Copying 0 resource from src\main\resources to target\classes
2024-06-15 12:22:06,746 [Worker-35: Building] INFO  o.a.m.s.f.DefaultMavenResourcesFiltering - skip non existing resourceDirectory C:\Users\USER\Desktop\react project\library-app\02-backend\spring-boot-library\src\test\resources
2024-06-15 12:29:04,305 [Worker-39: Building] INFO  o.a.m.s.f.DefaultMavenResourcesFiltering - Copying 1 resource from src\main\resources to target\classes
2024-06-15 12:29:04,343 [Worker-39: Building] INFO  o.a.m.s.f.DefaultMavenResourcesFiltering - Copying 0 resource from src\main\resources to target\classes
2024-06-15 12:29:04,349 [Worker-39: Building] INFO  o.a.m.s.f.DefaultMavenResourcesFiltering - skip non existing resourceDirectory C:\Users\USER\Desktop\react project\library-app\02-backend\spring-boot-library\src\test\resources
2024-06-15 12:29:14,639 [Worker-33: Launching spring-boot-library - SpringBootLibraryApplication] INFO  o.a.m.s.f.DefaultMavenResourcesFiltering - Copying 1 resource from src\main\resources to target\classes
2024-06-15 12:29:14,721 [Worker-33: Launching spring-boot-library - SpringBootLibraryApplication] INFO  o.a.m.s.f.DefaultMavenResourcesFiltering - Copying 0 resource from src\main\resources to target\classes
2024-06-15 12:29:14,730 [Worker-33: Launching spring-boot-library - SpringBootLibraryApplication] INFO  o.a.m.s.f.DefaultMavenResourcesFiltering - skip non existing resourceDirectory C:\Users\USER\Desktop\react project\library-app\02-backend\spring-boot-library\src\test\resources
2024-06-15 13:02:20,616 [Worker-55: Building] INFO  o.a.m.s.f.DefaultMavenResourcesFiltering - Copying 1 resource from src\main\resources to target\classes
2024-06-15 13:02:20,681 [Worker-55: Building] INFO  o.a.m.s.f.DefaultMavenResourcesFiltering - Copying 0 resource from src\main\resources to target\classes
2024-06-15 13:02:20,686 [Worker-55: Building] INFO  o.a.m.s.f.DefaultMavenResourcesFiltering - skip non existing resourceDirectory C:\Users\USER\Desktop\react project\library-app\02-backend\spring-boot-library\src\test\resources
2024-06-15 13:03:19,153 [Worker-53: Building] INFO  o.a.m.s.f.DefaultMavenResourcesFiltering - Copying 1 resource from src\main\resources to target\classes
2024-06-15 13:03:19,215 [Worker-53: Building] INFO  o.a.m.s.f.DefaultMavenResourcesFiltering - Copying 0 resource from src\main\resources to target\classes
2024-06-15 13:03:19,220 [Worker-53: Building] INFO  o.a.m.s.f.DefaultMavenResourcesFiltering - skip non existing resourceDirectory C:\Users\USER\Desktop\react project\library-app\02-backend\spring-boot-library\src\test\resources
2024-06-15 13:04:23,311 [Worker-44: Launching Executing clean in C__Users_USER_Desktop_react project_library-app_02-backend_spring-boot-library] INFO  o.eclipse.m2e.core.internal.Bundles - getClasspathEntries(Bundle=org.eclipse.m2e.maven.runtime_3.9.500.20231113-2345 [346])
2024-06-15 13:04:23,317 [Worker-44: Launching Executing clean in C__Users_USER_Desktop_react project_library-app_02-backend_spring-boot-library] INFO  o.eclipse.m2e.core.internal.Bundles - 	Entry: C:\Users\USER\Downloads\sts-4.21.1.RELEASE\plugins\org.eclipse.m2e.maven.runtime_3.9.500.20231113-2345
2024-06-15 13:04:23,318 [Worker-44: Launching Executing clean in C__Users_USER_Desktop_react project_library-app_02-backend_spring-boot-library] INFO  o.eclipse.m2e.core.internal.Bundles - 	Entry: C:\Users\USER\Downloads\sts-4.21.1.RELEASE\plugins\org.eclipse.m2e.maven.runtime_3.9.500.20231113-2345\jars\aopalliance-1.0.jar
2024-06-15 13:04:23,319 [Worker-44: Launching Executing clean in C__Users_USER_Desktop_react project_library-app_02-backend_spring-boot-library] INFO  o.eclipse.m2e.core.internal.Bundles - 	Entry: C:\Users\USER\Downloads\sts-4.21.1.RELEASE\plugins\org.eclipse.m2e.maven.runtime_3.9.500.20231113-2345\jars\guice-5.1.0.jar
2024-06-15 13:04:23,320 [Worker-44: Launching Executing clean in C__Users_USER_Desktop_react project_library-app_02-backend_spring-boot-library] INFO  o.eclipse.m2e.core.internal.Bundles - 	Entry: C:\Users\USER\Downloads\sts-4.21.1.RELEASE\plugins\org.eclipse.m2e.maven.runtime_3.9.500.20231113-2345\jars\httpclient-4.5.14.jar
2024-06-15 13:04:23,320 [Worker-44: Launching Executing clean in C__Users_USER_Desktop_react project_library-app_02-backend_spring-boot-library] INFO  o.eclipse.m2e.core.internal.Bundles - 	Entry: C:\Users\USER\Downloads\sts-4.21.1.RELEASE\plugins\org.eclipse.m2e.maven.runtime_3.9.500.20231113-2345\jars\httpcore-4.4.16.jar
2024-06-15 13:04:23,320 [Worker-44: Launching Executing clean in C__Users_USER_Desktop_react project_library-app_02-backend_spring-boot-library] INFO  o.eclipse.m2e.core.internal.Bundles - 	Entry: C:\Users\USER\Downloads\sts-4.21.1.RELEASE\plugins\org.eclipse.m2e.maven.runtime_3.9.500.20231113-2345\jars\jansi-2.4.0.jar
2024-06-15 13:04:23,320 [Worker-44: Launching Executing clean in C__Users_USER_Desktop_react project_library-app_02-backend_spring-boot-library] INFO  o.eclipse.m2e.core.internal.Bundles - 	Entry: C:\Users\USER\Downloads\sts-4.21.1.RELEASE\plugins\org.eclipse.m2e.maven.runtime_3.9.500.20231113-2345\jars\jcl-over-slf4j-1.7.36.jar
2024-06-15 13:04:23,322 [Worker-44: Launching Executing clean in C__Users_USER_Desktop_react project_library-app_02-backend_spring-boot-library] INFO  o.eclipse.m2e.core.internal.Bundles - 	Entry: C:\Users\USER\Downloads\sts-4.21.1.RELEASE\plugins\org.eclipse.m2e.maven.runtime_3.9.500.20231113-2345\jars\maven-artifact-3.9.5.jar
2024-06-15 13:04:23,322 [Worker-44: Launching Executing clean in C__Users_USER_Desktop_react project_library-app_02-backend_spring-boot-library] INFO  o.eclipse.m2e.core.internal.Bundles - 	Entry: C:\Users\USER\Downloads\sts-4.21.1.RELEASE\plugins\org.eclipse.m2e.maven.runtime_3.9.500.20231113-2345\jars\maven-builder-support-3.9.5.jar
2024-06-15 13:04:23,322 [Worker-44: Launching Executing clean in C__Users_USER_Desktop_react project_library-app_02-backend_spring-boot-library] INFO  o.eclipse.m2e.core.internal.Bundles - 	Entry: C:\Users\USER\Downloads\sts-4.21.1.RELEASE\plugins\org.eclipse.m2e.maven.runtime_3.9.500.20231113-2345\jars\maven-compat-3.9.5.jar
2024-06-15 13:04:23,322 [Worker-44: Launching Executing clean in C__Users_USER_Desktop_react project_library-app_02-backend_spring-boot-library] INFO  o.eclipse.m2e.core.internal.Bundles - 	Entry: C:\Users\USER\Downloads\sts-4.21.1.RELEASE\plugins\org.eclipse.m2e.maven.runtime_3.9.500.20231113-2345\jars\maven-core-3.9.5.jar
2024-06-15 13:04:23,323 [Worker-44: Launching Executing clean in C__Users_USER_Desktop_react project_library-app_02-backend_spring-boot-library] INFO  o.eclipse.m2e.core.internal.Bundles - 	Entry: C:\Users\USER\Downloads\sts-4.21.1.RELEASE\plugins\org.eclipse.m2e.maven.runtime_3.9.500.20231113-2345\jars\maven-embedder-3.9.5.jar
2024-06-15 13:04:23,323 [Worker-44: Launching Executing clean in C__Users_USER_Desktop_react project_library-app_02-backend_spring-boot-library] INFO  o.eclipse.m2e.core.internal.Bundles - 	Entry: C:\Users\USER\Downloads\sts-4.21.1.RELEASE\plugins\org.eclipse.m2e.maven.runtime_3.9.500.20231113-2345\jars\maven-model-3.9.5.jar
2024-06-15 13:04:23,323 [Worker-44: Launching Executing clean in C__Users_USER_Desktop_react project_library-app_02-backend_spring-boot-library] INFO  o.eclipse.m2e.core.internal.Bundles - 	Entry: C:\Users\USER\Downloads\sts-4.21.1.RELEASE\plugins\org.eclipse.m2e.maven.runtime_3.9.500.20231113-2345\jars\maven-model-builder-3.9.5.jar
2024-06-15 13:04:23,323 [Worker-44: Launching Executing clean in C__Users_USER_Desktop_react project_library-app_02-backend_spring-boot-library] INFO  o.eclipse.m2e.core.internal.Bundles - 	Entry: C:\Users\USER\Downloads\sts-4.21.1.RELEASE\plugins\org.eclipse.m2e.maven.runtime_3.9.500.20231113-2345\jars\maven-plugin-api-3.9.5.jar
2024-06-15 13:04:23,323 [Worker-44: Launching Executing clean in C__Users_USER_Desktop_react project_library-app_02-backend_spring-boot-library] INFO  o.eclipse.m2e.core.internal.Bundles - 	Entry: C:\Users\USER\Downloads\sts-4.21.1.RELEASE\plugins\org.eclipse.m2e.maven.runtime_3.9.500.20231113-2345\jars\maven-repository-metadata-3.9.5.jar
2024-06-15 13:04:23,323 [Worker-44: Launching Executing clean in C__Users_USER_Desktop_react project_library-app_02-backend_spring-boot-library] INFO  o.eclipse.m2e.core.internal.Bundles - 	Entry: C:\Users\USER\Downloads\sts-4.21.1.RELEASE\plugins\org.eclipse.m2e.maven.runtime_3.9.500.20231113-2345\jars\maven-resolver-api-1.9.16.jar
2024-06-15 13:04:23,324 [Worker-44: Launching Executing clean in C__Users_USER_Desktop_react project_library-app_02-backend_spring-boot-library] INFO  o.eclipse.m2e.core.internal.Bundles - 	Entry: C:\Users\USER\Downloads\sts-4.21.1.RELEASE\plugins\org.eclipse.m2e.maven.runtime_3.9.500.20231113-2345\jars\maven-resolver-connector-basic-1.9.16.jar
2024-06-15 13:04:23,324 [Worker-44: Launching Executing clean in C__Users_USER_Desktop_react project_library-app_02-backend_spring-boot-library] INFO  o.eclipse.m2e.core.internal.Bundles - 	Entry: C:\Users\USER\Downloads\sts-4.21.1.RELEASE\plugins\org.eclipse.m2e.maven.runtime_3.9.500.20231113-2345\jars\maven-resolver-impl-1.9.16.jar
2024-06-15 13:04:23,324 [Worker-44: Launching Executing clean in C__Users_USER_Desktop_react project_library-app_02-backend_spring-boot-library] INFO  o.eclipse.m2e.core.internal.Bundles - 	Entry: C:\Users\USER\Downloads\sts-4.21.1.RELEASE\plugins\org.eclipse.m2e.maven.runtime_3.9.500.20231113-2345\jars\maven-resolver-named-locks-1.9.16.jar
2024-06-15 13:04:23,324 [Worker-44: Launching Executing clean in C__Users_USER_Desktop_react project_library-app_02-backend_spring-boot-library] INFO  o.eclipse.m2e.core.internal.Bundles - 	Entry: C:\Users\USER\Downloads\sts-4.21.1.RELEASE\plugins\org.eclipse.m2e.maven.runtime_3.9.500.20231113-2345\jars\maven-resolver-provider-3.9.5.jar
2024-06-15 13:04:23,324 [Worker-44: Launching Executing clean in C__Users_USER_Desktop_react project_library-app_02-backend_spring-boot-library] INFO  o.eclipse.m2e.core.internal.Bundles - 	Entry: C:\Users\USER\Downloads\sts-4.21.1.RELEASE\plugins\org.eclipse.m2e.maven.runtime_3.9.500.20231113-2345\jars\maven-resolver-spi-1.9.16.jar
2024-06-15 13:04:23,324 [Worker-44: Launching Executing clean in C__Users_USER_Desktop_react project_library-app_02-backend_spring-boot-library] INFO  o.eclipse.m2e.core.internal.Bundles - 	Entry: C:\Users\USER\Downloads\sts-4.21.1.RELEASE\plugins\org.eclipse.m2e.maven.runtime_3.9.500.20231113-2345\jars\maven-resolver-transport-file-1.9.16.jar
2024-06-15 13:04:23,325 [Worker-44: Launching Executing clean in C__Users_USER_Desktop_react project_library-app_02-backend_spring-boot-library] INFO  o.eclipse.m2e.core.internal.Bundles - 	Entry: C:\Users\USER\Downloads\sts-4.21.1.RELEASE\plugins\org.eclipse.m2e.maven.runtime_3.9.500.20231113-2345\jars\maven-resolver-transport-http-1.9.16.jar
2024-06-15 13:04:23,325 [Worker-44: Launching Executing clean in C__Users_USER_Desktop_react project_library-app_02-backend_spring-boot-library] INFO  o.eclipse.m2e.core.internal.Bundles - 	Entry: C:\Users\USER\Downloads\sts-4.21.1.RELEASE\plugins\org.eclipse.m2e.maven.runtime_3.9.500.20231113-2345\jars\maven-resolver-transport-wagon-1.9.16.jar
2024-06-15 13:04:23,325 [Worker-44: Launching Executing clean in C__Users_USER_Desktop_react project_library-app_02-backend_spring-boot-library] INFO  o.eclipse.m2e.core.internal.Bundles - 	Entry: C:\Users\USER\Downloads\sts-4.21.1.RELEASE\plugins\org.eclipse.m2e.maven.runtime_3.9.500.20231113-2345\jars\maven-resolver-util-1.9.16.jar
2024-06-15 13:04:23,325 [Worker-44: Launching Executing clean in C__Users_USER_Desktop_react project_library-app_02-backend_spring-boot-library] INFO  o.eclipse.m2e.core.internal.Bundles - 	Entry: C:\Users\USER\Downloads\sts-4.21.1.RELEASE\plugins\org.eclipse.m2e.maven.runtime_3.9.500.20231113-2345\jars\maven-settings-3.9.5.jar
2024-06-15 13:04:23,325 [Worker-44: Launching Executing clean in C__Users_USER_Desktop_react project_library-app_02-backend_spring-boot-library] INFO  o.eclipse.m2e.core.internal.Bundles - 	Entry: C:\Users\USER\Downloads\sts-4.21.1.RELEASE\plugins\org.eclipse.m2e.maven.runtime_3.9.500.20231113-2345\jars\maven-settings-builder-3.9.5.jar
2024-06-15 13:04:23,325 [Worker-44: Launching Executing clean in C__Users_USER_Desktop_react project_library-app_02-backend_spring-boot-library] INFO  o.eclipse.m2e.core.internal.Bundles - 	Entry: C:\Users\USER\Downloads\sts-4.21.1.RELEASE\plugins\org.eclipse.m2e.maven.runtime_3.9.500.20231113-2345\jars\maven-shared-utils-3.3.4.jar
2024-06-15 13:04:23,325 [Worker-44: Launching Executing clean in C__Users_USER_Desktop_react project_library-app_02-backend_spring-boot-library] INFO  o.eclipse.m2e.core.internal.Bundles - 	Entry: C:\Users\USER\Downloads\sts-4.21.1.RELEASE\plugins\org.eclipse.m2e.maven.runtime_3.9.500.20231113-2345\jars\org.eclipse.sisu.inject-0.3.5.jar
2024-06-15 13:04:23,325 [Worker-44: Launching Executing clean in C__Users_USER_Desktop_react project_library-app_02-backend_spring-boot-library] INFO  o.eclipse.m2e.core.internal.Bundles - 	Entry: C:\Users\USER\Downloads\sts-4.21.1.RELEASE\plugins\org.eclipse.m2e.maven.runtime_3.9.500.20231113-2345\jars\org.eclipse.sisu.plexus-0.3.5.jar
2024-06-15 13:04:23,325 [Worker-44: Launching Executing clean in C__Users_USER_Desktop_react project_library-app_02-backend_spring-boot-library] INFO  o.eclipse.m2e.core.internal.Bundles - 	Entry: C:\Users\USER\Downloads\sts-4.21.1.RELEASE\plugins\org.eclipse.m2e.maven.runtime_3.9.500.20231113-2345\jars\plexus-build-api-0.0.7.jar
2024-06-15 13:04:23,327 [Worker-44: Launching Executing clean in C__Users_USER_Desktop_react project_library-app_02-backend_spring-boot-library] INFO  o.eclipse.m2e.core.internal.Bundles - 	Entry: C:\Users\USER\Downloads\sts-4.21.1.RELEASE\plugins\org.eclipse.m2e.maven.runtime_3.9.500.20231113-2345\jars\plexus-cipher-2.0.jar
2024-06-15 13:04:23,327 [Worker-44: Launching Executing clean in C__Users_USER_Desktop_react project_library-app_02-backend_spring-boot-library] INFO  o.eclipse.m2e.core.internal.Bundles - 	Entry: C:\Users\USER\Downloads\sts-4.21.1.RELEASE\plugins\org.eclipse.m2e.maven.runtime_3.9.500.20231113-2345\jars\plexus-classworlds-2.7.0.jar
2024-06-15 13:04:23,327 [Worker-44: Launching Executing clean in C__Users_USER_Desktop_react project_library-app_02-backend_spring-boot-library] INFO  o.eclipse.m2e.core.internal.Bundles - 	Entry: C:\Users\USER\Downloads\sts-4.21.1.RELEASE\plugins\org.eclipse.m2e.maven.runtime_3.9.500.20231113-2345\jars\plexus-component-annotations-2.1.0.jar
2024-06-15 13:04:23,327 [Worker-44: Launching Executing clean in C__Users_USER_Desktop_react project_library-app_02-backend_spring-boot-library] INFO  o.eclipse.m2e.core.internal.Bundles - 	Entry: C:\Users\USER\Downloads\sts-4.21.1.RELEASE\plugins\org.eclipse.m2e.maven.runtime_3.9.500.20231113-2345\jars\plexus-interpolation-1.26.jar
2024-06-15 13:04:23,327 [Worker-44: Launching Executing clean in C__Users_USER_Desktop_react project_library-app_02-backend_spring-boot-library] INFO  o.eclipse.m2e.core.internal.Bundles - 	Entry: C:\Users\USER\Downloads\sts-4.21.1.RELEASE\plugins\org.eclipse.m2e.maven.runtime_3.9.500.20231113-2345\jars\plexus-sec-dispatcher-2.0.jar
2024-06-15 13:04:23,328 [Worker-44: Launching Executing clean in C__Users_USER_Desktop_react project_library-app_02-backend_spring-boot-library] INFO  o.eclipse.m2e.core.internal.Bundles - 	Entry: C:\Users\USER\Downloads\sts-4.21.1.RELEASE\plugins\org.eclipse.m2e.maven.runtime_3.9.500.20231113-2345\jars\plexus-utils-3.5.1.jar
2024-06-15 13:04:23,328 [Worker-44: Launching Executing clean in C__Users_USER_Desktop_react project_library-app_02-backend_spring-boot-library] INFO  o.eclipse.m2e.core.internal.Bundles - 	Entry: C:\Users\USER\Downloads\sts-4.21.1.RELEASE\plugins\org.eclipse.m2e.maven.runtime_3.9.500.20231113-2345\jars\wagon-file-3.5.3.jar
2024-06-15 13:04:23,328 [Worker-44: Launching Executing clean in C__Users_USER_Desktop_react project_library-app_02-backend_spring-boot-library] INFO  o.eclipse.m2e.core.internal.Bundles - 	Entry: C:\Users\USER\Downloads\sts-4.21.1.RELEASE\plugins\org.eclipse.m2e.maven.runtime_3.9.500.20231113-2345\jars\wagon-http-3.5.3.jar
2024-06-15 13:04:23,329 [Worker-44: Launching Executing clean in C__Users_USER_Desktop_react project_library-app_02-backend_spring-boot-library] INFO  o.eclipse.m2e.core.internal.Bundles - 	Entry: C:\Users\USER\Downloads\sts-4.21.1.RELEASE\plugins\org.eclipse.m2e.maven.runtime_3.9.500.20231113-2345\jars\wagon-http-shared-3.5.3.jar
2024-06-15 13:04:23,329 [Worker-44: Launching Executing clean in C__Users_USER_Desktop_react project_library-app_02-backend_spring-boot-library] INFO  o.eclipse.m2e.core.internal.Bundles - 	Entry: C:\Users\USER\Downloads\sts-4.21.1.RELEASE\plugins\org.eclipse.m2e.maven.runtime_3.9.500.20231113-2345\jars\wagon-provider-api-3.5.3.jar
2024-06-15 13:04:23,330 [Worker-44: Launching Executing clean in C__Users_USER_Desktop_react project_library-app_02-backend_spring-boot-library] INFO  o.eclipse.m2e.core.internal.Bundles - getClasspathEntries(Bundle=com.google.guava_33.0.0.jre [25])
2024-06-15 13:04:23,331 [Worker-44: Launching Executing clean in C__Users_USER_Desktop_react project_library-app_02-backend_spring-boot-library] INFO  o.eclipse.m2e.core.internal.Bundles - 	Entry: C:\Users\USER\Downloads\sts-4.21.1.RELEASE\plugins\com.google.guava_33.0.0.jre.jar
2024-06-15 13:04:23,331 [Worker-44: Launching Executing clean in C__Users_USER_Desktop_react project_library-app_02-backend_spring-boot-library] INFO  o.eclipse.m2e.core.internal.Bundles - getClasspathEntries(Bundle=slf4j.api_2.0.9 [573])
2024-06-15 13:04:23,332 [Worker-44: Launching Executing clean in C__Users_USER_Desktop_react project_library-app_02-backend_spring-boot-library] INFO  o.eclipse.m2e.core.internal.Bundles - 	Entry: C:\Users\USER\Downloads\sts-4.21.1.RELEASE\plugins\slf4j.api_2.0.9.jar
2024-06-15 13:04:23,332 [Worker-44: Launching Executing clean in C__Users_USER_Desktop_react project_library-app_02-backend_spring-boot-library] INFO  o.eclipse.m2e.core.internal.Bundles - getClasspathEntries(Bundle=jakarta.inject.jakarta.inject-api_1.0.5 [41])
2024-06-15 13:04:23,333 [Worker-44: Launching Executing clean in C__Users_USER_Desktop_react project_library-app_02-backend_spring-boot-library] INFO  o.eclipse.m2e.core.internal.Bundles - 	Entry: C:\Users\USER\Downloads\sts-4.21.1.RELEASE\plugins\jakarta.inject.jakarta.inject-api_1.0.5.jar
2024-06-15 13:04:23,333 [Worker-44: Launching Executing clean in C__Users_USER_Desktop_react project_library-app_02-backend_spring-boot-library] INFO  o.eclipse.m2e.core.internal.Bundles - getClasspathEntries(Bundle=jakarta.annotation-api_1.3.5 [37])
2024-06-15 13:04:23,334 [Worker-44: Launching Executing clean in C__Users_USER_Desktop_react project_library-app_02-backend_spring-boot-library] INFO  o.eclipse.m2e.core.internal.Bundles - 	Entry: C:\Users\USER\Downloads\sts-4.21.1.RELEASE\plugins\jakarta.annotation-api_1.3.5.jar
2024-06-15 13:04:23,334 [Worker-44: Launching Executing clean in C__Users_USER_Desktop_react project_library-app_02-backend_spring-boot-library] INFO  o.eclipse.m2e.core.internal.Bundles - getClasspathEntries(Bundle=org.apache.commons.cli_1.6.0 [71])
2024-06-15 13:04:23,335 [Worker-44: Launching Executing clean in C__Users_USER_Desktop_react project_library-app_02-backend_spring-boot-library] INFO  o.eclipse.m2e.core.internal.Bundles - 	Entry: C:\Users\USER\Downloads\sts-4.21.1.RELEASE\plugins\org.apache.commons.cli_1.6.0.jar
2024-06-15 13:04:23,335 [Worker-44: Launching Executing clean in C__Users_USER_Desktop_react project_library-app_02-backend_spring-boot-library] INFO  o.eclipse.m2e.core.internal.Bundles - getClasspathEntries(Bundle=org.apache.commons.commons-codec_1.16.0 [73])
2024-06-15 13:04:23,336 [Worker-44: Launching Executing clean in C__Users_USER_Desktop_react project_library-app_02-backend_spring-boot-library] INFO  o.eclipse.m2e.core.internal.Bundles - 	Entry: C:\Users\USER\Downloads\sts-4.21.1.RELEASE\plugins\org.apache.commons.commons-codec_1.16.0.jar
2024-06-15 13:04:23,337 [Worker-44: Launching Executing clean in C__Users_USER_Desktop_react project_library-app_02-backend_spring-boot-library] INFO  o.eclipse.m2e.core.internal.Bundles - getClasspathEntries(Bundle=org.apache.commons.lang3_3.13.0 [77])
2024-06-15 13:04:23,338 [Worker-44: Launching Executing clean in C__Users_USER_Desktop_react project_library-app_02-backend_spring-boot-library] INFO  o.eclipse.m2e.core.internal.Bundles - 	Entry: C:\Users\USER\Downloads\sts-4.21.1.RELEASE\plugins\org.apache.commons.lang3_3.13.0.jar
2024-06-15 13:04:23,338 [Worker-44: Launching Executing clean in C__Users_USER_Desktop_react project_library-app_02-backend_spring-boot-library] INFO  o.eclipse.m2e.core.internal.Bundles - getClasspathEntries(Bundle=com.google.guava.failureaccess_1.0.2 [27])
2024-06-15 13:04:23,338 [Worker-44: Launching Executing clean in C__Users_USER_Desktop_react project_library-app_02-backend_spring-boot-library] INFO  o.eclipse.m2e.core.internal.Bundles - 	Entry: C:\Users\USER\Downloads\sts-4.21.1.RELEASE\plugins\com.google.guava.failureaccess_1.0.2.jar
2024-06-15 13:04:23,343 [Worker-44: Launching Executing clean in C__Users_USER_Desktop_react project_library-app_02-backend_spring-boot-library] INFO  o.e.m.i.launch.MavenLaunchDelegate - Run build in "C:\Users\USER\Desktop\react project\library-app\02-backend\spring-boot-library":
2024-06-15 13:04:23,344 [Worker-44: Launching Executing clean in C__Users_USER_Desktop_react project_library-app_02-backend_spring-boot-library] INFO  o.e.m.i.launch.MavenLaunchDelegate -  mvn  -Ppom.xml -B -Dstyle.color=always clean
2024-06-15 13:04:46,747 [main] INFO  o.e.m2e.actions.ExecutePomAction - Creating new launch configuration
2024-06-15 13:05:01,857 [Worker-44: Launching Executing install in C__Users_USER_Desktop_react project_library-app_02-backend_spring-boot-library] INFO  o.eclipse.m2e.core.internal.Bundles - getClasspathEntries(Bundle=org.eclipse.m2e.maven.runtime_3.9.500.20231113-2345 [346])
2024-06-15 13:05:01,858 [Worker-44: Launching Executing install in C__Users_USER_Desktop_react project_library-app_02-backend_spring-boot-library] INFO  o.eclipse.m2e.core.internal.Bundles - 	Entry: C:\Users\USER\Downloads\sts-4.21.1.RELEASE\plugins\org.eclipse.m2e.maven.runtime_3.9.500.20231113-2345
2024-06-15 13:05:01,858 [Worker-44: Launching Executing install in C__Users_USER_Desktop_react project_library-app_02-backend_spring-boot-library] INFO  o.eclipse.m2e.core.internal.Bundles - 	Entry: C:\Users\USER\Downloads\sts-4.21.1.RELEASE\plugins\org.eclipse.m2e.maven.runtime_3.9.500.20231113-2345\jars\aopalliance-1.0.jar
2024-06-15 13:05:01,859 [Worker-44: Launching Executing install in C__Users_USER_Desktop_react project_library-app_02-backend_spring-boot-library] INFO  o.eclipse.m2e.core.internal.Bundles - 	Entry: C:\Users\USER\Downloads\sts-4.21.1.RELEASE\plugins\org.eclipse.m2e.maven.runtime_3.9.500.20231113-2345\jars\guice-5.1.0.jar
2024-06-15 13:05:01,859 [Worker-44: Launching Executing install in C__Users_USER_Desktop_react project_library-app_02-backend_spring-boot-library] INFO  o.eclipse.m2e.core.internal.Bundles - 	Entry: C:\Users\USER\Downloads\sts-4.21.1.RELEASE\plugins\org.eclipse.m2e.maven.runtime_3.9.500.20231113-2345\jars\httpclient-4.5.14.jar
2024-06-15 13:05:01,859 [Worker-44: Launching Executing install in C__Users_USER_Desktop_react project_library-app_02-backend_spring-boot-library] INFO  o.eclipse.m2e.core.internal.Bundles - 	Entry: C:\Users\USER\Downloads\sts-4.21.1.RELEASE\plugins\org.eclipse.m2e.maven.runtime_3.9.500.20231113-2345\jars\httpcore-4.4.16.jar
2024-06-15 13:05:01,859 [Worker-44: Launching Executing install in C__Users_USER_Desktop_react project_library-app_02-backend_spring-boot-library] INFO  o.eclipse.m2e.core.internal.Bundles - 	Entry: C:\Users\USER\Downloads\sts-4.21.1.RELEASE\plugins\org.eclipse.m2e.maven.runtime_3.9.500.20231113-2345\jars\jansi-2.4.0.jar
2024-06-15 13:05:01,859 [Worker-44: Launching Executing install in C__Users_USER_Desktop_react project_library-app_02-backend_spring-boot-library] INFO  o.eclipse.m2e.core.internal.Bundles - 	Entry: C:\Users\USER\Downloads\sts-4.21.1.RELEASE\plugins\org.eclipse.m2e.maven.runtime_3.9.500.20231113-2345\jars\jcl-over-slf4j-1.7.36.jar
2024-06-15 13:05:01,859 [Worker-44: Launching Executing install in C__Users_USER_Desktop_react project_library-app_02-backend_spring-boot-library] INFO  o.eclipse.m2e.core.internal.Bundles - 	Entry: C:\Users\USER\Downloads\sts-4.21.1.RELEASE\plugins\org.eclipse.m2e.maven.runtime_3.9.500.20231113-2345\jars\maven-artifact-3.9.5.jar
2024-06-15 13:05:01,860 [Worker-44: Launching Executing install in C__Users_USER_Desktop_react project_library-app_02-backend_spring-boot-library] INFO  o.eclipse.m2e.core.internal.Bundles - 	Entry: C:\Users\USER\Downloads\sts-4.21.1.RELEASE\plugins\org.eclipse.m2e.maven.runtime_3.9.500.20231113-2345\jars\maven-builder-support-3.9.5.jar
2024-06-15 13:05:01,860 [Worker-44: Launching Executing install in C__Users_USER_Desktop_react project_library-app_02-backend_spring-boot-library] INFO  o.eclipse.m2e.core.internal.Bundles - 	Entry: C:\Users\USER\Downloads\sts-4.21.1.RELEASE\plugins\org.eclipse.m2e.maven.runtime_3.9.500.20231113-2345\jars\maven-compat-3.9.5.jar
2024-06-15 13:05:01,860 [Worker-44: Launching Executing install in C__Users_USER_Desktop_react project_library-app_02-backend_spring-boot-library] INFO  o.eclipse.m2e.core.internal.Bundles - 	Entry: C:\Users\USER\Downloads\sts-4.21.1.RELEASE\plugins\org.eclipse.m2e.maven.runtime_3.9.500.20231113-2345\jars\maven-core-3.9.5.jar
2024-06-15 13:05:01,860 [Worker-44: Launching Executing install in C__Users_USER_Desktop_react project_library-app_02-backend_spring-boot-library] INFO  o.eclipse.m2e.core.internal.Bundles - 	Entry: C:\Users\USER\Downloads\sts-4.21.1.RELEASE\plugins\org.eclipse.m2e.maven.runtime_3.9.500.20231113-2345\jars\maven-embedder-3.9.5.jar
2024-06-15 13:05:01,860 [Worker-44: Launching Executing install in C__Users_USER_Desktop_react project_library-app_02-backend_spring-boot-library] INFO  o.eclipse.m2e.core.internal.Bundles - 	Entry: C:\Users\USER\Downloads\sts-4.21.1.RELEASE\plugins\org.eclipse.m2e.maven.runtime_3.9.500.20231113-2345\jars\maven-model-3.9.5.jar
2024-06-15 13:05:01,860 [Worker-44: Launching Executing install in C__Users_USER_Desktop_react project_library-app_02-backend_spring-boot-library] INFO  o.eclipse.m2e.core.internal.Bundles - 	Entry: C:\Users\USER\Downloads\sts-4.21.1.RELEASE\plugins\org.eclipse.m2e.maven.runtime_3.9.500.20231113-2345\jars\maven-model-builder-3.9.5.jar
2024-06-15 13:05:01,861 [Worker-44: Launching Executing install in C__Users_USER_Desktop_react project_library-app_02-backend_spring-boot-library] INFO  o.eclipse.m2e.core.internal.Bundles - 	Entry: C:\Users\USER\Downloads\sts-4.21.1.RELEASE\plugins\org.eclipse.m2e.maven.runtime_3.9.500.20231113-2345\jars\maven-plugin-api-3.9.5.jar
2024-06-15 13:05:01,861 [Worker-44: Launching Executing install in C__Users_USER_Desktop_react project_library-app_02-backend_spring-boot-library] INFO  o.eclipse.m2e.core.internal.Bundles - 	Entry: C:\Users\USER\Downloads\sts-4.21.1.RELEASE\plugins\org.eclipse.m2e.maven.runtime_3.9.500.20231113-2345\jars\maven-repository-metadata-3.9.5.jar
2024-06-15 13:05:01,861 [Worker-44: Launching Executing install in C__Users_USER_Desktop_react project_library-app_02-backend_spring-boot-library] INFO  o.eclipse.m2e.core.internal.Bundles - 	Entry: C:\Users\USER\Downloads\sts-4.21.1.RELEASE\plugins\org.eclipse.m2e.maven.runtime_3.9.500.20231113-2345\jars\maven-resolver-api-1.9.16.jar
2024-06-15 13:05:01,861 [Worker-44: Launching Executing install in C__Users_USER_Desktop_react project_library-app_02-backend_spring-boot-library] INFO  o.eclipse.m2e.core.internal.Bundles - 	Entry: C:\Users\USER\Downloads\sts-4.21.1.RELEASE\plugins\org.eclipse.m2e.maven.runtime_3.9.500.20231113-2345\jars\maven-resolver-connector-basic-1.9.16.jar
2024-06-15 13:05:01,861 [Worker-44: Launching Executing install in C__Users_USER_Desktop_react project_library-app_02-backend_spring-boot-library] INFO  o.eclipse.m2e.core.internal.Bundles - 	Entry: C:\Users\USER\Downloads\sts-4.21.1.RELEASE\plugins\org.eclipse.m2e.maven.runtime_3.9.500.20231113-2345\jars\maven-resolver-impl-1.9.16.jar
2024-06-15 13:05:01,862 [Worker-44: Launching Executing install in C__Users_USER_Desktop_react project_library-app_02-backend_spring-boot-library] INFO  o.eclipse.m2e.core.internal.Bundles - 	Entry: C:\Users\USER\Downloads\sts-4.21.1.RELEASE\plugins\org.eclipse.m2e.maven.runtime_3.9.500.20231113-2345\jars\maven-resolver-named-locks-1.9.16.jar
2024-06-15 13:05:01,862 [Worker-44: Launching Executing install in C__Users_USER_Desktop_react project_library-app_02-backend_spring-boot-library] INFO  o.eclipse.m2e.core.internal.Bundles - 	Entry: C:\Users\USER\Downloads\sts-4.21.1.RELEASE\plugins\org.eclipse.m2e.maven.runtime_3.9.500.20231113-2345\jars\maven-resolver-provider-3.9.5.jar
2024-06-15 13:05:01,862 [Worker-44: Launching Executing install in C__Users_USER_Desktop_react project_library-app_02-backend_spring-boot-library] INFO  o.eclipse.m2e.core.internal.Bundles - 	Entry: C:\Users\USER\Downloads\sts-4.21.1.RELEASE\plugins\org.eclipse.m2e.maven.runtime_3.9.500.20231113-2345\jars\maven-resolver-spi-1.9.16.jar
2024-06-15 13:05:01,862 [Worker-44: Launching Executing install in C__Users_USER_Desktop_react project_library-app_02-backend_spring-boot-library] INFO  o.eclipse.m2e.core.internal.Bundles - 	Entry: C:\Users\USER\Downloads\sts-4.21.1.RELEASE\plugins\org.eclipse.m2e.maven.runtime_3.9.500.20231113-2345\jars\maven-resolver-transport-file-1.9.16.jar
2024-06-15 13:05:01,862 [Worker-44: Launching Executing install in C__Users_USER_Desktop_react project_library-app_02-backend_spring-boot-library] INFO  o.eclipse.m2e.core.internal.Bundles - 	Entry: C:\Users\USER\Downloads\sts-4.21.1.RELEASE\plugins\org.eclipse.m2e.maven.runtime_3.9.500.20231113-2345\jars\maven-resolver-transport-http-1.9.16.jar
2024-06-15 13:05:01,862 [Worker-44: Launching Executing install in C__Users_USER_Desktop_react project_library-app_02-backend_spring-boot-library] INFO  o.eclipse.m2e.core.internal.Bundles - 	Entry: C:\Users\USER\Downloads\sts-4.21.1.RELEASE\plugins\org.eclipse.m2e.maven.runtime_3.9.500.20231113-2345\jars\maven-resolver-transport-wagon-1.9.16.jar
2024-06-15 13:05:01,863 [Worker-44: Launching Executing install in C__Users_USER_Desktop_react project_library-app_02-backend_spring-boot-library] INFO  o.eclipse.m2e.core.internal.Bundles - 	Entry: C:\Users\USER\Downloads\sts-4.21.1.RELEASE\plugins\org.eclipse.m2e.maven.runtime_3.9.500.20231113-2345\jars\maven-resolver-util-1.9.16.jar
2024-06-15 13:05:01,863 [Worker-44: Launching Executing install in C__Users_USER_Desktop_react project_library-app_02-backend_spring-boot-library] INFO  o.eclipse.m2e.core.internal.Bundles - 	Entry: C:\Users\USER\Downloads\sts-4.21.1.RELEASE\plugins\org.eclipse.m2e.maven.runtime_3.9.500.20231113-2345\jars\maven-settings-3.9.5.jar
2024-06-15 13:05:01,863 [Worker-44: Launching Executing install in C__Users_USER_Desktop_react project_library-app_02-backend_spring-boot-library] INFO  o.eclipse.m2e.core.internal.Bundles - 	Entry: C:\Users\USER\Downloads\sts-4.21.1.RELEASE\plugins\org.eclipse.m2e.maven.runtime_3.9.500.20231113-2345\jars\maven-settings-builder-3.9.5.jar
2024-06-15 13:05:01,864 [Worker-44: Launching Executing install in C__Users_USER_Desktop_react project_library-app_02-backend_spring-boot-library] INFO  o.eclipse.m2e.core.internal.Bundles - 	Entry: C:\Users\USER\Downloads\sts-4.21.1.RELEASE\plugins\org.eclipse.m2e.maven.runtime_3.9.500.20231113-2345\jars\maven-shared-utils-3.3.4.jar
2024-06-15 13:05:01,864 [Worker-44: Launching Executing install in C__Users_USER_Desktop_react project_library-app_02-backend_spring-boot-library] INFO  o.eclipse.m2e.core.internal.Bundles - 	Entry: C:\Users\USER\Downloads\sts-4.21.1.RELEASE\plugins\org.eclipse.m2e.maven.runtime_3.9.500.20231113-2345\jars\org.eclipse.sisu.inject-0.3.5.jar
2024-06-15 13:05:01,864 [Worker-44: Launching Executing install in C__Users_USER_Desktop_react project_library-app_02-backend_spring-boot-library] INFO  o.eclipse.m2e.core.internal.Bundles - 	Entry: C:\Users\USER\Downloads\sts-4.21.1.RELEASE\plugins\org.eclipse.m2e.maven.runtime_3.9.500.20231113-2345\jars\org.eclipse.sisu.plexus-0.3.5.jar
2024-06-15 13:05:01,864 [Worker-44: Launching Executing install in C__Users_USER_Desktop_react project_library-app_02-backend_spring-boot-library] INFO  o.eclipse.m2e.core.internal.Bundles - 	Entry: C:\Users\USER\Downloads\sts-4.21.1.RELEASE\plugins\org.eclipse.m2e.maven.runtime_3.9.500.20231113-2345\jars\plexus-build-api-0.0.7.jar
2024-06-15 13:05:01,865 [Worker-44: Launching Executing install in C__Users_USER_Desktop_react project_library-app_02-backend_spring-boot-library] INFO  o.eclipse.m2e.core.internal.Bundles - 	Entry: C:\Users\USER\Downloads\sts-4.21.1.RELEASE\plugins\org.eclipse.m2e.maven.runtime_3.9.500.20231113-2345\jars\plexus-cipher-2.0.jar
2024-06-15 13:05:01,865 [Worker-44: Launching Executing install in C__Users_USER_Desktop_react project_library-app_02-backend_spring-boot-library] INFO  o.eclipse.m2e.core.internal.Bundles - 	Entry: C:\Users\USER\Downloads\sts-4.21.1.RELEASE\plugins\org.eclipse.m2e.maven.runtime_3.9.500.20231113-2345\jars\plexus-classworlds-2.7.0.jar
2024-06-15 13:05:01,865 [Worker-44: Launching Executing install in C__Users_USER_Desktop_react project_library-app_02-backend_spring-boot-library] INFO  o.eclipse.m2e.core.internal.Bundles - 	Entry: C:\Users\USER\Downloads\sts-4.21.1.RELEASE\plugins\org.eclipse.m2e.maven.runtime_3.9.500.20231113-2345\jars\plexus-component-annotations-2.1.0.jar
2024-06-15 13:05:01,865 [Worker-44: Launching Executing install in C__Users_USER_Desktop_react project_library-app_02-backend_spring-boot-library] INFO  o.eclipse.m2e.core.internal.Bundles - 	Entry: C:\Users\USER\Downloads\sts-4.21.1.RELEASE\plugins\org.eclipse.m2e.maven.runtime_3.9.500.20231113-2345\jars\plexus-interpolation-1.26.jar
2024-06-15 13:05:01,865 [Worker-44: Launching Executing install in C__Users_USER_Desktop_react project_library-app_02-backend_spring-boot-library] INFO  o.eclipse.m2e.core.internal.Bundles - 	Entry: C:\Users\USER\Downloads\sts-4.21.1.RELEASE\plugins\org.eclipse.m2e.maven.runtime_3.9.500.20231113-2345\jars\plexus-sec-dispatcher-2.0.jar
2024-06-15 13:05:01,865 [Worker-44: Launching Executing install in C__Users_USER_Desktop_react project_library-app_02-backend_spring-boot-library] INFO  o.eclipse.m2e.core.internal.Bundles - 	Entry: C:\Users\USER\Downloads\sts-4.21.1.RELEASE\plugins\org.eclipse.m2e.maven.runtime_3.9.500.20231113-2345\jars\plexus-utils-3.5.1.jar
2024-06-15 13:05:01,865 [Worker-44: Launching Executing install in C__Users_USER_Desktop_react project_library-app_02-backend_spring-boot-library] INFO  o.eclipse.m2e.core.internal.Bundles - 	Entry: C:\Users\USER\Downloads\sts-4.21.1.RELEASE\plugins\org.eclipse.m2e.maven.runtime_3.9.500.20231113-2345\jars\wagon-file-3.5.3.jar
2024-06-15 13:05:01,865 [Worker-44: Launching Executing install in C__Users_USER_Desktop_react project_library-app_02-backend_spring-boot-library] INFO  o.eclipse.m2e.core.internal.Bundles - 	Entry: C:\Users\USER\Downloads\sts-4.21.1.RELEASE\plugins\org.eclipse.m2e.maven.runtime_3.9.500.20231113-2345\jars\wagon-http-3.5.3.jar
2024-06-15 13:05:01,865 [Worker-44: Launching Executing install in C__Users_USER_Desktop_react project_library-app_02-backend_spring-boot-library] INFO  o.eclipse.m2e.core.internal.Bundles - 	Entry: C:\Users\USER\Downloads\sts-4.21.1.RELEASE\plugins\org.eclipse.m2e.maven.runtime_3.9.500.20231113-2345\jars\wagon-http-shared-3.5.3.jar
2024-06-15 13:05:01,866 [Worker-44: Launching Executing install in C__Users_USER_Desktop_react project_library-app_02-backend_spring-boot-library] INFO  o.eclipse.m2e.core.internal.Bundles - 	Entry: C:\Users\USER\Downloads\sts-4.21.1.RELEASE\plugins\org.eclipse.m2e.maven.runtime_3.9.500.20231113-2345\jars\wagon-provider-api-3.5.3.jar
2024-06-15 13:05:01,866 [Worker-44: Launching Executing install in C__Users_USER_Desktop_react project_library-app_02-backend_spring-boot-library] INFO  o.eclipse.m2e.core.internal.Bundles - getClasspathEntries(Bundle=com.google.guava_33.0.0.jre [25])
2024-06-15 13:05:01,866 [Worker-44: Launching Executing install in C__Users_USER_Desktop_react project_library-app_02-backend_spring-boot-library] INFO  o.eclipse.m2e.core.internal.Bundles - 	Entry: C:\Users\USER\Downloads\sts-4.21.1.RELEASE\plugins\com.google.guava_33.0.0.jre.jar
2024-06-15 13:05:01,866 [Worker-44: Launching Executing install in C__Users_USER_Desktop_react project_library-app_02-backend_spring-boot-library] INFO  o.eclipse.m2e.core.internal.Bundles - getClasspathEntries(Bundle=slf4j.api_2.0.9 [573])
2024-06-15 13:05:01,867 [Worker-44: Launching Executing install in C__Users_USER_Desktop_react project_library-app_02-backend_spring-boot-library] INFO  o.eclipse.m2e.core.internal.Bundles - 	Entry: C:\Users\USER\Downloads\sts-4.21.1.RELEASE\plugins\slf4j.api_2.0.9.jar
2024-06-15 13:05:01,867 [Worker-44: Launching Executing install in C__Users_USER_Desktop_react project_library-app_02-backend_spring-boot-library] INFO  o.eclipse.m2e.core.internal.Bundles - getClasspathEntries(Bundle=jakarta.inject.jakarta.inject-api_1.0.5 [41])
2024-06-15 13:05:01,867 [Worker-44: Launching Executing install in C__Users_USER_Desktop_react project_library-app_02-backend_spring-boot-library] INFO  o.eclipse.m2e.core.internal.Bundles - 	Entry: C:\Users\USER\Downloads\sts-4.21.1.RELEASE\plugins\jakarta.inject.jakarta.inject-api_1.0.5.jar
2024-06-15 13:05:01,867 [Worker-44: Launching Executing install in C__Users_USER_Desktop_react project_library-app_02-backend_spring-boot-library] INFO  o.eclipse.m2e.core.internal.Bundles - getClasspathEntries(Bundle=jakarta.annotation-api_1.3.5 [37])
2024-06-15 13:05:01,868 [Worker-44: Launching Executing install in C__Users_USER_Desktop_react project_library-app_02-backend_spring-boot-library] INFO  o.eclipse.m2e.core.internal.Bundles - 	Entry: C:\Users\USER\Downloads\sts-4.21.1.RELEASE\plugins\jakarta.annotation-api_1.3.5.jar
2024-06-15 13:05:01,868 [Worker-44: Launching Executing install in C__Users_USER_Desktop_react project_library-app_02-backend_spring-boot-library] INFO  o.eclipse.m2e.core.internal.Bundles - getClasspathEntries(Bundle=org.apache.commons.cli_1.6.0 [71])
2024-06-15 13:05:01,868 [Worker-44: Launching Executing install in C__Users_USER_Desktop_react project_library-app_02-backend_spring-boot-library] INFO  o.eclipse.m2e.core.internal.Bundles - 	Entry: C:\Users\USER\Downloads\sts-4.21.1.RELEASE\plugins\org.apache.commons.cli_1.6.0.jar
2024-06-15 13:05:01,868 [Worker-44: Launching Executing install in C__Users_USER_Desktop_react project_library-app_02-backend_spring-boot-library] INFO  o.eclipse.m2e.core.internal.Bundles - getClasspathEntries(Bundle=org.apache.commons.commons-codec_1.16.0 [73])
2024-06-15 13:05:01,869 [Worker-44: Launching Executing install in C__Users_USER_Desktop_react project_library-app_02-backend_spring-boot-library] INFO  o.eclipse.m2e.core.internal.Bundles - 	Entry: C:\Users\USER\Downloads\sts-4.21.1.RELEASE\plugins\org.apache.commons.commons-codec_1.16.0.jar
2024-06-15 13:05:01,869 [Worker-44: Launching Executing install in C__Users_USER_Desktop_react project_library-app_02-backend_spring-boot-library] INFO  o.eclipse.m2e.core.internal.Bundles - getClasspathEntries(Bundle=org.apache.commons.lang3_3.13.0 [77])
2024-06-15 13:05:01,869 [Worker-44: Launching Executing install in C__Users_USER_Desktop_react project_library-app_02-backend_spring-boot-library] INFO  o.eclipse.m2e.core.internal.Bundles - 	Entry: C:\Users\USER\Downloads\sts-4.21.1.RELEASE\plugins\org.apache.commons.lang3_3.13.0.jar
2024-06-15 13:05:01,869 [Worker-44: Launching Executing install in C__Users_USER_Desktop_react project_library-app_02-backend_spring-boot-library] INFO  o.eclipse.m2e.core.internal.Bundles - getClasspathEntries(Bundle=com.google.guava.failureaccess_1.0.2 [27])
2024-06-15 13:05:01,870 [Worker-44: Launching Executing install in C__Users_USER_Desktop_react project_library-app_02-backend_spring-boot-library] INFO  o.eclipse.m2e.core.internal.Bundles - 	Entry: C:\Users\USER\Downloads\sts-4.21.1.RELEASE\plugins\com.google.guava.failureaccess_1.0.2.jar
2024-06-15 13:05:01,872 [Worker-44: Launching Executing install in C__Users_USER_Desktop_react project_library-app_02-backend_spring-boot-library] INFO  o.e.m.i.launch.MavenLaunchDelegate - Run build in "C:\Users\USER\Desktop\react project\library-app\02-backend\spring-boot-library":
2024-06-15 13:05:01,872 [Worker-44: Launching Executing install in C__Users_USER_Desktop_react project_library-app_02-backend_spring-boot-library] INFO  o.e.m.i.launch.MavenLaunchDelegate -  mvn  -Ppom.xml -B -Dstyle.color=always install
2024-06-15 15:07:13,283 [Worker-64: Building] INFO  o.a.m.s.f.DefaultMavenResourcesFiltering - Copying 1 resource from src\main\resources to target\classes
2024-06-15 15:07:13,766 [Worker-64: Building] INFO  o.a.m.s.f.DefaultMavenResourcesFiltering - Copying 0 resource from src\main\resources to target\classes
2024-06-15 15:07:13,780 [Worker-64: Building] INFO  o.a.m.s.f.DefaultMavenResourcesFiltering - skip non existing resourceDirectory C:\Users\USER\Desktop\react project\library-app\02-backend\spring-boot-library\src\test\resources
2024-06-15 15:07:20,722 [Worker-63: Building] INFO  o.a.m.s.f.DefaultMavenResourcesFiltering - Copying 1 resource from src\main\resources to target\classes
2024-06-15 15:07:20,794 [Worker-63: Building] INFO  o.a.m.s.f.DefaultMavenResourcesFiltering - Copying 0 resource from src\main\resources to target\classes
2024-06-15 15:07:20,801 [Worker-63: Building] INFO  o.a.m.s.f.DefaultMavenResourcesFiltering - skip non existing resourceDirectory C:\Users\USER\Desktop\react project\library-app\02-backend\spring-boot-library\src\test\resources
2024-06-15 15:09:31,148 [Worker-61: Launching Executing clean in C__Users_USER_Desktop_react project_library-app_02-backend_spring-boot-library] INFO  o.eclipse.m2e.core.internal.Bundles - getClasspathEntries(Bundle=org.eclipse.m2e.maven.runtime_3.9.500.20231113-2345 [346])
2024-06-15 15:09:31,151 [Worker-61: Launching Executing clean in C__Users_USER_Desktop_react project_library-app_02-backend_spring-boot-library] INFO  o.eclipse.m2e.core.internal.Bundles - 	Entry: C:\Users\USER\Downloads\sts-4.21.1.RELEASE\plugins\org.eclipse.m2e.maven.runtime_3.9.500.20231113-2345
2024-06-15 15:09:31,151 [Worker-61: Launching Executing clean in C__Users_USER_Desktop_react project_library-app_02-backend_spring-boot-library] INFO  o.eclipse.m2e.core.internal.Bundles - 	Entry: C:\Users\USER\Downloads\sts-4.21.1.RELEASE\plugins\org.eclipse.m2e.maven.runtime_3.9.500.20231113-2345\jars\aopalliance-1.0.jar
2024-06-15 15:09:31,152 [Worker-61: Launching Executing clean in C__Users_USER_Desktop_react project_library-app_02-backend_spring-boot-library] INFO  o.eclipse.m2e.core.internal.Bundles - 	Entry: C:\Users\USER\Downloads\sts-4.21.1.RELEASE\plugins\org.eclipse.m2e.maven.runtime_3.9.500.20231113-2345\jars\guice-5.1.0.jar
2024-06-15 15:09:31,152 [Worker-61: Launching Executing clean in C__Users_USER_Desktop_react project_library-app_02-backend_spring-boot-library] INFO  o.eclipse.m2e.core.internal.Bundles - 	Entry: C:\Users\USER\Downloads\sts-4.21.1.RELEASE\plugins\org.eclipse.m2e.maven.runtime_3.9.500.20231113-2345\jars\httpclient-4.5.14.jar
2024-06-15 15:09:31,153 [Worker-61: Launching Executing clean in C__Users_USER_Desktop_react project_library-app_02-backend_spring-boot-library] INFO  o.eclipse.m2e.core.internal.Bundles - 	Entry: C:\Users\USER\Downloads\sts-4.21.1.RELEASE\plugins\org.eclipse.m2e.maven.runtime_3.9.500.20231113-2345\jars\httpcore-4.4.16.jar
2024-06-15 15:09:31,154 [Worker-61: Launching Executing clean in C__Users_USER_Desktop_react project_library-app_02-backend_spring-boot-library] INFO  o.eclipse.m2e.core.internal.Bundles - 	Entry: C:\Users\USER\Downloads\sts-4.21.1.RELEASE\plugins\org.eclipse.m2e.maven.runtime_3.9.500.20231113-2345\jars\jansi-2.4.0.jar
2024-06-15 15:09:31,155 [Worker-61: Launching Executing clean in C__Users_USER_Desktop_react project_library-app_02-backend_spring-boot-library] INFO  o.eclipse.m2e.core.internal.Bundles - 	Entry: C:\Users\USER\Downloads\sts-4.21.1.RELEASE\plugins\org.eclipse.m2e.maven.runtime_3.9.500.20231113-2345\jars\jcl-over-slf4j-1.7.36.jar
2024-06-15 15:09:31,155 [Worker-61: Launching Executing clean in C__Users_USER_Desktop_react project_library-app_02-backend_spring-boot-library] INFO  o.eclipse.m2e.core.internal.Bundles - 	Entry: C:\Users\USER\Downloads\sts-4.21.1.RELEASE\plugins\org.eclipse.m2e.maven.runtime_3.9.500.20231113-2345\jars\maven-artifact-3.9.5.jar
2024-06-15 15:09:31,155 [Worker-61: Launching Executing clean in C__Users_USER_Desktop_react project_library-app_02-backend_spring-boot-library] INFO  o.eclipse.m2e.core.internal.Bundles - 	Entry: C:\Users\USER\Downloads\sts-4.21.1.RELEASE\plugins\org.eclipse.m2e.maven.runtime_3.9.500.20231113-2345\jars\maven-builder-support-3.9.5.jar
2024-06-15 15:09:31,156 [Worker-61: Launching Executing clean in C__Users_USER_Desktop_react project_library-app_02-backend_spring-boot-library] INFO  o.eclipse.m2e.core.internal.Bundles - 	Entry: C:\Users\USER\Downloads\sts-4.21.1.RELEASE\plugins\org.eclipse.m2e.maven.runtime_3.9.500.20231113-2345\jars\maven-compat-3.9.5.jar
2024-06-15 15:09:31,157 [Worker-61: Launching Executing clean in C__Users_USER_Desktop_react project_library-app_02-backend_spring-boot-library] INFO  o.eclipse.m2e.core.internal.Bundles - 	Entry: C:\Users\USER\Downloads\sts-4.21.1.RELEASE\plugins\org.eclipse.m2e.maven.runtime_3.9.500.20231113-2345\jars\maven-core-3.9.5.jar
2024-06-15 15:09:31,158 [Worker-61: Launching Executing clean in C__Users_USER_Desktop_react project_library-app_02-backend_spring-boot-library] INFO  o.eclipse.m2e.core.internal.Bundles - 	Entry: C:\Users\USER\Downloads\sts-4.21.1.RELEASE\plugins\org.eclipse.m2e.maven.runtime_3.9.500.20231113-2345\jars\maven-embedder-3.9.5.jar
2024-06-15 15:09:31,158 [Worker-61: Launching Executing clean in C__Users_USER_Desktop_react project_library-app_02-backend_spring-boot-library] INFO  o.eclipse.m2e.core.internal.Bundles - 	Entry: C:\Users\USER\Downloads\sts-4.21.1.RELEASE\plugins\org.eclipse.m2e.maven.runtime_3.9.500.20231113-2345\jars\maven-model-3.9.5.jar
2024-06-15 15:09:31,158 [Worker-61: Launching Executing clean in C__Users_USER_Desktop_react project_library-app_02-backend_spring-boot-library] INFO  o.eclipse.m2e.core.internal.Bundles - 	Entry: C:\Users\USER\Downloads\sts-4.21.1.RELEASE\plugins\org.eclipse.m2e.maven.runtime_3.9.500.20231113-2345\jars\maven-model-builder-3.9.5.jar
2024-06-15 15:09:31,159 [Worker-61: Launching Executing clean in C__Users_USER_Desktop_react project_library-app_02-backend_spring-boot-library] INFO  o.eclipse.m2e.core.internal.Bundles - 	Entry: C:\Users\USER\Downloads\sts-4.21.1.RELEASE\plugins\org.eclipse.m2e.maven.runtime_3.9.500.20231113-2345\jars\maven-plugin-api-3.9.5.jar
2024-06-15 15:09:31,161 [Worker-61: Launching Executing clean in C__Users_USER_Desktop_react project_library-app_02-backend_spring-boot-library] INFO  o.eclipse.m2e.core.internal.Bundles - 	Entry: C:\Users\USER\Downloads\sts-4.21.1.RELEASE\plugins\org.eclipse.m2e.maven.runtime_3.9.500.20231113-2345\jars\maven-repository-metadata-3.9.5.jar
2024-06-15 15:09:31,162 [Worker-61: Launching Executing clean in C__Users_USER_Desktop_react project_library-app_02-backend_spring-boot-library] INFO  o.eclipse.m2e.core.internal.Bundles - 	Entry: C:\Users\USER\Downloads\sts-4.21.1.RELEASE\plugins\org.eclipse.m2e.maven.runtime_3.9.500.20231113-2345\jars\maven-resolver-api-1.9.16.jar
2024-06-15 15:09:31,163 [Worker-61: Launching Executing clean in C__Users_USER_Desktop_react project_library-app_02-backend_spring-boot-library] INFO  o.eclipse.m2e.core.internal.Bundles - 	Entry: C:\Users\USER\Downloads\sts-4.21.1.RELEASE\plugins\org.eclipse.m2e.maven.runtime_3.9.500.20231113-2345\jars\maven-resolver-connector-basic-1.9.16.jar
2024-06-15 15:09:31,163 [Worker-61: Launching Executing clean in C__Users_USER_Desktop_react project_library-app_02-backend_spring-boot-library] INFO  o.eclipse.m2e.core.internal.Bundles - 	Entry: C:\Users\USER\Downloads\sts-4.21.1.RELEASE\plugins\org.eclipse.m2e.maven.runtime_3.9.500.20231113-2345\jars\maven-resolver-impl-1.9.16.jar
2024-06-15 15:09:31,165 [Worker-61: Launching Executing clean in C__Users_USER_Desktop_react project_library-app_02-backend_spring-boot-library] INFO  o.eclipse.m2e.core.internal.Bundles - 	Entry: C:\Users\USER\Downloads\sts-4.21.1.RELEASE\plugins\org.eclipse.m2e.maven.runtime_3.9.500.20231113-2345\jars\maven-resolver-named-locks-1.9.16.jar
2024-06-15 15:09:31,166 [Worker-61: Launching Executing clean in C__Users_USER_Desktop_react project_library-app_02-backend_spring-boot-library] INFO  o.eclipse.m2e.core.internal.Bundles - 	Entry: C:\Users\USER\Downloads\sts-4.21.1.RELEASE\plugins\org.eclipse.m2e.maven.runtime_3.9.500.20231113-2345\jars\maven-resolver-provider-3.9.5.jar
2024-06-15 15:09:31,168 [Worker-61: Launching Executing clean in C__Users_USER_Desktop_react project_library-app_02-backend_spring-boot-library] INFO  o.eclipse.m2e.core.internal.Bundles - 	Entry: C:\Users\USER\Downloads\sts-4.21.1.RELEASE\plugins\org.eclipse.m2e.maven.runtime_3.9.500.20231113-2345\jars\maven-resolver-spi-1.9.16.jar
2024-06-15 15:09:31,169 [Worker-61: Launching Executing clean in C__Users_USER_Desktop_react project_library-app_02-backend_spring-boot-library] INFO  o.eclipse.m2e.core.internal.Bundles - 	Entry: C:\Users\USER\Downloads\sts-4.21.1.RELEASE\plugins\org.eclipse.m2e.maven.runtime_3.9.500.20231113-2345\jars\maven-resolver-transport-file-1.9.16.jar
2024-06-15 15:09:31,169 [Worker-61: Launching Executing clean in C__Users_USER_Desktop_react project_library-app_02-backend_spring-boot-library] INFO  o.eclipse.m2e.core.internal.Bundles - 	Entry: C:\Users\USER\Downloads\sts-4.21.1.RELEASE\plugins\org.eclipse.m2e.maven.runtime_3.9.500.20231113-2345\jars\maven-resolver-transport-http-1.9.16.jar
2024-06-15 15:09:31,170 [Worker-61: Launching Executing clean in C__Users_USER_Desktop_react project_library-app_02-backend_spring-boot-library] INFO  o.eclipse.m2e.core.internal.Bundles - 	Entry: C:\Users\USER\Downloads\sts-4.21.1.RELEASE\plugins\org.eclipse.m2e.maven.runtime_3.9.500.20231113-2345\jars\maven-resolver-transport-wagon-1.9.16.jar
2024-06-15 15:09:31,171 [Worker-61: Launching Executing clean in C__Users_USER_Desktop_react project_library-app_02-backend_spring-boot-library] INFO  o.eclipse.m2e.core.internal.Bundles - 	Entry: C:\Users\USER\Downloads\sts-4.21.1.RELEASE\plugins\org.eclipse.m2e.maven.runtime_3.9.500.20231113-2345\jars\maven-resolver-util-1.9.16.jar
2024-06-15 15:09:31,172 [Worker-61: Launching Executing clean in C__Users_USER_Desktop_react project_library-app_02-backend_spring-boot-library] INFO  o.eclipse.m2e.core.internal.Bundles - 	Entry: C:\Users\USER\Downloads\sts-4.21.1.RELEASE\plugins\org.eclipse.m2e.maven.runtime_3.9.500.20231113-2345\jars\maven-settings-3.9.5.jar
2024-06-15 15:09:31,173 [Worker-61: Launching Executing clean in C__Users_USER_Desktop_react project_library-app_02-backend_spring-boot-library] INFO  o.eclipse.m2e.core.internal.Bundles - 	Entry: C:\Users\USER\Downloads\sts-4.21.1.RELEASE\plugins\org.eclipse.m2e.maven.runtime_3.9.500.20231113-2345\jars\maven-settings-builder-3.9.5.jar
2024-06-15 15:09:31,174 [Worker-61: Launching Executing clean in C__Users_USER_Desktop_react project_library-app_02-backend_spring-boot-library] INFO  o.eclipse.m2e.core.internal.Bundles - 	Entry: C:\Users\USER\Downloads\sts-4.21.1.RELEASE\plugins\org.eclipse.m2e.maven.runtime_3.9.500.20231113-2345\jars\maven-shared-utils-3.3.4.jar
2024-06-15 15:09:31,174 [Worker-61: Launching Executing clean in C__Users_USER_Desktop_react project_library-app_02-backend_spring-boot-library] INFO  o.eclipse.m2e.core.internal.Bundles - 	Entry: C:\Users\USER\Downloads\sts-4.21.1.RELEASE\plugins\org.eclipse.m2e.maven.runtime_3.9.500.20231113-2345\jars\org.eclipse.sisu.inject-0.3.5.jar
2024-06-15 15:09:31,174 [Worker-61: Launching Executing clean in C__Users_USER_Desktop_react project_library-app_02-backend_spring-boot-library] INFO  o.eclipse.m2e.core.internal.Bundles - 	Entry: C:\Users\USER\Downloads\sts-4.21.1.RELEASE\plugins\org.eclipse.m2e.maven.runtime_3.9.500.20231113-2345\jars\org.eclipse.sisu.plexus-0.3.5.jar
2024-06-15 15:09:31,175 [Worker-61: Launching Executing clean in C__Users_USER_Desktop_react project_library-app_02-backend_spring-boot-library] INFO  o.eclipse.m2e.core.internal.Bundles - 	Entry: C:\Users\USER\Downloads\sts-4.21.1.RELEASE\plugins\org.eclipse.m2e.maven.runtime_3.9.500.20231113-2345\jars\plexus-build-api-0.0.7.jar
2024-06-15 15:09:31,176 [Worker-61: Launching Executing clean in C__Users_USER_Desktop_react project_library-app_02-backend_spring-boot-library] INFO  o.eclipse.m2e.core.internal.Bundles - 	Entry: C:\Users\USER\Downloads\sts-4.21.1.RELEASE\plugins\org.eclipse.m2e.maven.runtime_3.9.500.20231113-2345\jars\plexus-cipher-2.0.jar
2024-06-15 15:09:31,177 [Worker-61: Launching Executing clean in C__Users_USER_Desktop_react project_library-app_02-backend_spring-boot-library] INFO  o.eclipse.m2e.core.internal.Bundles - 	Entry: C:\Users\USER\Downloads\sts-4.21.1.RELEASE\plugins\org.eclipse.m2e.maven.runtime_3.9.500.20231113-2345\jars\plexus-classworlds-2.7.0.jar
2024-06-15 15:09:31,178 [Worker-61: Launching Executing clean in C__Users_USER_Desktop_react project_library-app_02-backend_spring-boot-library] INFO  o.eclipse.m2e.core.internal.Bundles - 	Entry: C:\Users\USER\Downloads\sts-4.21.1.RELEASE\plugins\org.eclipse.m2e.maven.runtime_3.9.500.20231113-2345\jars\plexus-component-annotations-2.1.0.jar
2024-06-15 15:09:31,178 [Worker-61: Launching Executing clean in C__Users_USER_Desktop_react project_library-app_02-backend_spring-boot-library] INFO  o.eclipse.m2e.core.internal.Bundles - 	Entry: C:\Users\USER\Downloads\sts-4.21.1.RELEASE\plugins\org.eclipse.m2e.maven.runtime_3.9.500.20231113-2345\jars\plexus-interpolation-1.26.jar
2024-06-15 15:09:31,178 [Worker-61: Launching Executing clean in C__Users_USER_Desktop_react project_library-app_02-backend_spring-boot-library] INFO  o.eclipse.m2e.core.internal.Bundles - 	Entry: C:\Users\USER\Downloads\sts-4.21.1.RELEASE\plugins\org.eclipse.m2e.maven.runtime_3.9.500.20231113-2345\jars\plexus-sec-dispatcher-2.0.jar
2024-06-15 15:09:31,179 [Worker-61: Launching Executing clean in C__Users_USER_Desktop_react project_library-app_02-backend_spring-boot-library] INFO  o.eclipse.m2e.core.internal.Bundles - 	Entry: C:\Users\USER\Downloads\sts-4.21.1.RELEASE\plugins\org.eclipse.m2e.maven.runtime_3.9.500.20231113-2345\jars\plexus-utils-3.5.1.jar
2024-06-15 15:09:31,181 [Worker-61: Launching Executing clean in C__Users_USER_Desktop_react project_library-app_02-backend_spring-boot-library] INFO  o.eclipse.m2e.core.internal.Bundles - 	Entry: C:\Users\USER\Downloads\sts-4.21.1.RELEASE\plugins\org.eclipse.m2e.maven.runtime_3.9.500.20231113-2345\jars\wagon-file-3.5.3.jar
2024-06-15 15:09:31,182 [Worker-61: Launching Executing clean in C__Users_USER_Desktop_react project_library-app_02-backend_spring-boot-library] INFO  o.eclipse.m2e.core.internal.Bundles - 	Entry: C:\Users\USER\Downloads\sts-4.21.1.RELEASE\plugins\org.eclipse.m2e.maven.runtime_3.9.500.20231113-2345\jars\wagon-http-3.5.3.jar
2024-06-15 15:09:31,182 [Worker-61: Launching Executing clean in C__Users_USER_Desktop_react project_library-app_02-backend_spring-boot-library] INFO  o.eclipse.m2e.core.internal.Bundles - 	Entry: C:\Users\USER\Downloads\sts-4.21.1.RELEASE\plugins\org.eclipse.m2e.maven.runtime_3.9.500.20231113-2345\jars\wagon-http-shared-3.5.3.jar
2024-06-15 15:09:31,183 [Worker-61: Launching Executing clean in C__Users_USER_Desktop_react project_library-app_02-backend_spring-boot-library] INFO  o.eclipse.m2e.core.internal.Bundles - 	Entry: C:\Users\USER\Downloads\sts-4.21.1.RELEASE\plugins\org.eclipse.m2e.maven.runtime_3.9.500.20231113-2345\jars\wagon-provider-api-3.5.3.jar
2024-06-15 15:09:31,184 [Worker-61: Launching Executing clean in C__Users_USER_Desktop_react project_library-app_02-backend_spring-boot-library] INFO  o.eclipse.m2e.core.internal.Bundles - getClasspathEntries(Bundle=com.google.guava_33.0.0.jre [25])
2024-06-15 15:09:31,186 [Worker-61: Launching Executing clean in C__Users_USER_Desktop_react project_library-app_02-backend_spring-boot-library] INFO  o.eclipse.m2e.core.internal.Bundles - 	Entry: C:\Users\USER\Downloads\sts-4.21.1.RELEASE\plugins\com.google.guava_33.0.0.jre.jar
2024-06-15 15:09:31,186 [Worker-61: Launching Executing clean in C__Users_USER_Desktop_react project_library-app_02-backend_spring-boot-library] INFO  o.eclipse.m2e.core.internal.Bundles - getClasspathEntries(Bundle=slf4j.api_2.0.9 [573])
2024-06-15 15:09:31,187 [Worker-61: Launching Executing clean in C__Users_USER_Desktop_react project_library-app_02-backend_spring-boot-library] INFO  o.eclipse.m2e.core.internal.Bundles - 	Entry: C:\Users\USER\Downloads\sts-4.21.1.RELEASE\plugins\slf4j.api_2.0.9.jar
2024-06-15 15:09:31,188 [Worker-61: Launching Executing clean in C__Users_USER_Desktop_react project_library-app_02-backend_spring-boot-library] INFO  o.eclipse.m2e.core.internal.Bundles - getClasspathEntries(Bundle=jakarta.inject.jakarta.inject-api_1.0.5 [41])
2024-06-15 15:09:31,189 [Worker-61: Launching Executing clean in C__Users_USER_Desktop_react project_library-app_02-backend_spring-boot-library] INFO  o.eclipse.m2e.core.internal.Bundles - 	Entry: C:\Users\USER\Downloads\sts-4.21.1.RELEASE\plugins\jakarta.inject.jakarta.inject-api_1.0.5.jar
2024-06-15 15:09:31,189 [Worker-61: Launching Executing clean in C__Users_USER_Desktop_react project_library-app_02-backend_spring-boot-library] INFO  o.eclipse.m2e.core.internal.Bundles - getClasspathEntries(Bundle=jakarta.annotation-api_1.3.5 [37])
2024-06-15 15:09:31,191 [Worker-61: Launching Executing clean in C__Users_USER_Desktop_react project_library-app_02-backend_spring-boot-library] INFO  o.eclipse.m2e.core.internal.Bundles - 	Entry: C:\Users\USER\Downloads\sts-4.21.1.RELEASE\plugins\jakarta.annotation-api_1.3.5.jar
2024-06-15 15:09:31,191 [Worker-61: Launching Executing clean in C__Users_USER_Desktop_react project_library-app_02-backend_spring-boot-library] INFO  o.eclipse.m2e.core.internal.Bundles - getClasspathEntries(Bundle=org.apache.commons.cli_1.6.0 [71])
2024-06-15 15:09:31,192 [Worker-61: Launching Executing clean in C__Users_USER_Desktop_react project_library-app_02-backend_spring-boot-library] INFO  o.eclipse.m2e.core.internal.Bundles - 	Entry: C:\Users\USER\Downloads\sts-4.21.1.RELEASE\plugins\org.apache.commons.cli_1.6.0.jar
2024-06-15 15:09:31,194 [Worker-61: Launching Executing clean in C__Users_USER_Desktop_react project_library-app_02-backend_spring-boot-library] INFO  o.eclipse.m2e.core.internal.Bundles - getClasspathEntries(Bundle=org.apache.commons.commons-codec_1.16.0 [73])
2024-06-15 15:09:31,195 [Worker-61: Launching Executing clean in C__Users_USER_Desktop_react project_library-app_02-backend_spring-boot-library] INFO  o.eclipse.m2e.core.internal.Bundles - 	Entry: C:\Users\USER\Downloads\sts-4.21.1.RELEASE\plugins\org.apache.commons.commons-codec_1.16.0.jar
2024-06-15 15:09:31,195 [Worker-61: Launching Executing clean in C__Users_USER_Desktop_react project_library-app_02-backend_spring-boot-library] INFO  o.eclipse.m2e.core.internal.Bundles - getClasspathEntries(Bundle=org.apache.commons.lang3_3.13.0 [77])
2024-06-15 15:09:31,197 [Worker-61: Launching Executing clean in C__Users_USER_Desktop_react project_library-app_02-backend_spring-boot-library] INFO  o.eclipse.m2e.core.internal.Bundles - 	Entry: C:\Users\USER\Downloads\sts-4.21.1.RELEASE\plugins\org.apache.commons.lang3_3.13.0.jar
2024-06-15 15:09:31,197 [Worker-61: Launching Executing clean in C__Users_USER_Desktop_react project_library-app_02-backend_spring-boot-library] INFO  o.eclipse.m2e.core.internal.Bundles - getClasspathEntries(Bundle=com.google.guava.failureaccess_1.0.2 [27])
2024-06-15 15:09:31,198 [Worker-61: Launching Executing clean in C__Users_USER_Desktop_react project_library-app_02-backend_spring-boot-library] INFO  o.eclipse.m2e.core.internal.Bundles - 	Entry: C:\Users\USER\Downloads\sts-4.21.1.RELEASE\plugins\com.google.guava.failureaccess_1.0.2.jar
2024-06-15 15:09:31,201 [Worker-61: Launching Executing clean in C__Users_USER_Desktop_react project_library-app_02-backend_spring-boot-library] INFO  o.e.m.i.launch.MavenLaunchDelegate - Run build in "C:\Users\USER\Desktop\react project\library-app\02-backend\spring-boot-library":
2024-06-15 15:09:31,203 [Worker-61: Launching Executing clean in C__Users_USER_Desktop_react project_library-app_02-backend_spring-boot-library] INFO  o.e.m.i.launch.MavenLaunchDelegate -  mvn  -Ppom.xml -B -Dstyle.color=always clean
2024-06-15 15:09:44,571 [Worker-61: Launching Executing install in C__Users_USER_Desktop_react project_library-app_02-backend_spring-boot-library] INFO  o.eclipse.m2e.core.internal.Bundles - getClasspathEntries(Bundle=org.eclipse.m2e.maven.runtime_3.9.500.20231113-2345 [346])
2024-06-15 15:09:44,573 [Worker-61: Launching Executing install in C__Users_USER_Desktop_react project_library-app_02-backend_spring-boot-library] INFO  o.eclipse.m2e.core.internal.Bundles - 	Entry: C:\Users\USER\Downloads\sts-4.21.1.RELEASE\plugins\org.eclipse.m2e.maven.runtime_3.9.500.20231113-2345
2024-06-15 15:09:44,573 [Worker-61: Launching Executing install in C__Users_USER_Desktop_react project_library-app_02-backend_spring-boot-library] INFO  o.eclipse.m2e.core.internal.Bundles - 	Entry: C:\Users\USER\Downloads\sts-4.21.1.RELEASE\plugins\org.eclipse.m2e.maven.runtime_3.9.500.20231113-2345\jars\aopalliance-1.0.jar
2024-06-15 15:09:44,573 [Worker-61: Launching Executing install in C__Users_USER_Desktop_react project_library-app_02-backend_spring-boot-library] INFO  o.eclipse.m2e.core.internal.Bundles - 	Entry: C:\Users\USER\Downloads\sts-4.21.1.RELEASE\plugins\org.eclipse.m2e.maven.runtime_3.9.500.20231113-2345\jars\guice-5.1.0.jar
2024-06-15 15:09:44,573 [Worker-61: Launching Executing install in C__Users_USER_Desktop_react project_library-app_02-backend_spring-boot-library] INFO  o.eclipse.m2e.core.internal.Bundles - 	Entry: C:\Users\USER\Downloads\sts-4.21.1.RELEASE\plugins\org.eclipse.m2e.maven.runtime_3.9.500.20231113-2345\jars\httpclient-4.5.14.jar
2024-06-15 15:09:44,574 [Worker-61: Launching Executing install in C__Users_USER_Desktop_react project_library-app_02-backend_spring-boot-library] INFO  o.eclipse.m2e.core.internal.Bundles - 	Entry: C:\Users\USER\Downloads\sts-4.21.1.RELEASE\plugins\org.eclipse.m2e.maven.runtime_3.9.500.20231113-2345\jars\httpcore-4.4.16.jar
2024-06-15 15:09:44,574 [Worker-61: Launching Executing install in C__Users_USER_Desktop_react project_library-app_02-backend_spring-boot-library] INFO  o.eclipse.m2e.core.internal.Bundles - 	Entry: C:\Users\USER\Downloads\sts-4.21.1.RELEASE\plugins\org.eclipse.m2e.maven.runtime_3.9.500.20231113-2345\jars\jansi-2.4.0.jar
2024-06-15 15:09:44,574 [Worker-61: Launching Executing install in C__Users_USER_Desktop_react project_library-app_02-backend_spring-boot-library] INFO  o.eclipse.m2e.core.internal.Bundles - 	Entry: C:\Users\USER\Downloads\sts-4.21.1.RELEASE\plugins\org.eclipse.m2e.maven.runtime_3.9.500.20231113-2345\jars\jcl-over-slf4j-1.7.36.jar
2024-06-15 15:09:44,574 [Worker-61: Launching Executing install in C__Users_USER_Desktop_react project_library-app_02-backend_spring-boot-library] INFO  o.eclipse.m2e.core.internal.Bundles - 	Entry: C:\Users\USER\Downloads\sts-4.21.1.RELEASE\plugins\org.eclipse.m2e.maven.runtime_3.9.500.20231113-2345\jars\maven-artifact-3.9.5.jar
2024-06-15 15:09:44,574 [Worker-61: Launching Executing install in C__Users_USER_Desktop_react project_library-app_02-backend_spring-boot-library] INFO  o.eclipse.m2e.core.internal.Bundles - 	Entry: C:\Users\USER\Downloads\sts-4.21.1.RELEASE\plugins\org.eclipse.m2e.maven.runtime_3.9.500.20231113-2345\jars\maven-builder-support-3.9.5.jar
2024-06-15 15:09:44,576 [Worker-61: Launching Executing install in C__Users_USER_Desktop_react project_library-app_02-backend_spring-boot-library] INFO  o.eclipse.m2e.core.internal.Bundles - 	Entry: C:\Users\USER\Downloads\sts-4.21.1.RELEASE\plugins\org.eclipse.m2e.maven.runtime_3.9.500.20231113-2345\jars\maven-compat-3.9.5.jar
2024-06-15 15:09:44,576 [Worker-61: Launching Executing install in C__Users_USER_Desktop_react project_library-app_02-backend_spring-boot-library] INFO  o.eclipse.m2e.core.internal.Bundles - 	Entry: C:\Users\USER\Downloads\sts-4.21.1.RELEASE\plugins\org.eclipse.m2e.maven.runtime_3.9.500.20231113-2345\jars\maven-core-3.9.5.jar
2024-06-15 15:09:44,576 [Worker-61: Launching Executing install in C__Users_USER_Desktop_react project_library-app_02-backend_spring-boot-library] INFO  o.eclipse.m2e.core.internal.Bundles - 	Entry: C:\Users\USER\Downloads\sts-4.21.1.RELEASE\plugins\org.eclipse.m2e.maven.runtime_3.9.500.20231113-2345\jars\maven-embedder-3.9.5.jar
2024-06-15 15:09:44,576 [Worker-61: Launching Executing install in C__Users_USER_Desktop_react project_library-app_02-backend_spring-boot-library] INFO  o.eclipse.m2e.core.internal.Bundles - 	Entry: C:\Users\USER\Downloads\sts-4.21.1.RELEASE\plugins\org.eclipse.m2e.maven.runtime_3.9.500.20231113-2345\jars\maven-model-3.9.5.jar
2024-06-15 15:09:44,576 [Worker-61: Launching Executing install in C__Users_USER_Desktop_react project_library-app_02-backend_spring-boot-library] INFO  o.eclipse.m2e.core.internal.Bundles - 	Entry: C:\Users\USER\Downloads\sts-4.21.1.RELEASE\plugins\org.eclipse.m2e.maven.runtime_3.9.500.20231113-2345\jars\maven-model-builder-3.9.5.jar
2024-06-15 15:09:44,576 [Worker-61: Launching Executing install in C__Users_USER_Desktop_react project_library-app_02-backend_spring-boot-library] INFO  o.eclipse.m2e.core.internal.Bundles - 	Entry: C:\Users\USER\Downloads\sts-4.21.1.RELEASE\plugins\org.eclipse.m2e.maven.runtime_3.9.500.20231113-2345\jars\maven-plugin-api-3.9.5.jar
2024-06-15 15:09:44,577 [Worker-61: Launching Executing install in C__Users_USER_Desktop_react project_library-app_02-backend_spring-boot-library] INFO  o.eclipse.m2e.core.internal.Bundles - 	Entry: C:\Users\USER\Downloads\sts-4.21.1.RELEASE\plugins\org.eclipse.m2e.maven.runtime_3.9.500.20231113-2345\jars\maven-repository-metadata-3.9.5.jar
2024-06-15 15:09:44,577 [Worker-61: Launching Executing install in C__Users_USER_Desktop_react project_library-app_02-backend_spring-boot-library] INFO  o.eclipse.m2e.core.internal.Bundles - 	Entry: C:\Users\USER\Downloads\sts-4.21.1.RELEASE\plugins\org.eclipse.m2e.maven.runtime_3.9.500.20231113-2345\jars\maven-resolver-api-1.9.16.jar
2024-06-15 15:09:44,577 [Worker-61: Launching Executing install in C__Users_USER_Desktop_react project_library-app_02-backend_spring-boot-library] INFO  o.eclipse.m2e.core.internal.Bundles - 	Entry: C:\Users\USER\Downloads\sts-4.21.1.RELEASE\plugins\org.eclipse.m2e.maven.runtime_3.9.500.20231113-2345\jars\maven-resolver-connector-basic-1.9.16.jar
2024-06-15 15:09:44,577 [Worker-61: Launching Executing install in C__Users_USER_Desktop_react project_library-app_02-backend_spring-boot-library] INFO  o.eclipse.m2e.core.internal.Bundles - 	Entry: C:\Users\USER\Downloads\sts-4.21.1.RELEASE\plugins\org.eclipse.m2e.maven.runtime_3.9.500.20231113-2345\jars\maven-resolver-impl-1.9.16.jar
2024-06-15 15:09:44,577 [Worker-61: Launching Executing install in C__Users_USER_Desktop_react project_library-app_02-backend_spring-boot-library] INFO  o.eclipse.m2e.core.internal.Bundles - 	Entry: C:\Users\USER\Downloads\sts-4.21.1.RELEASE\plugins\org.eclipse.m2e.maven.runtime_3.9.500.20231113-2345\jars\maven-resolver-named-locks-1.9.16.jar
2024-06-15 15:09:44,577 [Worker-61: Launching Executing install in C__Users_USER_Desktop_react project_library-app_02-backend_spring-boot-library] INFO  o.eclipse.m2e.core.internal.Bundles - 	Entry: C:\Users\USER\Downloads\sts-4.21.1.RELEASE\plugins\org.eclipse.m2e.maven.runtime_3.9.500.20231113-2345\jars\maven-resolver-provider-3.9.5.jar
2024-06-15 15:09:44,578 [Worker-61: Launching Executing install in C__Users_USER_Desktop_react project_library-app_02-backend_spring-boot-library] INFO  o.eclipse.m2e.core.internal.Bundles - 	Entry: C:\Users\USER\Downloads\sts-4.21.1.RELEASE\plugins\org.eclipse.m2e.maven.runtime_3.9.500.20231113-2345\jars\maven-resolver-spi-1.9.16.jar
2024-06-15 15:09:44,578 [Worker-61: Launching Executing install in C__Users_USER_Desktop_react project_library-app_02-backend_spring-boot-library] INFO  o.eclipse.m2e.core.internal.Bundles - 	Entry: C:\Users\USER\Downloads\sts-4.21.1.RELEASE\plugins\org.eclipse.m2e.maven.runtime_3.9.500.20231113-2345\jars\maven-resolver-transport-file-1.9.16.jar
2024-06-15 15:09:44,578 [Worker-61: Launching Executing install in C__Users_USER_Desktop_react project_library-app_02-backend_spring-boot-library] INFO  o.eclipse.m2e.core.internal.Bundles - 	Entry: C:\Users\USER\Downloads\sts-4.21.1.RELEASE\plugins\org.eclipse.m2e.maven.runtime_3.9.500.20231113-2345\jars\maven-resolver-transport-http-1.9.16.jar
2024-06-15 15:09:44,578 [Worker-61: Launching Executing install in C__Users_USER_Desktop_react project_library-app_02-backend_spring-boot-library] INFO  o.eclipse.m2e.core.internal.Bundles - 	Entry: C:\Users\USER\Downloads\sts-4.21.1.RELEASE\plugins\org.eclipse.m2e.maven.runtime_3.9.500.20231113-2345\jars\maven-resolver-transport-wagon-1.9.16.jar
2024-06-15 15:09:44,579 [Worker-61: Launching Executing install in C__Users_USER_Desktop_react project_library-app_02-backend_spring-boot-library] INFO  o.eclipse.m2e.core.internal.Bundles - 	Entry: C:\Users\USER\Downloads\sts-4.21.1.RELEASE\plugins\org.eclipse.m2e.maven.runtime_3.9.500.20231113-2345\jars\maven-resolver-util-1.9.16.jar
2024-06-15 15:09:44,579 [Worker-61: Launching Executing install in C__Users_USER_Desktop_react project_library-app_02-backend_spring-boot-library] INFO  o.eclipse.m2e.core.internal.Bundles - 	Entry: C:\Users\USER\Downloads\sts-4.21.1.RELEASE\plugins\org.eclipse.m2e.maven.runtime_3.9.500.20231113-2345\jars\maven-settings-3.9.5.jar
2024-06-15 15:09:44,579 [Worker-61: Launching Executing install in C__Users_USER_Desktop_react project_library-app_02-backend_spring-boot-library] INFO  o.eclipse.m2e.core.internal.Bundles - 	Entry: C:\Users\USER\Downloads\sts-4.21.1.RELEASE\plugins\org.eclipse.m2e.maven.runtime_3.9.500.20231113-2345\jars\maven-settings-builder-3.9.5.jar
2024-06-15 15:09:44,580 [Worker-61: Launching Executing install in C__Users_USER_Desktop_react project_library-app_02-backend_spring-boot-library] INFO  o.eclipse.m2e.core.internal.Bundles - 	Entry: C:\Users\USER\Downloads\sts-4.21.1.RELEASE\plugins\org.eclipse.m2e.maven.runtime_3.9.500.20231113-2345\jars\maven-shared-utils-3.3.4.jar
2024-06-15 15:09:44,580 [Worker-61: Launching Executing install in C__Users_USER_Desktop_react project_library-app_02-backend_spring-boot-library] INFO  o.eclipse.m2e.core.internal.Bundles - 	Entry: C:\Users\USER\Downloads\sts-4.21.1.RELEASE\plugins\org.eclipse.m2e.maven.runtime_3.9.500.20231113-2345\jars\org.eclipse.sisu.inject-0.3.5.jar
2024-06-15 15:09:44,580 [Worker-61: Launching Executing install in C__Users_USER_Desktop_react project_library-app_02-backend_spring-boot-library] INFO  o.eclipse.m2e.core.internal.Bundles - 	Entry: C:\Users\USER\Downloads\sts-4.21.1.RELEASE\plugins\org.eclipse.m2e.maven.runtime_3.9.500.20231113-2345\jars\org.eclipse.sisu.plexus-0.3.5.jar
2024-06-15 15:09:44,580 [Worker-61: Launching Executing install in C__Users_USER_Desktop_react project_library-app_02-backend_spring-boot-library] INFO  o.eclipse.m2e.core.internal.Bundles - 	Entry: C:\Users\USER\Downloads\sts-4.21.1.RELEASE\plugins\org.eclipse.m2e.maven.runtime_3.9.500.20231113-2345\jars\plexus-build-api-0.0.7.jar
2024-06-15 15:09:44,581 [Worker-61: Launching Executing install in C__Users_USER_Desktop_react project_library-app_02-backend_spring-boot-library] INFO  o.eclipse.m2e.core.internal.Bundles - 	Entry: C:\Users\USER\Downloads\sts-4.21.1.RELEASE\plugins\org.eclipse.m2e.maven.runtime_3.9.500.20231113-2345\jars\plexus-cipher-2.0.jar
2024-06-15 15:09:44,581 [Worker-61: Launching Executing install in C__Users_USER_Desktop_react project_library-app_02-backend_spring-boot-library] INFO  o.eclipse.m2e.core.internal.Bundles - 	Entry: C:\Users\USER\Downloads\sts-4.21.1.RELEASE\plugins\org.eclipse.m2e.maven.runtime_3.9.500.20231113-2345\jars\plexus-classworlds-2.7.0.jar
2024-06-15 15:09:44,581 [Worker-61: Launching Executing install in C__Users_USER_Desktop_react project_library-app_02-backend_spring-boot-library] INFO  o.eclipse.m2e.core.internal.Bundles - 	Entry: C:\Users\USER\Downloads\sts-4.21.1.RELEASE\plugins\org.eclipse.m2e.maven.runtime_3.9.500.20231113-2345\jars\plexus-component-annotations-2.1.0.jar
2024-06-15 15:09:44,582 [Worker-61: Launching Executing install in C__Users_USER_Desktop_react project_library-app_02-backend_spring-boot-library] INFO  o.eclipse.m2e.core.internal.Bundles - 	Entry: C:\Users\USER\Downloads\sts-4.21.1.RELEASE\plugins\org.eclipse.m2e.maven.runtime_3.9.500.20231113-2345\jars\plexus-interpolation-1.26.jar
2024-06-15 15:09:44,582 [Worker-61: Launching Executing install in C__Users_USER_Desktop_react project_library-app_02-backend_spring-boot-library] INFO  o.eclipse.m2e.core.internal.Bundles - 	Entry: C:\Users\USER\Downloads\sts-4.21.1.RELEASE\plugins\org.eclipse.m2e.maven.runtime_3.9.500.20231113-2345\jars\plexus-sec-dispatcher-2.0.jar
2024-06-15 15:09:44,582 [Worker-61: Launching Executing install in C__Users_USER_Desktop_react project_library-app_02-backend_spring-boot-library] INFO  o.eclipse.m2e.core.internal.Bundles - 	Entry: C:\Users\USER\Downloads\sts-4.21.1.RELEASE\plugins\org.eclipse.m2e.maven.runtime_3.9.500.20231113-2345\jars\plexus-utils-3.5.1.jar
2024-06-15 15:09:44,583 [Worker-61: Launching Executing install in C__Users_USER_Desktop_react project_library-app_02-backend_spring-boot-library] INFO  o.eclipse.m2e.core.internal.Bundles - 	Entry: C:\Users\USER\Downloads\sts-4.21.1.RELEASE\plugins\org.eclipse.m2e.maven.runtime_3.9.500.20231113-2345\jars\wagon-file-3.5.3.jar
2024-06-15 15:09:44,583 [Worker-61: Launching Executing install in C__Users_USER_Desktop_react project_library-app_02-backend_spring-boot-library] INFO  o.eclipse.m2e.core.internal.Bundles - 	Entry: C:\Users\USER\Downloads\sts-4.21.1.RELEASE\plugins\org.eclipse.m2e.maven.runtime_3.9.500.20231113-2345\jars\wagon-http-3.5.3.jar
2024-06-15 15:09:44,584 [Worker-61: Launching Executing install in C__Users_USER_Desktop_react project_library-app_02-backend_spring-boot-library] INFO  o.eclipse.m2e.core.internal.Bundles - 	Entry: C:\Users\USER\Downloads\sts-4.21.1.RELEASE\plugins\org.eclipse.m2e.maven.runtime_3.9.500.20231113-2345\jars\wagon-http-shared-3.5.3.jar
2024-06-15 15:09:44,584 [Worker-61: Launching Executing install in C__Users_USER_Desktop_react project_library-app_02-backend_spring-boot-library] INFO  o.eclipse.m2e.core.internal.Bundles - 	Entry: C:\Users\USER\Downloads\sts-4.21.1.RELEASE\plugins\org.eclipse.m2e.maven.runtime_3.9.500.20231113-2345\jars\wagon-provider-api-3.5.3.jar
2024-06-15 15:09:44,585 [Worker-61: Launching Executing install in C__Users_USER_Desktop_react project_library-app_02-backend_spring-boot-library] INFO  o.eclipse.m2e.core.internal.Bundles - getClasspathEntries(Bundle=com.google.guava_33.0.0.jre [25])
2024-06-15 15:09:44,586 [Worker-61: Launching Executing install in C__Users_USER_Desktop_react project_library-app_02-backend_spring-boot-library] INFO  o.eclipse.m2e.core.internal.Bundles - 	Entry: C:\Users\USER\Downloads\sts-4.21.1.RELEASE\plugins\com.google.guava_33.0.0.jre.jar
2024-06-15 15:09:44,586 [Worker-61: Launching Executing install in C__Users_USER_Desktop_react project_library-app_02-backend_spring-boot-library] INFO  o.eclipse.m2e.core.internal.Bundles - getClasspathEntries(Bundle=slf4j.api_2.0.9 [573])
2024-06-15 15:09:44,587 [Worker-61: Launching Executing install in C__Users_USER_Desktop_react project_library-app_02-backend_spring-boot-library] INFO  o.eclipse.m2e.core.internal.Bundles - 	Entry: C:\Users\USER\Downloads\sts-4.21.1.RELEASE\plugins\slf4j.api_2.0.9.jar
2024-06-15 15:09:44,587 [Worker-61: Launching Executing install in C__Users_USER_Desktop_react project_library-app_02-backend_spring-boot-library] INFO  o.eclipse.m2e.core.internal.Bundles - getClasspathEntries(Bundle=jakarta.inject.jakarta.inject-api_1.0.5 [41])
2024-06-15 15:09:44,588 [Worker-61: Launching Executing install in C__Users_USER_Desktop_react project_library-app_02-backend_spring-boot-library] INFO  o.eclipse.m2e.core.internal.Bundles - 	Entry: C:\Users\USER\Downloads\sts-4.21.1.RELEASE\plugins\jakarta.inject.jakarta.inject-api_1.0.5.jar
2024-06-15 15:09:44,588 [Worker-61: Launching Executing install in C__Users_USER_Desktop_react project_library-app_02-backend_spring-boot-library] INFO  o.eclipse.m2e.core.internal.Bundles - getClasspathEntries(Bundle=jakarta.annotation-api_1.3.5 [37])
2024-06-15 15:09:44,588 [Worker-61: Launching Executing install in C__Users_USER_Desktop_react project_library-app_02-backend_spring-boot-library] INFO  o.eclipse.m2e.core.internal.Bundles - 	Entry: C:\Users\USER\Downloads\sts-4.21.1.RELEASE\plugins\jakarta.annotation-api_1.3.5.jar
2024-06-15 15:09:44,588 [Worker-61: Launching Executing install in C__Users_USER_Desktop_react project_library-app_02-backend_spring-boot-library] INFO  o.eclipse.m2e.core.internal.Bundles - getClasspathEntries(Bundle=org.apache.commons.cli_1.6.0 [71])
2024-06-15 15:09:44,589 [Worker-61: Launching Executing install in C__Users_USER_Desktop_react project_library-app_02-backend_spring-boot-library] INFO  o.eclipse.m2e.core.internal.Bundles - 	Entry: C:\Users\USER\Downloads\sts-4.21.1.RELEASE\plugins\org.apache.commons.cli_1.6.0.jar
2024-06-15 15:09:44,589 [Worker-61: Launching Executing install in C__Users_USER_Desktop_react project_library-app_02-backend_spring-boot-library] INFO  o.eclipse.m2e.core.internal.Bundles - getClasspathEntries(Bundle=org.apache.commons.commons-codec_1.16.0 [73])
2024-06-15 15:09:44,589 [Worker-61: Launching Executing install in C__Users_USER_Desktop_react project_library-app_02-backend_spring-boot-library] INFO  o.eclipse.m2e.core.internal.Bundles - 	Entry: C:\Users\USER\Downloads\sts-4.21.1.RELEASE\plugins\org.apache.commons.commons-codec_1.16.0.jar
2024-06-15 15:09:44,589 [Worker-61: Launching Executing install in C__Users_USER_Desktop_react project_library-app_02-backend_spring-boot-library] INFO  o.eclipse.m2e.core.internal.Bundles - getClasspathEntries(Bundle=org.apache.commons.lang3_3.13.0 [77])
2024-06-15 15:09:44,590 [Worker-61: Launching Executing install in C__Users_USER_Desktop_react project_library-app_02-backend_spring-boot-library] INFO  o.eclipse.m2e.core.internal.Bundles - 	Entry: C:\Users\USER\Downloads\sts-4.21.1.RELEASE\plugins\org.apache.commons.lang3_3.13.0.jar
2024-06-15 15:09:44,590 [Worker-61: Launching Executing install in C__Users_USER_Desktop_react project_library-app_02-backend_spring-boot-library] INFO  o.eclipse.m2e.core.internal.Bundles - getClasspathEntries(Bundle=com.google.guava.failureaccess_1.0.2 [27])
2024-06-15 15:09:44,590 [Worker-61: Launching Executing install in C__Users_USER_Desktop_react project_library-app_02-backend_spring-boot-library] INFO  o.eclipse.m2e.core.internal.Bundles - 	Entry: C:\Users\USER\Downloads\sts-4.21.1.RELEASE\plugins\com.google.guava.failureaccess_1.0.2.jar
2024-06-15 15:09:44,592 [Worker-61: Launching Executing install in C__Users_USER_Desktop_react project_library-app_02-backend_spring-boot-library] INFO  o.e.m.i.launch.MavenLaunchDelegate - Run build in "C:\Users\USER\Desktop\react project\library-app\02-backend\spring-boot-library":
2024-06-15 15:09:44,592 [Worker-61: Launching Executing install in C__Users_USER_Desktop_react project_library-app_02-backend_spring-boot-library] INFO  o.e.m.i.launch.MavenLaunchDelegate -  mvn  -Ppom.xml -B -Dstyle.color=always install
2024-06-15 15:33:36,303 [Worker-66: Building] INFO  o.a.m.s.f.DefaultMavenResourcesFiltering - Copying 1 resource from src\main\resources to target\classes
2024-06-15 15:33:36,346 [Worker-66: Building] INFO  o.a.m.s.f.DefaultMavenResourcesFiltering - Copying 0 resource from src\main\resources to target\classes
2024-06-15 15:33:36,350 [Worker-66: Building] INFO  o.a.m.s.f.DefaultMavenResourcesFiltering - skip non existing resourceDirectory C:\Users\USER\Desktop\react project\library-app\02-backend\spring-boot-library\src\test\resources
2024-06-15 15:34:17,512 [Worker-66: Building] INFO  o.a.m.s.f.DefaultMavenResourcesFiltering - Copying 1 resource from src\main\resources to target\classes
2024-06-15 15:34:17,619 [Worker-66: Building] INFO  o.a.m.s.f.DefaultMavenResourcesFiltering - Copying 0 resource from src\main\resources to target\classes
2024-06-15 15:34:17,622 [Worker-66: Building] INFO  o.a.m.s.f.DefaultMavenResourcesFiltering - skip non existing resourceDirectory C:\Users\USER\Desktop\react project\library-app\02-backend\spring-boot-library\src\test\resources
2024-06-15 15:36:34,599 [Worker-4: Loading available Gradle versions] INFO  o.e.b.c.i.u.g.PublishedGradleVersions - Gradle version information cache is out-of-date. Trying to update.
2024-06-15 15:45:53,246 [Worker-23: Building] INFO  o.a.m.s.f.DefaultMavenResourcesFiltering - Copying 1 resource from src\main\resources to target\classes
2024-06-15 15:45:53,297 [Worker-23: Building] INFO  o.a.m.s.f.DefaultMavenResourcesFiltering - Copying 0 resource from src\main\resources to target\classes
2024-06-15 15:45:53,306 [Worker-23: Building] INFO  o.a.m.s.f.DefaultMavenResourcesFiltering - skip non existing resourceDirectory C:\Users\USER\Desktop\react project\library-app\02-backend\spring-boot-library\src\test\resources
2024-06-15 15:46:15,669 [Worker-18: Updating Maven Project] INFO  o.e.m.c.i.p.ProjectConfigurationManager - Update started
2024-06-15 15:46:16,875 [Worker-18: Updating Maven Project] INFO  o.e.m.c.i.l.LifecycleMappingFactory - Using org.eclipse.m2e.jdt.JarLifecycleMapping lifecycle mapping for MavenProject: com.snccreations:spring-boot-library:2.7.3 @ C:\Users\USER\Desktop\react project\library-app\02-backend\spring-boot-library\pom.xml.
2024-06-15 15:46:18,129 [Worker-18: Updating Maven Project] INFO  o.e.m.j.i.AbstractJavaProjectConfigurator - Adding source folder /spring-boot-library/src/main/java
2024-06-15 15:46:18,129 [Worker-18: Updating Maven Project] INFO  o.e.m.j.i.AbstractJavaProjectConfigurator - Adding resource folder /spring-boot-library/src/main/resources
2024-06-15 15:46:18,129 [Worker-18: Updating Maven Project] INFO  o.e.m.j.i.AbstractJavaProjectConfigurator - Adding resource folder /spring-boot-library/src/main/resources
2024-06-15 15:46:18,130 [Worker-18: Updating Maven Project] INFO  o.e.m.j.i.AbstractJavaProjectConfigurator - Adding source folder /spring-boot-library/src/test/java
2024-06-15 15:46:18,131 [Worker-18: Updating Maven Project] INFO  o.e.m.j.i.AbstractJavaProjectConfigurator - Adding resource folder /spring-boot-library/src/test/resources
2024-06-15 15:46:19,239 [Worker-18: Updating Maven Project] INFO  o.e.m.c.i.p.ProjectConfigurationManager - Update completed for 1 poms: local refresh takes 0.00 sec, refresh facades takes 2.00 sec, update config takes 0.00 sec 
2024-06-15 15:46:20,809 [Worker-18: Building] INFO  o.a.m.s.f.DefaultMavenResourcesFiltering - Copying 1 resource from src\main\resources to target\classes
2024-06-15 15:46:20,853 [Worker-18: Building] INFO  o.a.m.s.f.DefaultMavenResourcesFiltering - Copying 0 resource from src\main\resources to target\classes
2024-06-15 15:46:20,862 [Worker-18: Building] INFO  o.a.m.s.f.DefaultMavenResourcesFiltering - skip non existing resourceDirectory C:\Users\USER\Desktop\react project\library-app\02-backend\spring-boot-library\src\test\resources
2024-06-15 15:46:30,847 [Worker-18: Launching Executing clean in C__Users_USER_Desktop_react project_library-app_02-backend_spring-boot-library] INFO  o.eclipse.m2e.core.internal.Bundles - getClasspathEntries(Bundle=org.eclipse.m2e.maven.runtime_3.9.500.20231113-2345 [346])
2024-06-15 15:46:30,851 [Worker-18: Launching Executing clean in C__Users_USER_Desktop_react project_library-app_02-backend_spring-boot-library] INFO  o.eclipse.m2e.core.internal.Bundles - 	Entry: C:\Users\USER\Downloads\sts-4.21.1.RELEASE\plugins\org.eclipse.m2e.maven.runtime_3.9.500.20231113-2345
2024-06-15 15:46:30,852 [Worker-18: Launching Executing clean in C__Users_USER_Desktop_react project_library-app_02-backend_spring-boot-library] INFO  o.eclipse.m2e.core.internal.Bundles - 	Entry: C:\Users\USER\Downloads\sts-4.21.1.RELEASE\plugins\org.eclipse.m2e.maven.runtime_3.9.500.20231113-2345\jars\aopalliance-1.0.jar
2024-06-15 15:46:30,852 [Worker-18: Launching Executing clean in C__Users_USER_Desktop_react project_library-app_02-backend_spring-boot-library] INFO  o.eclipse.m2e.core.internal.Bundles - 	Entry: C:\Users\USER\Downloads\sts-4.21.1.RELEASE\plugins\org.eclipse.m2e.maven.runtime_3.9.500.20231113-2345\jars\guice-5.1.0.jar
2024-06-15 15:46:30,852 [Worker-18: Launching Executing clean in C__Users_USER_Desktop_react project_library-app_02-backend_spring-boot-library] INFO  o.eclipse.m2e.core.internal.Bundles - 	Entry: C:\Users\USER\Downloads\sts-4.21.1.RELEASE\plugins\org.eclipse.m2e.maven.runtime_3.9.500.20231113-2345\jars\httpclient-4.5.14.jar
2024-06-15 15:46:30,853 [Worker-18: Launching Executing clean in C__Users_USER_Desktop_react project_library-app_02-backend_spring-boot-library] INFO  o.eclipse.m2e.core.internal.Bundles - 	Entry: C:\Users\USER\Downloads\sts-4.21.1.RELEASE\plugins\org.eclipse.m2e.maven.runtime_3.9.500.20231113-2345\jars\httpcore-4.4.16.jar
2024-06-15 15:46:30,853 [Worker-18: Launching Executing clean in C__Users_USER_Desktop_react project_library-app_02-backend_spring-boot-library] INFO  o.eclipse.m2e.core.internal.Bundles - 	Entry: C:\Users\USER\Downloads\sts-4.21.1.RELEASE\plugins\org.eclipse.m2e.maven.runtime_3.9.500.20231113-2345\jars\jansi-2.4.0.jar
2024-06-15 15:46:30,853 [Worker-18: Launching Executing clean in C__Users_USER_Desktop_react project_library-app_02-backend_spring-boot-library] INFO  o.eclipse.m2e.core.internal.Bundles - 	Entry: C:\Users\USER\Downloads\sts-4.21.1.RELEASE\plugins\org.eclipse.m2e.maven.runtime_3.9.500.20231113-2345\jars\jcl-over-slf4j-1.7.36.jar
2024-06-15 15:46:30,853 [Worker-18: Launching Executing clean in C__Users_USER_Desktop_react project_library-app_02-backend_spring-boot-library] INFO  o.eclipse.m2e.core.internal.Bundles - 	Entry: C:\Users\USER\Downloads\sts-4.21.1.RELEASE\plugins\org.eclipse.m2e.maven.runtime_3.9.500.20231113-2345\jars\maven-artifact-3.9.5.jar
2024-06-15 15:46:30,854 [Worker-18: Launching Executing clean in C__Users_USER_Desktop_react project_library-app_02-backend_spring-boot-library] INFO  o.eclipse.m2e.core.internal.Bundles - 	Entry: C:\Users\USER\Downloads\sts-4.21.1.RELEASE\plugins\org.eclipse.m2e.maven.runtime_3.9.500.20231113-2345\jars\maven-builder-support-3.9.5.jar
2024-06-15 15:46:30,854 [Worker-18: Launching Executing clean in C__Users_USER_Desktop_react project_library-app_02-backend_spring-boot-library] INFO  o.eclipse.m2e.core.internal.Bundles - 	Entry: C:\Users\USER\Downloads\sts-4.21.1.RELEASE\plugins\org.eclipse.m2e.maven.runtime_3.9.500.20231113-2345\jars\maven-compat-3.9.5.jar
2024-06-15 15:46:30,854 [Worker-18: Launching Executing clean in C__Users_USER_Desktop_react project_library-app_02-backend_spring-boot-library] INFO  o.eclipse.m2e.core.internal.Bundles - 	Entry: C:\Users\USER\Downloads\sts-4.21.1.RELEASE\plugins\org.eclipse.m2e.maven.runtime_3.9.500.20231113-2345\jars\maven-core-3.9.5.jar
2024-06-15 15:46:30,855 [Worker-18: Launching Executing clean in C__Users_USER_Desktop_react project_library-app_02-backend_spring-boot-library] INFO  o.eclipse.m2e.core.internal.Bundles - 	Entry: C:\Users\USER\Downloads\sts-4.21.1.RELEASE\plugins\org.eclipse.m2e.maven.runtime_3.9.500.20231113-2345\jars\maven-embedder-3.9.5.jar
2024-06-15 15:46:30,855 [Worker-18: Launching Executing clean in C__Users_USER_Desktop_react project_library-app_02-backend_spring-boot-library] INFO  o.eclipse.m2e.core.internal.Bundles - 	Entry: C:\Users\USER\Downloads\sts-4.21.1.RELEASE\plugins\org.eclipse.m2e.maven.runtime_3.9.500.20231113-2345\jars\maven-model-3.9.5.jar
2024-06-15 15:46:30,856 [Worker-18: Launching Executing clean in C__Users_USER_Desktop_react project_library-app_02-backend_spring-boot-library] INFO  o.eclipse.m2e.core.internal.Bundles - 	Entry: C:\Users\USER\Downloads\sts-4.21.1.RELEASE\plugins\org.eclipse.m2e.maven.runtime_3.9.500.20231113-2345\jars\maven-model-builder-3.9.5.jar
2024-06-15 15:46:30,856 [Worker-18: Launching Executing clean in C__Users_USER_Desktop_react project_library-app_02-backend_spring-boot-library] INFO  o.eclipse.m2e.core.internal.Bundles - 	Entry: C:\Users\USER\Downloads\sts-4.21.1.RELEASE\plugins\org.eclipse.m2e.maven.runtime_3.9.500.20231113-2345\jars\maven-plugin-api-3.9.5.jar
2024-06-15 15:46:30,857 [Worker-18: Launching Executing clean in C__Users_USER_Desktop_react project_library-app_02-backend_spring-boot-library] INFO  o.eclipse.m2e.core.internal.Bundles - 	Entry: C:\Users\USER\Downloads\sts-4.21.1.RELEASE\plugins\org.eclipse.m2e.maven.runtime_3.9.500.20231113-2345\jars\maven-repository-metadata-3.9.5.jar
2024-06-15 15:46:30,857 [Worker-18: Launching Executing clean in C__Users_USER_Desktop_react project_library-app_02-backend_spring-boot-library] INFO  o.eclipse.m2e.core.internal.Bundles - 	Entry: C:\Users\USER\Downloads\sts-4.21.1.RELEASE\plugins\org.eclipse.m2e.maven.runtime_3.9.500.20231113-2345\jars\maven-resolver-api-1.9.16.jar
2024-06-15 15:46:30,857 [Worker-18: Launching Executing clean in C__Users_USER_Desktop_react project_library-app_02-backend_spring-boot-library] INFO  o.eclipse.m2e.core.internal.Bundles - 	Entry: C:\Users\USER\Downloads\sts-4.21.1.RELEASE\plugins\org.eclipse.m2e.maven.runtime_3.9.500.20231113-2345\jars\maven-resolver-connector-basic-1.9.16.jar
2024-06-15 15:46:30,858 [Worker-18: Launching Executing clean in C__Users_USER_Desktop_react project_library-app_02-backend_spring-boot-library] INFO  o.eclipse.m2e.core.internal.Bundles - 	Entry: C:\Users\USER\Downloads\sts-4.21.1.RELEASE\plugins\org.eclipse.m2e.maven.runtime_3.9.500.20231113-2345\jars\maven-resolver-impl-1.9.16.jar
2024-06-15 15:46:30,858 [Worker-18: Launching Executing clean in C__Users_USER_Desktop_react project_library-app_02-backend_spring-boot-library] INFO  o.eclipse.m2e.core.internal.Bundles - 	Entry: C:\Users\USER\Downloads\sts-4.21.1.RELEASE\plugins\org.eclipse.m2e.maven.runtime_3.9.500.20231113-2345\jars\maven-resolver-named-locks-1.9.16.jar
2024-06-15 15:46:30,858 [Worker-18: Launching Executing clean in C__Users_USER_Desktop_react project_library-app_02-backend_spring-boot-library] INFO  o.eclipse.m2e.core.internal.Bundles - 	Entry: C:\Users\USER\Downloads\sts-4.21.1.RELEASE\plugins\org.eclipse.m2e.maven.runtime_3.9.500.20231113-2345\jars\maven-resolver-provider-3.9.5.jar
2024-06-15 15:46:30,858 [Worker-18: Launching Executing clean in C__Users_USER_Desktop_react project_library-app_02-backend_spring-boot-library] INFO  o.eclipse.m2e.core.internal.Bundles - 	Entry: C:\Users\USER\Downloads\sts-4.21.1.RELEASE\plugins\org.eclipse.m2e.maven.runtime_3.9.500.20231113-2345\jars\maven-resolver-spi-1.9.16.jar
2024-06-15 15:46:30,858 [Worker-18: Launching Executing clean in C__Users_USER_Desktop_react project_library-app_02-backend_spring-boot-library] INFO  o.eclipse.m2e.core.internal.Bundles - 	Entry: C:\Users\USER\Downloads\sts-4.21.1.RELEASE\plugins\org.eclipse.m2e.maven.runtime_3.9.500.20231113-2345\jars\maven-resolver-transport-file-1.9.16.jar
2024-06-15 15:46:30,859 [Worker-18: Launching Executing clean in C__Users_USER_Desktop_react project_library-app_02-backend_spring-boot-library] INFO  o.eclipse.m2e.core.internal.Bundles - 	Entry: C:\Users\USER\Downloads\sts-4.21.1.RELEASE\plugins\org.eclipse.m2e.maven.runtime_3.9.500.20231113-2345\jars\maven-resolver-transport-http-1.9.16.jar
2024-06-15 15:46:30,859 [Worker-18: Launching Executing clean in C__Users_USER_Desktop_react project_library-app_02-backend_spring-boot-library] INFO  o.eclipse.m2e.core.internal.Bundles - 	Entry: C:\Users\USER\Downloads\sts-4.21.1.RELEASE\plugins\org.eclipse.m2e.maven.runtime_3.9.500.20231113-2345\jars\maven-resolver-transport-wagon-1.9.16.jar
2024-06-15 15:46:30,859 [Worker-18: Launching Executing clean in C__Users_USER_Desktop_react project_library-app_02-backend_spring-boot-library] INFO  o.eclipse.m2e.core.internal.Bundles - 	Entry: C:\Users\USER\Downloads\sts-4.21.1.RELEASE\plugins\org.eclipse.m2e.maven.runtime_3.9.500.20231113-2345\jars\maven-resolver-util-1.9.16.jar
2024-06-15 15:46:30,859 [Worker-18: Launching Executing clean in C__Users_USER_Desktop_react project_library-app_02-backend_spring-boot-library] INFO  o.eclipse.m2e.core.internal.Bundles - 	Entry: C:\Users\USER\Downloads\sts-4.21.1.RELEASE\plugins\org.eclipse.m2e.maven.runtime_3.9.500.20231113-2345\jars\maven-settings-3.9.5.jar
2024-06-15 15:46:30,859 [Worker-18: Launching Executing clean in C__Users_USER_Desktop_react project_library-app_02-backend_spring-boot-library] INFO  o.eclipse.m2e.core.internal.Bundles - 	Entry: C:\Users\USER\Downloads\sts-4.21.1.RELEASE\plugins\org.eclipse.m2e.maven.runtime_3.9.500.20231113-2345\jars\maven-settings-builder-3.9.5.jar
2024-06-15 15:46:30,860 [Worker-18: Launching Executing clean in C__Users_USER_Desktop_react project_library-app_02-backend_spring-boot-library] INFO  o.eclipse.m2e.core.internal.Bundles - 	Entry: C:\Users\USER\Downloads\sts-4.21.1.RELEASE\plugins\org.eclipse.m2e.maven.runtime_3.9.500.20231113-2345\jars\maven-shared-utils-3.3.4.jar
2024-06-15 15:46:30,860 [Worker-18: Launching Executing clean in C__Users_USER_Desktop_react project_library-app_02-backend_spring-boot-library] INFO  o.eclipse.m2e.core.internal.Bundles - 	Entry: C:\Users\USER\Downloads\sts-4.21.1.RELEASE\plugins\org.eclipse.m2e.maven.runtime_3.9.500.20231113-2345\jars\org.eclipse.sisu.inject-0.3.5.jar
2024-06-15 15:46:30,861 [Worker-18: Launching Executing clean in C__Users_USER_Desktop_react project_library-app_02-backend_spring-boot-library] INFO  o.eclipse.m2e.core.internal.Bundles - 	Entry: C:\Users\USER\Downloads\sts-4.21.1.RELEASE\plugins\org.eclipse.m2e.maven.runtime_3.9.500.20231113-2345\jars\org.eclipse.sisu.plexus-0.3.5.jar
2024-06-15 15:46:30,861 [Worker-18: Launching Executing clean in C__Users_USER_Desktop_react project_library-app_02-backend_spring-boot-library] INFO  o.eclipse.m2e.core.internal.Bundles - 	Entry: C:\Users\USER\Downloads\sts-4.21.1.RELEASE\plugins\org.eclipse.m2e.maven.runtime_3.9.500.20231113-2345\jars\plexus-build-api-0.0.7.jar
2024-06-15 15:46:30,861 [Worker-18: Launching Executing clean in C__Users_USER_Desktop_react project_library-app_02-backend_spring-boot-library] INFO  o.eclipse.m2e.core.internal.Bundles - 	Entry: C:\Users\USER\Downloads\sts-4.21.1.RELEASE\plugins\org.eclipse.m2e.maven.runtime_3.9.500.20231113-2345\jars\plexus-cipher-2.0.jar
2024-06-15 15:46:30,861 [Worker-18: Launching Executing clean in C__Users_USER_Desktop_react project_library-app_02-backend_spring-boot-library] INFO  o.eclipse.m2e.core.internal.Bundles - 	Entry: C:\Users\USER\Downloads\sts-4.21.1.RELEASE\plugins\org.eclipse.m2e.maven.runtime_3.9.500.20231113-2345\jars\plexus-classworlds-2.7.0.jar
2024-06-15 15:46:30,862 [Worker-18: Launching Executing clean in C__Users_USER_Desktop_react project_library-app_02-backend_spring-boot-library] INFO  o.eclipse.m2e.core.internal.Bundles - 	Entry: C:\Users\USER\Downloads\sts-4.21.1.RELEASE\plugins\org.eclipse.m2e.maven.runtime_3.9.500.20231113-2345\jars\plexus-component-annotations-2.1.0.jar
2024-06-15 15:46:30,862 [Worker-18: Launching Executing clean in C__Users_USER_Desktop_react project_library-app_02-backend_spring-boot-library] INFO  o.eclipse.m2e.core.internal.Bundles - 	Entry: C:\Users\USER\Downloads\sts-4.21.1.RELEASE\plugins\org.eclipse.m2e.maven.runtime_3.9.500.20231113-2345\jars\plexus-interpolation-1.26.jar
2024-06-15 15:46:30,862 [Worker-18: Launching Executing clean in C__Users_USER_Desktop_react project_library-app_02-backend_spring-boot-library] INFO  o.eclipse.m2e.core.internal.Bundles - 	Entry: C:\Users\USER\Downloads\sts-4.21.1.RELEASE\plugins\org.eclipse.m2e.maven.runtime_3.9.500.20231113-2345\jars\plexus-sec-dispatcher-2.0.jar
2024-06-15 15:46:30,862 [Worker-18: Launching Executing clean in C__Users_USER_Desktop_react project_library-app_02-backend_spring-boot-library] INFO  o.eclipse.m2e.core.internal.Bundles - 	Entry: C:\Users\USER\Downloads\sts-4.21.1.RELEASE\plugins\org.eclipse.m2e.maven.runtime_3.9.500.20231113-2345\jars\plexus-utils-3.5.1.jar
2024-06-15 15:46:30,863 [Worker-18: Launching Executing clean in C__Users_USER_Desktop_react project_library-app_02-backend_spring-boot-library] INFO  o.eclipse.m2e.core.internal.Bundles - 	Entry: C:\Users\USER\Downloads\sts-4.21.1.RELEASE\plugins\org.eclipse.m2e.maven.runtime_3.9.500.20231113-2345\jars\wagon-file-3.5.3.jar
2024-06-15 15:46:30,863 [Worker-18: Launching Executing clean in C__Users_USER_Desktop_react project_library-app_02-backend_spring-boot-library] INFO  o.eclipse.m2e.core.internal.Bundles - 	Entry: C:\Users\USER\Downloads\sts-4.21.1.RELEASE\plugins\org.eclipse.m2e.maven.runtime_3.9.500.20231113-2345\jars\wagon-http-3.5.3.jar
2024-06-15 15:46:30,863 [Worker-18: Launching Executing clean in C__Users_USER_Desktop_react project_library-app_02-backend_spring-boot-library] INFO  o.eclipse.m2e.core.internal.Bundles - 	Entry: C:\Users\USER\Downloads\sts-4.21.1.RELEASE\plugins\org.eclipse.m2e.maven.runtime_3.9.500.20231113-2345\jars\wagon-http-shared-3.5.3.jar
2024-06-15 15:46:30,863 [Worker-18: Launching Executing clean in C__Users_USER_Desktop_react project_library-app_02-backend_spring-boot-library] INFO  o.eclipse.m2e.core.internal.Bundles - 	Entry: C:\Users\USER\Downloads\sts-4.21.1.RELEASE\plugins\org.eclipse.m2e.maven.runtime_3.9.500.20231113-2345\jars\wagon-provider-api-3.5.3.jar
2024-06-15 15:46:30,865 [Worker-18: Launching Executing clean in C__Users_USER_Desktop_react project_library-app_02-backend_spring-boot-library] INFO  o.eclipse.m2e.core.internal.Bundles - getClasspathEntries(Bundle=com.google.guava_33.0.0.jre [25])
2024-06-15 15:46:30,866 [Worker-18: Launching Executing clean in C__Users_USER_Desktop_react project_library-app_02-backend_spring-boot-library] INFO  o.eclipse.m2e.core.internal.Bundles - 	Entry: C:\Users\USER\Downloads\sts-4.21.1.RELEASE\plugins\com.google.guava_33.0.0.jre.jar
2024-06-15 15:46:30,867 [Worker-18: Launching Executing clean in C__Users_USER_Desktop_react project_library-app_02-backend_spring-boot-library] INFO  o.eclipse.m2e.core.internal.Bundles - getClasspathEntries(Bundle=slf4j.api_2.0.9 [573])
2024-06-15 15:46:30,868 [Worker-18: Launching Executing clean in C__Users_USER_Desktop_react project_library-app_02-backend_spring-boot-library] INFO  o.eclipse.m2e.core.internal.Bundles - 	Entry: C:\Users\USER\Downloads\sts-4.21.1.RELEASE\plugins\slf4j.api_2.0.9.jar
2024-06-15 15:46:30,868 [Worker-18: Launching Executing clean in C__Users_USER_Desktop_react project_library-app_02-backend_spring-boot-library] INFO  o.eclipse.m2e.core.internal.Bundles - getClasspathEntries(Bundle=jakarta.inject.jakarta.inject-api_1.0.5 [41])
2024-06-15 15:46:30,869 [Worker-18: Launching Executing clean in C__Users_USER_Desktop_react project_library-app_02-backend_spring-boot-library] INFO  o.eclipse.m2e.core.internal.Bundles - 	Entry: C:\Users\USER\Downloads\sts-4.21.1.RELEASE\plugins\jakarta.inject.jakarta.inject-api_1.0.5.jar
2024-06-15 15:46:30,869 [Worker-18: Launching Executing clean in C__Users_USER_Desktop_react project_library-app_02-backend_spring-boot-library] INFO  o.eclipse.m2e.core.internal.Bundles - getClasspathEntries(Bundle=jakarta.annotation-api_1.3.5 [37])
2024-06-15 15:46:30,870 [Worker-18: Launching Executing clean in C__Users_USER_Desktop_react project_library-app_02-backend_spring-boot-library] INFO  o.eclipse.m2e.core.internal.Bundles - 	Entry: C:\Users\USER\Downloads\sts-4.21.1.RELEASE\plugins\jakarta.annotation-api_1.3.5.jar
2024-06-15 15:46:30,871 [Worker-18: Launching Executing clean in C__Users_USER_Desktop_react project_library-app_02-backend_spring-boot-library] INFO  o.eclipse.m2e.core.internal.Bundles - getClasspathEntries(Bundle=org.apache.commons.cli_1.6.0 [71])
2024-06-15 15:46:30,871 [Worker-18: Launching Executing clean in C__Users_USER_Desktop_react project_library-app_02-backend_spring-boot-library] INFO  o.eclipse.m2e.core.internal.Bundles - 	Entry: C:\Users\USER\Downloads\sts-4.21.1.RELEASE\plugins\org.apache.commons.cli_1.6.0.jar
2024-06-15 15:46:30,872 [Worker-18: Launching Executing clean in C__Users_USER_Desktop_react project_library-app_02-backend_spring-boot-library] INFO  o.eclipse.m2e.core.internal.Bundles - getClasspathEntries(Bundle=org.apache.commons.commons-codec_1.16.0 [73])
2024-06-15 15:46:30,873 [Worker-18: Launching Executing clean in C__Users_USER_Desktop_react project_library-app_02-backend_spring-boot-library] INFO  o.eclipse.m2e.core.internal.Bundles - 	Entry: C:\Users\USER\Downloads\sts-4.21.1.RELEASE\plugins\org.apache.commons.commons-codec_1.16.0.jar
2024-06-15 15:46:30,873 [Worker-18: Launching Executing clean in C__Users_USER_Desktop_react project_library-app_02-backend_spring-boot-library] INFO  o.eclipse.m2e.core.internal.Bundles - getClasspathEntries(Bundle=org.apache.commons.lang3_3.13.0 [77])
2024-06-15 15:46:30,874 [Worker-18: Launching Executing clean in C__Users_USER_Desktop_react project_library-app_02-backend_spring-boot-library] INFO  o.eclipse.m2e.core.internal.Bundles - 	Entry: C:\Users\USER\Downloads\sts-4.21.1.RELEASE\plugins\org.apache.commons.lang3_3.13.0.jar
2024-06-15 15:46:30,874 [Worker-18: Launching Executing clean in C__Users_USER_Desktop_react project_library-app_02-backend_spring-boot-library] INFO  o.eclipse.m2e.core.internal.Bundles - getClasspathEntries(Bundle=com.google.guava.failureaccess_1.0.2 [27])
2024-06-15 15:46:30,874 [Worker-18: Launching Executing clean in C__Users_USER_Desktop_react project_library-app_02-backend_spring-boot-library] INFO  o.eclipse.m2e.core.internal.Bundles - 	Entry: C:\Users\USER\Downloads\sts-4.21.1.RELEASE\plugins\com.google.guava.failureaccess_1.0.2.jar
2024-06-15 15:46:30,880 [Worker-18: Launching Executing clean in C__Users_USER_Desktop_react project_library-app_02-backend_spring-boot-library] INFO  o.e.m.i.launch.MavenLaunchDelegate - Run build in "C:\Users\USER\Desktop\react project\library-app\02-backend\spring-boot-library":
2024-06-15 15:46:30,881 [Worker-18: Launching Executing clean in C__Users_USER_Desktop_react project_library-app_02-backend_spring-boot-library] INFO  o.e.m.i.launch.MavenLaunchDelegate -  mvn  -Ppom.xml -B -Dstyle.color=always clean
2024-06-15 15:47:41,332 [Worker-25: Launching Executing install in C__Users_USER_Desktop_react project_library-app_02-backend_spring-boot-library] INFO  o.eclipse.m2e.core.internal.Bundles - getClasspathEntries(Bundle=org.eclipse.m2e.maven.runtime_3.9.500.20231113-2345 [346])
2024-06-15 15:47:41,333 [Worker-25: Launching Executing install in C__Users_USER_Desktop_react project_library-app_02-backend_spring-boot-library] INFO  o.eclipse.m2e.core.internal.Bundles - 	Entry: C:\Users\USER\Downloads\sts-4.21.1.RELEASE\plugins\org.eclipse.m2e.maven.runtime_3.9.500.20231113-2345
2024-06-15 15:47:41,333 [Worker-25: Launching Executing install in C__Users_USER_Desktop_react project_library-app_02-backend_spring-boot-library] INFO  o.eclipse.m2e.core.internal.Bundles - 	Entry: C:\Users\USER\Downloads\sts-4.21.1.RELEASE\plugins\org.eclipse.m2e.maven.runtime_3.9.500.20231113-2345\jars\aopalliance-1.0.jar
2024-06-15 15:47:41,333 [Worker-25: Launching Executing install in C__Users_USER_Desktop_react project_library-app_02-backend_spring-boot-library] INFO  o.eclipse.m2e.core.internal.Bundles - 	Entry: C:\Users\USER\Downloads\sts-4.21.1.RELEASE\plugins\org.eclipse.m2e.maven.runtime_3.9.500.20231113-2345\jars\guice-5.1.0.jar
2024-06-15 15:47:41,333 [Worker-25: Launching Executing install in C__Users_USER_Desktop_react project_library-app_02-backend_spring-boot-library] INFO  o.eclipse.m2e.core.internal.Bundles - 	Entry: C:\Users\USER\Downloads\sts-4.21.1.RELEASE\plugins\org.eclipse.m2e.maven.runtime_3.9.500.20231113-2345\jars\httpclient-4.5.14.jar
2024-06-15 15:47:41,334 [Worker-25: Launching Executing install in C__Users_USER_Desktop_react project_library-app_02-backend_spring-boot-library] INFO  o.eclipse.m2e.core.internal.Bundles - 	Entry: C:\Users\USER\Downloads\sts-4.21.1.RELEASE\plugins\org.eclipse.m2e.maven.runtime_3.9.500.20231113-2345\jars\httpcore-4.4.16.jar
2024-06-15 15:47:41,334 [Worker-25: Launching Executing install in C__Users_USER_Desktop_react project_library-app_02-backend_spring-boot-library] INFO  o.eclipse.m2e.core.internal.Bundles - 	Entry: C:\Users\USER\Downloads\sts-4.21.1.RELEASE\plugins\org.eclipse.m2e.maven.runtime_3.9.500.20231113-2345\jars\jansi-2.4.0.jar
2024-06-15 15:47:41,334 [Worker-25: Launching Executing install in C__Users_USER_Desktop_react project_library-app_02-backend_spring-boot-library] INFO  o.eclipse.m2e.core.internal.Bundles - 	Entry: C:\Users\USER\Downloads\sts-4.21.1.RELEASE\plugins\org.eclipse.m2e.maven.runtime_3.9.500.20231113-2345\jars\jcl-over-slf4j-1.7.36.jar
2024-06-15 15:47:41,335 [Worker-25: Launching Executing install in C__Users_USER_Desktop_react project_library-app_02-backend_spring-boot-library] INFO  o.eclipse.m2e.core.internal.Bundles - 	Entry: C:\Users\USER\Downloads\sts-4.21.1.RELEASE\plugins\org.eclipse.m2e.maven.runtime_3.9.500.20231113-2345\jars\maven-artifact-3.9.5.jar
2024-06-15 15:47:41,335 [Worker-25: Launching Executing install in C__Users_USER_Desktop_react project_library-app_02-backend_spring-boot-library] INFO  o.eclipse.m2e.core.internal.Bundles - 	Entry: C:\Users\USER\Downloads\sts-4.21.1.RELEASE\plugins\org.eclipse.m2e.maven.runtime_3.9.500.20231113-2345\jars\maven-builder-support-3.9.5.jar
2024-06-15 15:47:41,335 [Worker-25: Launching Executing install in C__Users_USER_Desktop_react project_library-app_02-backend_spring-boot-library] INFO  o.eclipse.m2e.core.internal.Bundles - 	Entry: C:\Users\USER\Downloads\sts-4.21.1.RELEASE\plugins\org.eclipse.m2e.maven.runtime_3.9.500.20231113-2345\jars\maven-compat-3.9.5.jar
2024-06-15 15:47:41,335 [Worker-25: Launching Executing install in C__Users_USER_Desktop_react project_library-app_02-backend_spring-boot-library] INFO  o.eclipse.m2e.core.internal.Bundles - 	Entry: C:\Users\USER\Downloads\sts-4.21.1.RELEASE\plugins\org.eclipse.m2e.maven.runtime_3.9.500.20231113-2345\jars\maven-core-3.9.5.jar
2024-06-15 15:47:41,335 [Worker-25: Launching Executing install in C__Users_USER_Desktop_react project_library-app_02-backend_spring-boot-library] INFO  o.eclipse.m2e.core.internal.Bundles - 	Entry: C:\Users\USER\Downloads\sts-4.21.1.RELEASE\plugins\org.eclipse.m2e.maven.runtime_3.9.500.20231113-2345\jars\maven-embedder-3.9.5.jar
2024-06-15 15:47:41,335 [Worker-25: Launching Executing install in C__Users_USER_Desktop_react project_library-app_02-backend_spring-boot-library] INFO  o.eclipse.m2e.core.internal.Bundles - 	Entry: C:\Users\USER\Downloads\sts-4.21.1.RELEASE\plugins\org.eclipse.m2e.maven.runtime_3.9.500.20231113-2345\jars\maven-model-3.9.5.jar
2024-06-15 15:47:41,335 [Worker-25: Launching Executing install in C__Users_USER_Desktop_react project_library-app_02-backend_spring-boot-library] INFO  o.eclipse.m2e.core.internal.Bundles - 	Entry: C:\Users\USER\Downloads\sts-4.21.1.RELEASE\plugins\org.eclipse.m2e.maven.runtime_3.9.500.20231113-2345\jars\maven-model-builder-3.9.5.jar
2024-06-15 15:47:41,336 [Worker-25: Launching Executing install in C__Users_USER_Desktop_react project_library-app_02-backend_spring-boot-library] INFO  o.eclipse.m2e.core.internal.Bundles - 	Entry: C:\Users\USER\Downloads\sts-4.21.1.RELEASE\plugins\org.eclipse.m2e.maven.runtime_3.9.500.20231113-2345\jars\maven-plugin-api-3.9.5.jar
2024-06-15 15:47:41,336 [Worker-25: Launching Executing install in C__Users_USER_Desktop_react project_library-app_02-backend_spring-boot-library] INFO  o.eclipse.m2e.core.internal.Bundles - 	Entry: C:\Users\USER\Downloads\sts-4.21.1.RELEASE\plugins\org.eclipse.m2e.maven.runtime_3.9.500.20231113-2345\jars\maven-repository-metadata-3.9.5.jar
2024-06-15 15:47:41,336 [Worker-25: Launching Executing install in C__Users_USER_Desktop_react project_library-app_02-backend_spring-boot-library] INFO  o.eclipse.m2e.core.internal.Bundles - 	Entry: C:\Users\USER\Downloads\sts-4.21.1.RELEASE\plugins\org.eclipse.m2e.maven.runtime_3.9.500.20231113-2345\jars\maven-resolver-api-1.9.16.jar
2024-06-15 15:47:41,336 [Worker-25: Launching Executing install in C__Users_USER_Desktop_react project_library-app_02-backend_spring-boot-library] INFO  o.eclipse.m2e.core.internal.Bundles - 	Entry: C:\Users\USER\Downloads\sts-4.21.1.RELEASE\plugins\org.eclipse.m2e.maven.runtime_3.9.500.20231113-2345\jars\maven-resolver-connector-basic-1.9.16.jar
2024-06-15 15:47:41,336 [Worker-25: Launching Executing install in C__Users_USER_Desktop_react project_library-app_02-backend_spring-boot-library] INFO  o.eclipse.m2e.core.internal.Bundles - 	Entry: C:\Users\USER\Downloads\sts-4.21.1.RELEASE\plugins\org.eclipse.m2e.maven.runtime_3.9.500.20231113-2345\jars\maven-resolver-impl-1.9.16.jar
2024-06-15 15:47:41,336 [Worker-25: Launching Executing install in C__Users_USER_Desktop_react project_library-app_02-backend_spring-boot-library] INFO  o.eclipse.m2e.core.internal.Bundles - 	Entry: C:\Users\USER\Downloads\sts-4.21.1.RELEASE\plugins\org.eclipse.m2e.maven.runtime_3.9.500.20231113-2345\jars\maven-resolver-named-locks-1.9.16.jar
2024-06-15 15:47:41,337 [Worker-25: Launching Executing install in C__Users_USER_Desktop_react project_library-app_02-backend_spring-boot-library] INFO  o.eclipse.m2e.core.internal.Bundles - 	Entry: C:\Users\USER\Downloads\sts-4.21.1.RELEASE\plugins\org.eclipse.m2e.maven.runtime_3.9.500.20231113-2345\jars\maven-resolver-provider-3.9.5.jar
2024-06-15 15:47:41,337 [Worker-25: Launching Executing install in C__Users_USER_Desktop_react project_library-app_02-backend_spring-boot-library] INFO  o.eclipse.m2e.core.internal.Bundles - 	Entry: C:\Users\USER\Downloads\sts-4.21.1.RELEASE\plugins\org.eclipse.m2e.maven.runtime_3.9.500.20231113-2345\jars\maven-resolver-spi-1.9.16.jar
2024-06-15 15:47:41,337 [Worker-25: Launching Executing install in C__Users_USER_Desktop_react project_library-app_02-backend_spring-boot-library] INFO  o.eclipse.m2e.core.internal.Bundles - 	Entry: C:\Users\USER\Downloads\sts-4.21.1.RELEASE\plugins\org.eclipse.m2e.maven.runtime_3.9.500.20231113-2345\jars\maven-resolver-transport-file-1.9.16.jar
2024-06-15 15:47:41,337 [Worker-25: Launching Executing install in C__Users_USER_Desktop_react project_library-app_02-backend_spring-boot-library] INFO  o.eclipse.m2e.core.internal.Bundles - 	Entry: C:\Users\USER\Downloads\sts-4.21.1.RELEASE\plugins\org.eclipse.m2e.maven.runtime_3.9.500.20231113-2345\jars\maven-resolver-transport-http-1.9.16.jar
2024-06-15 15:47:41,338 [Worker-25: Launching Executing install in C__Users_USER_Desktop_react project_library-app_02-backend_spring-boot-library] INFO  o.eclipse.m2e.core.internal.Bundles - 	Entry: C:\Users\USER\Downloads\sts-4.21.1.RELEASE\plugins\org.eclipse.m2e.maven.runtime_3.9.500.20231113-2345\jars\maven-resolver-transport-wagon-1.9.16.jar
2024-06-15 15:47:41,338 [Worker-25: Launching Executing install in C__Users_USER_Desktop_react project_library-app_02-backend_spring-boot-library] INFO  o.eclipse.m2e.core.internal.Bundles - 	Entry: C:\Users\USER\Downloads\sts-4.21.1.RELEASE\plugins\org.eclipse.m2e.maven.runtime_3.9.500.20231113-2345\jars\maven-resolver-util-1.9.16.jar
2024-06-15 15:47:41,338 [Worker-25: Launching Executing install in C__Users_USER_Desktop_react project_library-app_02-backend_spring-boot-library] INFO  o.eclipse.m2e.core.internal.Bundles - 	Entry: C:\Users\USER\Downloads\sts-4.21.1.RELEASE\plugins\org.eclipse.m2e.maven.runtime_3.9.500.20231113-2345\jars\maven-settings-3.9.5.jar
2024-06-15 15:47:41,338 [Worker-25: Launching Executing install in C__Users_USER_Desktop_react project_library-app_02-backend_spring-boot-library] INFO  o.eclipse.m2e.core.internal.Bundles - 	Entry: C:\Users\USER\Downloads\sts-4.21.1.RELEASE\plugins\org.eclipse.m2e.maven.runtime_3.9.500.20231113-2345\jars\maven-settings-builder-3.9.5.jar
2024-06-15 15:47:41,338 [Worker-25: Launching Executing install in C__Users_USER_Desktop_react project_library-app_02-backend_spring-boot-library] INFO  o.eclipse.m2e.core.internal.Bundles - 	Entry: C:\Users\USER\Downloads\sts-4.21.1.RELEASE\plugins\org.eclipse.m2e.maven.runtime_3.9.500.20231113-2345\jars\maven-shared-utils-3.3.4.jar
2024-06-15 15:47:41,338 [Worker-25: Launching Executing install in C__Users_USER_Desktop_react project_library-app_02-backend_spring-boot-library] INFO  o.eclipse.m2e.core.internal.Bundles - 	Entry: C:\Users\USER\Downloads\sts-4.21.1.RELEASE\plugins\org.eclipse.m2e.maven.runtime_3.9.500.20231113-2345\jars\org.eclipse.sisu.inject-0.3.5.jar
2024-06-15 15:47:41,339 [Worker-25: Launching Executing install in C__Users_USER_Desktop_react project_library-app_02-backend_spring-boot-library] INFO  o.eclipse.m2e.core.internal.Bundles - 	Entry: C:\Users\USER\Downloads\sts-4.21.1.RELEASE\plugins\org.eclipse.m2e.maven.runtime_3.9.500.20231113-2345\jars\org.eclipse.sisu.plexus-0.3.5.jar
2024-06-15 15:47:41,339 [Worker-25: Launching Executing install in C__Users_USER_Desktop_react project_library-app_02-backend_spring-boot-library] INFO  o.eclipse.m2e.core.internal.Bundles - 	Entry: C:\Users\USER\Downloads\sts-4.21.1.RELEASE\plugins\org.eclipse.m2e.maven.runtime_3.9.500.20231113-2345\jars\plexus-build-api-0.0.7.jar
2024-06-15 15:47:41,339 [Worker-25: Launching Executing install in C__Users_USER_Desktop_react project_library-app_02-backend_spring-boot-library] INFO  o.eclipse.m2e.core.internal.Bundles - 	Entry: C:\Users\USER\Downloads\sts-4.21.1.RELEASE\plugins\org.eclipse.m2e.maven.runtime_3.9.500.20231113-2345\jars\plexus-cipher-2.0.jar
2024-06-15 15:47:41,340 [Worker-25: Launching Executing install in C__Users_USER_Desktop_react project_library-app_02-backend_spring-boot-library] INFO  o.eclipse.m2e.core.internal.Bundles - 	Entry: C:\Users\USER\Downloads\sts-4.21.1.RELEASE\plugins\org.eclipse.m2e.maven.runtime_3.9.500.20231113-2345\jars\plexus-classworlds-2.7.0.jar
2024-06-15 15:47:41,340 [Worker-25: Launching Executing install in C__Users_USER_Desktop_react project_library-app_02-backend_spring-boot-library] INFO  o.eclipse.m2e.core.internal.Bundles - 	Entry: C:\Users\USER\Downloads\sts-4.21.1.RELEASE\plugins\org.eclipse.m2e.maven.runtime_3.9.500.20231113-2345\jars\plexus-component-annotations-2.1.0.jar
2024-06-15 15:47:41,340 [Worker-25: Launching Executing install in C__Users_USER_Desktop_react project_library-app_02-backend_spring-boot-library] INFO  o.eclipse.m2e.core.internal.Bundles - 	Entry: C:\Users\USER\Downloads\sts-4.21.1.RELEASE\plugins\org.eclipse.m2e.maven.runtime_3.9.500.20231113-2345\jars\plexus-interpolation-1.26.jar
2024-06-15 15:47:41,340 [Worker-25: Launching Executing install in C__Users_USER_Desktop_react project_library-app_02-backend_spring-boot-library] INFO  o.eclipse.m2e.core.internal.Bundles - 	Entry: C:\Users\USER\Downloads\sts-4.21.1.RELEASE\plugins\org.eclipse.m2e.maven.runtime_3.9.500.20231113-2345\jars\plexus-sec-dispatcher-2.0.jar
2024-06-15 15:47:41,340 [Worker-25: Launching Executing install in C__Users_USER_Desktop_react project_library-app_02-backend_spring-boot-library] INFO  o.eclipse.m2e.core.internal.Bundles - 	Entry: C:\Users\USER\Downloads\sts-4.21.1.RELEASE\plugins\org.eclipse.m2e.maven.runtime_3.9.500.20231113-2345\jars\plexus-utils-3.5.1.jar
2024-06-15 15:47:41,341 [Worker-25: Launching Executing install in C__Users_USER_Desktop_react project_library-app_02-backend_spring-boot-library] INFO  o.eclipse.m2e.core.internal.Bundles - 	Entry: C:\Users\USER\Downloads\sts-4.21.1.RELEASE\plugins\org.eclipse.m2e.maven.runtime_3.9.500.20231113-2345\jars\wagon-file-3.5.3.jar
2024-06-15 15:47:41,341 [Worker-25: Launching Executing install in C__Users_USER_Desktop_react project_library-app_02-backend_spring-boot-library] INFO  o.eclipse.m2e.core.internal.Bundles - 	Entry: C:\Users\USER\Downloads\sts-4.21.1.RELEASE\plugins\org.eclipse.m2e.maven.runtime_3.9.500.20231113-2345\jars\wagon-http-3.5.3.jar
2024-06-15 15:47:41,341 [Worker-25: Launching Executing install in C__Users_USER_Desktop_react project_library-app_02-backend_spring-boot-library] INFO  o.eclipse.m2e.core.internal.Bundles - 	Entry: C:\Users\USER\Downloads\sts-4.21.1.RELEASE\plugins\org.eclipse.m2e.maven.runtime_3.9.500.20231113-2345\jars\wagon-http-shared-3.5.3.jar
2024-06-15 15:47:41,341 [Worker-25: Launching Executing install in C__Users_USER_Desktop_react project_library-app_02-backend_spring-boot-library] INFO  o.eclipse.m2e.core.internal.Bundles - 	Entry: C:\Users\USER\Downloads\sts-4.21.1.RELEASE\plugins\org.eclipse.m2e.maven.runtime_3.9.500.20231113-2345\jars\wagon-provider-api-3.5.3.jar
2024-06-15 15:47:41,341 [Worker-25: Launching Executing install in C__Users_USER_Desktop_react project_library-app_02-backend_spring-boot-library] INFO  o.eclipse.m2e.core.internal.Bundles - getClasspathEntries(Bundle=com.google.guava_33.0.0.jre [25])
2024-06-15 15:47:41,342 [Worker-25: Launching Executing install in C__Users_USER_Desktop_react project_library-app_02-backend_spring-boot-library] INFO  o.eclipse.m2e.core.internal.Bundles - 	Entry: C:\Users\USER\Downloads\sts-4.21.1.RELEASE\plugins\com.google.guava_33.0.0.jre.jar
2024-06-15 15:47:41,342 [Worker-25: Launching Executing install in C__Users_USER_Desktop_react project_library-app_02-backend_spring-boot-library] INFO  o.eclipse.m2e.core.internal.Bundles - getClasspathEntries(Bundle=slf4j.api_2.0.9 [573])
2024-06-15 15:47:41,343 [Worker-25: Launching Executing install in C__Users_USER_Desktop_react project_library-app_02-backend_spring-boot-library] INFO  o.eclipse.m2e.core.internal.Bundles - 	Entry: C:\Users\USER\Downloads\sts-4.21.1.RELEASE\plugins\slf4j.api_2.0.9.jar
2024-06-15 15:47:41,344 [Worker-25: Launching Executing install in C__Users_USER_Desktop_react project_library-app_02-backend_spring-boot-library] INFO  o.eclipse.m2e.core.internal.Bundles - getClasspathEntries(Bundle=jakarta.inject.jakarta.inject-api_1.0.5 [41])
2024-06-15 15:47:41,344 [Worker-25: Launching Executing install in C__Users_USER_Desktop_react project_library-app_02-backend_spring-boot-library] INFO  o.eclipse.m2e.core.internal.Bundles - 	Entry: C:\Users\USER\Downloads\sts-4.21.1.RELEASE\plugins\jakarta.inject.jakarta.inject-api_1.0.5.jar
2024-06-15 15:47:41,345 [Worker-25: Launching Executing install in C__Users_USER_Desktop_react project_library-app_02-backend_spring-boot-library] INFO  o.eclipse.m2e.core.internal.Bundles - getClasspathEntries(Bundle=jakarta.annotation-api_1.3.5 [37])
2024-06-15 15:47:41,345 [Worker-25: Launching Executing install in C__Users_USER_Desktop_react project_library-app_02-backend_spring-boot-library] INFO  o.eclipse.m2e.core.internal.Bundles - 	Entry: C:\Users\USER\Downloads\sts-4.21.1.RELEASE\plugins\jakarta.annotation-api_1.3.5.jar
2024-06-15 15:47:41,345 [Worker-25: Launching Executing install in C__Users_USER_Desktop_react project_library-app_02-backend_spring-boot-library] INFO  o.eclipse.m2e.core.internal.Bundles - getClasspathEntries(Bundle=org.apache.commons.cli_1.6.0 [71])
2024-06-15 15:47:41,346 [Worker-25: Launching Executing install in C__Users_USER_Desktop_react project_library-app_02-backend_spring-boot-library] INFO  o.eclipse.m2e.core.internal.Bundles - 	Entry: C:\Users\USER\Downloads\sts-4.21.1.RELEASE\plugins\org.apache.commons.cli_1.6.0.jar
2024-06-15 15:47:41,347 [Worker-25: Launching Executing install in C__Users_USER_Desktop_react project_library-app_02-backend_spring-boot-library] INFO  o.eclipse.m2e.core.internal.Bundles - getClasspathEntries(Bundle=org.apache.commons.commons-codec_1.16.0 [73])
2024-06-15 15:47:41,347 [Worker-25: Launching Executing install in C__Users_USER_Desktop_react project_library-app_02-backend_spring-boot-library] INFO  o.eclipse.m2e.core.internal.Bundles - 	Entry: C:\Users\USER\Downloads\sts-4.21.1.RELEASE\plugins\org.apache.commons.commons-codec_1.16.0.jar
2024-06-15 15:47:41,347 [Worker-25: Launching Executing install in C__Users_USER_Desktop_react project_library-app_02-backend_spring-boot-library] INFO  o.eclipse.m2e.core.internal.Bundles - getClasspathEntries(Bundle=org.apache.commons.lang3_3.13.0 [77])
2024-06-15 15:47:41,348 [Worker-25: Launching Executing install in C__Users_USER_Desktop_react project_library-app_02-backend_spring-boot-library] INFO  o.eclipse.m2e.core.internal.Bundles - 	Entry: C:\Users\USER\Downloads\sts-4.21.1.RELEASE\plugins\org.apache.commons.lang3_3.13.0.jar
2024-06-15 15:47:41,348 [Worker-25: Launching Executing install in C__Users_USER_Desktop_react project_library-app_02-backend_spring-boot-library] INFO  o.eclipse.m2e.core.internal.Bundles - getClasspathEntries(Bundle=com.google.guava.failureaccess_1.0.2 [27])
2024-06-15 15:47:41,349 [Worker-25: Launching Executing install in C__Users_USER_Desktop_react project_library-app_02-backend_spring-boot-library] INFO  o.eclipse.m2e.core.internal.Bundles - 	Entry: C:\Users\USER\Downloads\sts-4.21.1.RELEASE\plugins\com.google.guava.failureaccess_1.0.2.jar
2024-06-15 15:47:41,350 [Worker-25: Launching Executing install in C__Users_USER_Desktop_react project_library-app_02-backend_spring-boot-library] INFO  o.e.m.i.launch.MavenLaunchDelegate - Run build in "C:\Users\USER\Desktop\react project\library-app\02-backend\spring-boot-library":
2024-06-15 15:47:41,351 [Worker-25: Launching Executing install in C__Users_USER_Desktop_react project_library-app_02-backend_spring-boot-library] INFO  o.e.m.i.launch.MavenLaunchDelegate -  mvn  -Ppom.xml -B -Dstyle.color=always install
2024-06-16 14:30:01,018 [Worker-5: Loading available Gradle versions] INFO  o.e.b.c.i.u.g.PublishedGradleVersions - Gradle version information cache is up-to-date. Trying to read.
